fecha,MEXTRAC,IPC,AC,ALPEKA,ALSEA,AMXB,ASURB,BBAJIOO,BIMBOA,BOLSAA,CEMEXCPO,CHDRAUIB,CUERVO,FEMSAUBD,GAPB,GCARSOA1,GCC,GENTERA,GFINBURO,GFNORTEO,GMEXICOB,GRUMAB,KIMBERA,KOFUBL,LABB,LACOMERUBC,LIVEPOLC1,MEGACPO,OMAB,ORBIA,PINFRA,Q,RA,SIGMAFA,TLEVISACPO,VESTA,VOLARA,WALMEX
2021-09-13,,51496.71,122.56,22.73,40.54,18.85,360.2,38.58,51.3,41.7,15.21,31.85,48.86,171.6,215.6505,66.89,155.01,11.39,17.71,127.32,85.8077,233.76,34.7,113.0,20.71,35.4417,86.01,68.5,121.34,55.4,148.66,97.34,119.5,9.9131,46.4875,36.18,41.59,71.65
2021-09-14,,51815.17,124.31,22.91,40.61,18.92,361.44,38.75,55.3,42.14,15.26,32.02,48.69,174.61,214.408,69.51,154.15,11.17,17.64,128.99,86.9419,237.59,35.38,115.0,20.85,35.8048,86.71,68.59,120.04,54.9,147.13,97.4,118.24,9.8183,46.3546,36.33,42.08,71.64
2021-09-15,44.36,52192.33,123.98,22.57,40.8,18.79,358.12,38.88,56.26,42.05,15.1,31.8,46.49,177.75,216.4758,75.3,154.31,11.52,17.92,130.68,88.2352,236.77,35.86,115.76,20.62,35.5398,85.89,68.4,121.52,54.92,147.71,96.91,118.29,10.1317,47.5417,36.8,42.76,71.42
2021-09-17,44.1,51307.71,123.42,22.4,40.77,18.2,370.16,34.7,56.0,41.27,14.55,32.04,44.75,174.15,214.8252,75.02,150.76,11.37,18.1,126.01,84.6935,238.6,37.27,114.08,20.9,34.4801,89.88,65.92,119.5,52.46,143.44,98.84,114.89,10.1682,47.5132,36.69,43.23,72.77
2021-09-20,43.45,50557.65,124.3,21.83,39.95,18.04,356.17,35.88,57.58,40.98,14.23,32.09,45.35,173.78,212.7017,73.4,146.99,11.38,18.02,123.07,81.7685,239.45,36.13,114.0,20.34,35.2945,85.7,65.5,119.15,50.0,143.67,96.53,112.76,10.2119,45.9272,35.75,43.2,71.24
2021-09-21,43.49,50828.13,124.98,22.23,41.12,18.12,361.61,36.0,57.9,40.27,14.35,32.54,45.95,174.01,214.8531,72.99,145.71,11.01,17.9,122.95,82.5744,242.47,35.04,114.61,20.17,35.5693,85.07,65.25,117.85,49.1,143.89,96.16,112.85,10.3431,46.1836,35.56,44.65,72.79
2021-09-22,43.78,51338.34,125.2,22.14,42.42,18.32,366.98,36.67,58.1,40.16,14.71,33.16,45.65,176.3,217.1342,72.12,149.0,11.11,18.49,126.18,82.654,242.51,34.9,115.38,20.32,36.1089,86.52,67.64,118.0,49.92,144.32,96.35,114.88,10.3868,46.9244,35.6,45.78,73.01
2021-09-23,43.66,51464.27,124.26,22.71,42.2,18.2,374.15,37.0,58.02,40.0,15.12,34.8,44.11,178.27,219.8882,73.1,151.0,11.28,18.79,126.0,82.9126,241.9,33.88,115.15,19.92,36.315,89.24,65.8,120.54,50.34,144.5,95.15,113.98,10.3212,46.3451,35.95,45.6,72.35
2021-09-24,,51105.71,123.35,22.94,42.0,18.04,380.54,37.46,56.41,39.58,14.79,34.11,44.3,177.85,226.0775,72.01,148.11,11.35,18.84,128.8,81.5994,232.58,33.66,115.69,19.86,35.7753,90.5,65.87,120.42,50.24,145.4,94.53,116.33,10.3504,44.854,35.69,44.78,71.65
2021-09-27,43.66,51598.53,123.3,22.92,42.35,18.12,384.08,38.34,56.29,39.84,15.19,33.8,44.4,178.01,225.3201,72.02,154.0,11.96,19.25,132.52,81.7387,233.9,33.6,116.22,19.99,35.7165,88.5,65.68,121.3,51.8,143.68,94.81,118.84,10.4524,44.4837,35.98,45.5,73.0
2021-09-28,43.4,50925.52,125.0,23.49,41.6,17.94,380.69,38.26,55.49,39.53,14.87,34.01,44.69,179.1,226.5665,69.87,153.8,12.3,19.0,130.15,79.8086,232.06,33.06,115.54,19.65,35.3043,86.79,64.15,121.45,52.61,143.0,94.87,119.5,10.3941,43.2965,35.63,44.78,70.78
2021-09-29,43.34,51084.61,125.0,23.43,41.8,18.08,375.4,38.35,57.71,39.39,14.66,34.78,44.12,179.72,228.1868,68.29,154.06,12.2,19.26,132.13,79.6793,231.01,33.05,116.54,19.16,34.6077,85.84,63.5,120.68,52.71,142.14,92.7,116.38,10.5253,43.534,35.9,45.75,71.36
2021-09-30,43.49,51385.55,125.68,23.32,41.56,18.27,385.05,39.13,58.01,39.54,14.91,35.8,44.56,179.07,230.1044,71.45,154.28,11.97,19.44,132.29,81.6591,235.94,33.9,116.52,19.6,34.2839,84.78,62.89,121.39,52.99,142.66,94.94,118.12,10.4452,43.1351,36.06,45.17,69.95
2021-10-01,,51060.05,124.28,24.0,41.98,18.06,384.98,39.5,56.91,39.38,14.71,36.25,44.99,176.04,233.9682,70.04,153.45,12.05,19.5,133.28,80.0872,235.01,33.63,113.91,19.26,33.6068,84.19,61.03,120.67,52.79,141.15,95.21,118.0,10.6857,43.496,35.83,45.65,70.11
2021-10-04,,50862.94,124.47,23.51,40.93,18.07,384.35,38.62,57.7,38.61,14.47,36.36,45.35,176.17,235.8761,71.03,152.3,12.28,19.59,134.25,79.6594,234.93,33.46,112.07,19.21,33.2634,82.64,60.24,121.14,52.78,139.1,94.99,117.3,10.5618,43.2586,35.3,45.25,68.88
2021-10-05,,51056.94,125.7,24.0,41.13,18.0,390.24,39.12,58.74,38.81,14.07,35.9,45.57,177.31,239.6824,72.56,150.0,12.13,19.86,135.49,80.0872,234.03,32.53,114.09,19.22,33.6559,84.01,59.85,122.63,53.03,138.01,94.94,118.6,10.4816,44.7781,35.12,45.1,68.97
2021-10-06,42.98,50974.49,126.09,23.62,41.2,17.77,393.05,39.1,60.35,38.9,13.9,35.9,45.17,173.64,240.3152,71.51,151.0,12.34,19.69,135.12,80.4056,230.51,32.79,113.8,19.43,33.3615,85.11,59.5,124.76,52.95,138.68,94.0,117.91,10.5108,44.892,34.96,44.99,71.07
2021-10-07,43.35,50876.98,125.02,24.71,41.95,17.86,388.83,39.0,58.69,39.77,13.81,36.0,45.0,171.1,243.4216,73.8,148.97,12.37,19.85,133.38,83.4101,222.33,32.74,112.26,19.2,33.7442,84.23,60.15,123.65,52.69,140.32,93.5,116.05,10.4306,45.1959,35.26,44.88,70.07
2021-10-08,,51136.62,124.73,25.43,41.96,17.96,399.51,39.48,58.62,39.0,13.61,36.21,44.15,171.93,246.739,73.51,149.45,12.9,20.42,135.21,84.2159,222.16,32.68,112.74,19.11,33.862,84.69,59.19,128.79,53.23,141.0,94.14,116.2,10.7513,45.2909,35.15,44.36,70.7
2021-10-11,,51646.75,126.98,25.0,42.07,18.12,400.49,39.68,57.68,39.45,13.97,36.87,44.15,172.76,246.1829,74.95,152.54,12.93,20.0,135.88,86.6633,222.46,32.6,113.53,19.4,34.902,85.0,59.2,127.68,53.49,142.01,95.79,117.89,10.9262,44.7686,35.49,43.56,71.58
2021-10-12,43.82,51835.88,126.89,25.16,43.75,18.18,399.02,39.32,55.59,39.61,14.3,37.26,44.24,173.3,248.5415,73.45,153.0,12.95,20.05,136.86,84.783,223.21,33.27,113.82,19.28,34.4311,85.46,59.92,128.4,53.5,144.25,95.62,117.3,11.2469,45.6423,35.75,42.67,71.92
2021-10-13,43.68,51812.87,126.75,25.31,44.41,18.15,391.56,39.94,56.92,40.19,14.04,37.33,44.15,172.16,246.6335,74.0,152.98,13.01,20.18,137.71,86.2753,223.01,33.17,112.97,18.73,34.4311,86.01,61.34,128.41,53.85,143.67,93.87,118.4,11.2469,45.5758,35.66,42.17,72.0
2021-10-14,44.01,52140.24,126.35,25.29,44.63,18.24,402.54,39.92,57.04,39.49,14.65,37.69,43.92,172.44,250.5836,73.79,150.61,13.03,20.31,136.05,89.2997,221.31,32.75,114.47,19.08,34.2937,86.61,60.89,128.3,54.33,146.08,93.89,115.4,11.1522,46.1646,35.32,41.68,72.22
2021-10-15,44.32,52798.38,126.46,25.47,45.56,18.49,402.31,41.73,57.94,40.19,14.68,38.09,43.99,171.6,253.5271,74.9,154.75,12.97,20.71,139.83,93.4782,223.9,33.14,115.23,19.58,33.9503,86.81,62.69,128.68,56.0,150.97,97.43,119.99,11.1741,46.459,36.2,40.62,70.9
2021-10-18,44.6,52686.03,127.85,25.35,45.39,18.43,404.12,41.74,59.49,42.22,14.69,38.25,43.65,171.71,255.6172,73.8,152.15,12.81,20.76,138.1,93.6672,222.19,32.73,113.28,19.36,33.8914,86.47,63.1,128.56,56.0,152.3,98.81,119.69,11.1668,45.7658,36.07,40.41,70.41
2021-10-19,44.25,52402.73,126.16,24.94,45.69,18.22,407.51,41.69,57.48,41.75,14.38,38.45,43.52,170.27,258.4551,73.0,150.32,12.8,20.8,138.62,95.1595,218.98,32.77,110.92,19.19,33.5185,85.77,62.7,126.53,55.0,150.62,99.01,120.72,10.8533,45.139,37.12,39.5,70.4
2021-10-20,44.0,52298.2,125.04,25.3,47.15,17.85,408.98,41.69,58.0,40.1,14.5,38.9,43.39,168.46,256.202,73.11,154.92,13.0,20.9,140.13,94.3636,220.58,32.72,109.64,19.39,33.2536,89.36,64.16,128.1,54.59,150.95,99.62,122.22,10.7367,45.3954,37.09,40.16,70.84
2021-10-21,43.76,52020.05,124.91,24.69,47.41,17.47,412.39,40.73,57.61,39.4,14.09,38.0,43.1,167.21,254.5817,70.69,157.77,12.92,20.79,139.0,94.5128,229.68,33.09,108.49,19.34,32.4784,90.37,65.0,127.45,53.22,151.7,99.39,120.91,11.123,45.12,39.65,41.36,71.17
2021-10-22,,51889.66,124.45,23.88,46.85,17.47,403.17,39.91,56.49,40.84,13.65,38.1,43.12,168.78,248.0908,71.4,152.84,12.64,20.78,138.76,93.906,235.2,33.0,109.24,19.31,32.3214,92.8,64.0,125.91,52.33,152.88,98.7,117.12,11.1741,43.5055,37.84,38.69,73.51
2021-10-25,,51833.8,125.3,23.85,45.96,17.66,400.39,39.69,56.88,39.84,13.81,38.93,43.32,168.5,246.7869,70.98,152.0,12.53,20.85,136.91,95.1098,240.0,33.27,110.35,19.25,33.2732,92.16,62.08,125.0,51.96,150.67,100.85,116.52,11.2542,42.2614,37.69,37.58,73.18
2021-10-26,44.38,52206.59,125.08,23.28,45.26,17.97,394.17,40.15,57.53,40.87,13.89,38.72,43.87,173.4,246.576,72.49,152.5,12.69,20.85,140.13,93.896,240.08,33.32,112.44,18.95,34.1563,92.79,61.84,123.61,52.28,149.13,99.46,116.38,11.2105,41.2642,37.33,37.4,73.25
2021-10-27,44.19,51714.6,125.6,22.97,44.04,18.28,399.92,39.0,57.67,41.4,13.81,39.4,44.85,169.82,246.7869,70.6,153.96,12.48,21.11,133.0,92.3042,240.21,33.02,111.47,19.39,34.2152,91.78,61.81,123.35,52.74,149.46,97.92,111.63,10.8169,41.3497,37.69,36.93,72.88
2021-10-28,44.2,51248.84,125.47,22.77,43.67,18.2,405.79,39.09,56.62,40.65,13.53,39.74,45.37,169.24,246.3938,68.74,152.24,12.58,20.8,130.51,89.1306,241.01,33.05,111.98,19.78,35.9127,92.8,60.69,123.72,52.79,149.32,95.85,110.73,10.744,40.381,36.76,36.89,72.76
2021-10-29,44.27,51309.84,125.31,22.71,43.5,18.33,415.89,38.58,61.2,39.4,13.28,40.58,47.0,169.57,249.2797,69.49,151.9,12.4,20.62,130.14,89.7574,241.02,32.54,110.67,19.79,36.2365,91.44,60.76,124.51,53.8,151.65,94.96,107.44,10.8388,39.5643,35.84,37.33,71.73
2021-11-01,44.57,51653.26,126.97,22.95,44.24,18.49,415.48,38.82,63.08,38.84,13.22,39.9,47.84,170.91,256.087,70.81,152.06,12.24,21.18,127.38,89.5683,242.66,32.28,112.94,19.9,37.0411,92.38,60.53,124.4,54.14,152.08,95.5,103.68,11.2615,41.3592,36.5,38.85,73.14
2021-11-03,44.67,51876.81,126.51,22.91,43.99,18.46,424.48,39.08,62.25,38.4,13.06,39.96,48.14,166.41,260.3151,71.32,153.34,12.02,21.29,132.7,88.7426,242.66,31.92,112.48,20.06,37.1,93.31,61.05,123.81,53.72,151.69,95.09,104.06,11.6624,41.5966,37.0,36.06,75.22
2021-11-04,44.68,51873.46,125.6,22.82,43.88,18.49,420.67,38.42,63.16,39.13,12.68,40.04,47.8,166.85,265.8856,70.61,151.37,12.08,21.24,131.31,88.6033,243.14,32.25,112.38,19.78,37.5121,93.04,60.39,125.77,53.89,154.2,94.34,106.52,11.7718,41.5016,37.08,34.91,75.89
2021-11-05,44.72,51977.96,125.09,22.65,43.65,18.77,423.64,38.46,63.47,38.6,13.0,40.4,48.43,165.79,267.4963,69.82,148.93,12.25,21.47,132.92,87.698,243.23,32.24,111.44,19.17,38.1008,89.3,59.4,125.6,53.32,153.42,94.02,106.0,11.8082,40.6469,37.14,36.73,76.2
2021-11-08,44.78,52251.49,125.13,22.21,43.82,18.57,420.47,38.3,61.38,38.38,14.23,41.69,48.36,167.14,266.1636,70.91,154.89,12.17,21.39,132.12,88.2451,244.77,32.28,109.52,19.63,37.6887,91.6,60.18,127.8,53.34,156.74,96.14,107.77,11.8665,41.1028,36.32,38.01,75.67
2021-11-09,44.7,52114.12,126.0,22.13,42.71,18.58,425.99,37.22,62.56,37.97,13.64,41.8,48.1,165.5,274.0159,71.78,153.32,12.25,21.4,134.89,87.7278,249.17,32.09,110.22,19.16,37.777,91.85,59.21,128.58,54.02,156.77,97.72,105.9,11.8082,40.457,37.03,38.1,74.58
2021-11-10,44.4,51704.4,126.66,22.6,43.78,18.62,428.19,37.4,61.51,37.0,13.47,40.7,47.65,166.3,273.2393,70.56,152.9,12.18,21.25,129.72,86.0564,246.92,32.25,111.2,18.99,37.5023,91.9,58.96,128.5,53.1,156.22,97.11,105.31,11.7718,41.0933,37.65,38.03,73.75
2021-11-11,44.47,51707.01,127.6,22.83,43.5,18.73,426.42,38.2,59.89,38.13,13.72,41.67,47.62,167.73,267.0553,70.64,153.77,12.0,21.38,131.44,87.698,243.44,31.69,111.28,18.89,37.9635,90.01,58.2,133.1,52.26,155.38,95.95,107.35,11.8301,40.0771,36.89,37.72,72.11
2021-11-12,44.32,51432.54,126.96,22.03,43.7,18.8,423.37,37.6,60.14,37.78,13.6,41.4,47.05,164.81,261.8492,68.3,153.45,11.77,21.15,128.72,86.6534,247.37,31.66,109.62,19.0,39.4059,88.99,58.4,133.44,51.43,155.0,96.62,109.85,11.8301,39.5168,36.79,36.25,73.72
2021-11-16,44.1,51161.5,128.0,21.6,44.06,18.8,414.93,37.23,60.94,37.25,13.41,41.2,47.84,161.22,257.1416,66.99,149.62,11.5,21.22,131.2,86.4544,245.72,31.91,106.17,19.4,37.7672,88.0,57.8,132.38,51.65,153.35,96.15,108.42,11.6406,39.4883,36.66,35.48,72.09
2021-11-17,43.71,51045.1,126.62,21.3,43.73,18.65,414.46,37.25,60.48,35.75,13.1,41.26,47.8,157.34,255.3679,68.2,146.15,12.01,21.17,134.3,86.5539,250.98,31.91,106.01,18.92,36.4622,87.61,57.95,133.0,53.01,151.51,95.26,111.34,11.6114,38.9849,37.1,34.97,72.59
2021-11-18,,50831.95,127.08,20.68,43.85,18.28,406.94,39.04,60.5,34.85,13.0,40.6,48.94,156.75,250.5261,68.09,141.43,12.43,21.25,136.51,85.9669,256.86,31.22,106.98,18.7,36.0305,86.0,57.89,132.91,52.93,152.29,95.42,116.23,11.6187,38.928,36.76,35.23,72.22
2021-11-19,43.45,50811.3,129.37,20.7,42.16,18.26,412.44,38.28,58.1,35.0,12.91,40.39,48.75,155.01,253.1915,67.75,143.17,12.02,20.94,137.67,87.4393,249.29,31.35,106.44,18.42,37.1687,85.49,57.0,133.11,51.37,150.78,95.69,114.01,11.6406,39.6592,36.56,35.04,72.38
2021-11-22,43.49,50497.08,129.47,20.1,40.61,18.18,413.82,38.16,55.9,34.83,12.97,40.01,48.84,156.21,255.0515,64.84,145.0,11.67,20.99,134.64,85.2804,250.39,31.63,106.24,18.29,36.4033,84.87,57.88,131.13,51.93,149.07,95.7,110.13,11.5458,38.8805,36.71,34.19,71.81
2021-11-23,43.82,51116.32,128.29,20.46,41.38,18.57,412.36,37.93,55.6,35.04,13.38,40.01,48.2,157.42,256.5472,64.38,148.99,11.92,21.03,137.11,87.8571,252.21,31.57,107.09,17.5,34.853,85.4,57.83,131.5,52.47,149.76,94.53,108.11,11.5458,39.5927,36.87,33.32,72.62
2021-11-24,43.67,50848.03,129.03,20.32,40.46,18.78,413.99,38.41,56.55,34.43,13.25,40.11,48.04,158.26,258.5414,62.54,146.8,11.87,20.74,135.42,87.0513,254.13,31.59,105.22,17.24,34.5292,85.0,57.55,133.17,52.1,149.84,94.95,107.35,11.5822,38.0068,36.65,33.04,71.79
2021-11-25,,50625.0,131.35,20.16,40.05,19.05,410.01,39.15,54.81,34.61,13.04,40.2,46.45,158.5,254.8022,62.1,149.25,11.9,20.71,133.73,86.2057,251.69,31.46,103.67,17.23,35.6085,84.53,56.9,130.68,51.87,150.0,95.49,107.77,11.6041,38.2062,36.61,33.0,71.59
2021-11-26,43.05,49492.52,131.0,19.99,38.06,18.59,391.01,36.98,54.15,33.72,12.67,39.75,46.67,154.4,238.436,59.12,148.0,11.6,20.15,124.35,83.7881,258.09,32.01,100.02,17.98,36.9037,82.76,57.2,126.1,50.45,146.7,94.41,103.75,11.6624,38.7,35.74,32.47,71.6
2021-11-29,43.38,49796.3,132.89,19.72,38.51,18.56,392.0,37.24,52.88,35.33,13.76,38.89,47.5,154.94,239.2989,58.7,152.87,11.3,20.0,125.7,87.0115,256.01,33.5,104.19,17.83,33.7148,82.1,58.57,124.95,50.51,150.06,94.18,103.19,11.7062,37.8548,36.18,32.45,69.69
2021-11-30,43.31,49698.72,130.75,22.43,36.71,18.77,394.0,36.19,56.54,35.82,13.23,38.52,49.19,152.12,237.832,62.4,149.29,10.94,20.58,127.74,88.852,259.22,33.76,105.07,18.02,34.1367,81.87,59.67,121.61,50.03,147.78,93.31,101.15,10.9918,37.5604,36.48,32.0,67.4
2021-12-01,44.07,50007.16,129.66,21.69,36.83,19.07,407.92,35.7,55.96,36.06,13.22,38.18,47.49,150.55,244.6968,60.2,154.32,11.1,20.69,128.75,89.5982,254.13,32.61,106.5,18.11,35.0394,85.68,59.76,123.44,50.5,149.0,94.41,98.76,11.1886,36.8766,36.46,31.44,69.35
2021-12-02,43.95,50927.38,130.05,21.7,38.68,19.44,410.73,37.23,56.17,36.73,13.28,40.3,49.26,151.05,246.8061,62.24,153.29,11.39,21.07,134.7,91.3392,257.12,32.97,108.17,18.5,35.6282,87.09,62.35,126.24,51.0,154.95,95.07,100.28,11.1376,39.4123,36.83,33.11,70.0
2021-12-03,44.13,50597.29,130.24,21.8,39.03,19.4,415.74,36.6,56.69,36.4,12.9,37.38,49.7,151.43,243.1915,61.03,152.25,11.5,21.06,133.0,90.6925,254.34,32.25,107.44,18.73,35.638,86.34,63.01,127.0,51.0,156.69,95.22,99.01,11.1813,39.0229,37.04,32.89,69.94
2021-12-06,43.95,50605.56,130.2,22.08,38.91,19.47,417.99,36.64,56.36,36.71,12.88,37.69,50.75,149.9,242.7889,60.5,151.0,12.26,21.01,130.01,92.0257,251.71,31.94,107.4,18.97,35.5497,87.71,63.0,129.12,50.54,154.01,95.73,99.38,11.451,40.2575,36.88,33.92,70.28
2021-12-07,,50918.28,130.8,22.95,39.3,19.55,420.14,38.13,57.67,36.86,12.97,37.5,51.08,150.29,247.8032,60.92,151.13,12.48,21.35,130.74,93.3588,252.09,31.85,107.17,19.66,35.6085,91.57,63.71,130.0,52.7,156.01,96.21,97.44,11.5895,40.1816,37.93,33.72,70.06
2021-12-08,44.3,51056.27,131.29,22.75,38.54,19.76,415.7,38.4,54.92,37.58,12.89,38.21,50.87,149.52,248.6469,60.98,152.07,12.29,21.35,130.7,91.2895,251.52,31.7,107.86,19.49,35.481,88.78,64.42,131.42,53.92,155.99,96.11,96.72,11.4729,39.1369,37.81,34.12,73.1
2021-12-09,,51238.02,130.99,22.53,37.66,20.06,419.23,37.99,56.17,37.61,12.62,39.49,50.58,148.73,252.0026,60.5,153.29,12.27,21.69,135.33,92.742,259.0,31.33,108.0,19.31,35.0198,88.0,63.75,131.65,53.34,153.43,97.39,95.59,11.3927,38.1207,37.56,33.99,72.85
2021-12-10,44.3,51213.48,131.01,22.44,36.56,20.12,414.49,37.81,59.2,37.72,12.66,39.01,50.37,148.86,251.8588,59.9,152.29,12.2,21.67,132.17,91.5282,262.31,30.56,107.92,19.21,35.0983,87.74,63.8,133.27,53.11,153.56,97.54,94.7,11.4073,38.852,37.6,33.9,73.61
2021-12-13,43.93,50419.17,130.0,22.1,36.0,19.61,405.52,36.33,56.75,36.86,12.67,38.9,51.15,146.5,253.1436,58.7,148.09,12.37,21.49,126.5,88.9117,258.53,30.39,107.97,19.41,34.8628,87.13,65.29,130.72,51.58,152.57,97.15,91.72,11.2105,37.8548,37.55,33.74,75.0
2021-12-14,44.41,51241.47,132.26,22.21,36.76,20.2,409.66,36.85,58.64,38.07,13.06,40.72,52.56,153.07,255.9815,59.41,148.27,12.62,21.52,125.94,89.3395,258.97,30.52,108.6,20.69,34.7352,87.65,64.8,135.0,52.39,149.99,97.71,96.98,11.1741,38.0542,38.12,34.28,75.55
2021-12-15,44.27,51163.66,132.71,22.4,35.78,20.39,407.1,36.38,59.68,38.32,13.08,41.34,51.87,153.89,259.922,59.5,150.25,13.0,21.67,125.0,87.887,260.0,30.45,105.4,20.44,34.9315,86.34,65.01,134.54,51.83,149.78,98.23,95.9,11.0793,37.0001,37.66,34.54,75.86
2021-12-16,44.9,51384.06,131.69,22.5,37.1,20.38,402.49,35.74,58.29,38.71,13.18,40.34,50.95,153.94,261.0438,58.12,151.21,12.89,21.81,128.8,88.5834,258.36,30.01,106.12,20.61,34.7549,85.32,66.39,134.08,51.34,150.0,100.52,97.65,10.9481,36.2688,38.24,34.23,76.79
2021-12-17,44.77,52379.37,132.76,22.37,37.42,21.06,409.6,35.65,61.34,39.8,13.63,40.33,51.71,159.05,267.4771,61.21,157.0,12.55,22.8,129.69,87.9964,262.59,29.25,109.15,20.65,34.6764,88.3,66.63,134.41,50.92,147.4,100.68,97.7,10.5108,36.8101,39.43,35.86,78.59
2021-12-20,44.54,51623.86,132.95,22.14,36.57,21.08,398.77,35.22,63.26,37.98,13.11,40.0,50.25,158.05,258.8578,58.8,151.39,12.56,22.59,128.39,84.7531,261.0,29.63,110.13,20.5,34.2741,85.81,66.01,130.36,49.48,144.12,100.47,97.59,10.5909,35.699,39.37,35.56,76.81
2021-12-21,44.7,52085.28,131.88,22.25,36.7,21.34,405.73,35.8,61.5,38.05,13.82,40.78,49.83,156.65,260.8904,59.29,152.95,12.5,22.87,129.33,86.5041,261.56,30.53,111.93,21.09,34.5194,85.02,66.36,133.3,49.73,146.43,101.0,98.43,10.7804,36.5727,39.5,35.99,76.47
2021-12-22,44.83,52403.05,130.56,21.9,37.03,21.47,407.59,36.18,62.74,37.99,13.81,41.39,50.72,155.77,263.1723,62.3,153.5,12.61,23.6,129.78,86.9916,261.49,30.72,111.76,21.58,35.2258,85.68,65.97,134.8,50.6,147.99,103.0,100.01,10.9335,36.9716,39.32,36.28,77.37
2021-12-23,45.35,52650.91,130.73,21.89,38.04,21.45,410.17,36.59,62.03,39.18,13.91,41.11,50.94,156.2,262.6066,61.4,155.84,13.06,23.84,129.75,88.0462,260.67,31.18,112.15,21.93,35.7263,86.59,66.94,136.69,51.34,146.93,103.19,103.18,11.0064,37.304,39.72,36.6,77.51
2021-12-24,45.47,52853.38,130.97,22.45,38.24,21.53,410.11,36.65,62.78,39.46,13.93,41.78,51.86,158.64,267.3908,61.31,162.48,13.14,24.11,129.84,88.1059,260.59,31.22,113.5,21.88,35.9127,87.07,67.01,135.85,51.42,147.0,104.55,101.84,11.0429,37.6554,39.92,36.0,77.34
2021-12-27,45.74,53259.56,130.63,22.22,38.16,21.61,421.79,37.2,62.61,39.0,14.08,42.67,51.33,159.26,271.0629,63.49,157.61,13.7,24.48,132.0,89.638,262.49,31.2,113.44,22.13,36.2463,87.16,68.53,137.98,52.24,148.77,103.5,104.11,11.2251,37.5414,41.0,36.82,77.95
2021-12-28,45.92,53238.48,131.31,22.26,38.0,21.68,418.64,37.7,62.29,39.46,13.98,42.61,51.67,158.74,269.9891,62.01,155.18,13.41,24.6,133.63,89.827,260.63,31.18,111.59,21.49,35.7753,87.78,69.25,139.09,51.8,148.23,104.93,106.57,11.3271,37.0476,40.6,37.21,77.76
2021-12-29,,52748.93,130.42,22.39,38.11,21.69,415.37,35.9,62.54,38.93,13.74,42.74,51.0,159.3,267.2374,62.09,156.67,13.13,24.61,132.54,87.499,259.97,30.95,110.74,21.28,35.1277,86.61,68.62,137.49,51.99,149.0,104.57,105.01,11.0647,36.0694,40.53,36.19,75.98
2021-12-30,45.6,53175.25,130.02,22.22,38.62,21.72,419.63,37.38,63.0,39.07,14.04,42.41,51.39,159.38,270.8808,63.71,155.0,13.08,24.54,133.52,88.5934,262.26,31.17,111.94,21.05,35.2553,87.74,68.49,137.31,52.64,156.28,103.0,104.99,11.1303,36.4967,40.79,36.55,76.47
2021-12-31,,53272.44,130.02,22.25,38.06,21.68,422.13,36.55,63.09,38.71,13.99,42.44,51.5,159.49,271.1205,65.41,157.25,13.2,24.57,133.17,88.8023,261.69,31.11,112.51,21.52,36.2071,88.4,69.99,137.6,52.26,159.76,103.66,106.19,10.9554,36.4777,41.04,36.66,76.22
2022-01-03,45.73,52941.01,128.45,22.33,39.98,21.53,420.03,38.42,62.37,39.11,13.75,42.2,51.15,158.62,271.9833,64.52,156.96,13.65,24.5,135.93,88.6431,262.6,31.12,111.7,21.24,35.3338,86.86,67.01,136.33,52.22,160.5,103.34,106.0,11.1522,36.8671,39.56,36.31,74.0
2022-01-04,45.47,53016.78,130.73,22.18,41.0,21.71,423.88,38.33,63.11,38.34,13.73,44.15,51.05,161.52,275.6458,64.6,153.05,13.78,24.51,135.56,87.6681,262.35,31.44,112.56,21.2,34.1073,88.0,67.05,135.76,52.07,160.5,104.15,107.07,11.0793,37.133,39.6,36.25,73.44
2022-01-05,,53024.15,130.0,22.0,41.77,21.66,425.24,38.22,57.79,37.38,13.72,43.0,51.0,162.08,278.0619,62.2,148.45,14.15,24.32,136.05,88.9416,258.82,31.0,110.88,20.7,33.3615,88.18,67.29,137.04,50.84,160.96,103.39,106.53,10.7076,37.8073,39.8,36.2,73.83
2022-01-06,,53055.31,129.0,21.71,41.79,21.29,436.11,38.7,63.41,37.73,13.47,42.74,50.84,161.78,281.1683,62.25,146.4,13.54,24.71,141.34,89.9364,258.51,31.43,110.39,21.0,33.1653,90.59,66.2,137.7,49.85,159.87,106.0,107.13,10.7659,38.1682,39.4,35.96,73.12
2022-01-07,45.1,53202.11,128.2,21.58,43.12,20.88,430.95,39.01,64.65,37.67,13.38,41.47,50.72,162.11,277.1895,60.78,147.75,13.75,24.69,148.0,90.026,256.0,31.85,109.39,20.8,32.8807,88.8,66.07,140.0,49.0,157.91,105.78,106.47,10.5836,38.6905,38.65,37.72,73.08
2022-01-10,45.03,52835.76,127.99,21.58,43.66,20.73,433.7,39.1,63.3,37.58,13.07,42.36,51.21,163.42,275.0322,60.82,145.52,13.93,24.69,146.0,88.7824,261.45,31.53,110.24,20.82,33.0574,87.57,65.42,142.01,48.68,157.08,105.5,104.9,10.4597,38.3296,38.26,38.13,72.44
2022-01-11,44.95,53061.92,128.77,21.57,43.55,20.96,422.58,38.54,64.82,37.26,13.3,42.0,52.21,165.34,270.5068,61.39,146.08,13.89,24.79,143.0,89.6081,265.2,31.85,112.11,20.7,33.5087,89.12,65.82,140.05,48.5,157.83,105.96,103.9,10.7221,39.1844,37.99,38.75,72.3
2022-01-12,45.6,53951.14,126.83,21.74,43.09,20.74,425.28,39.85,67.4,38.22,13.78,42.25,53.18,166.85,270.1329,63.5,147.68,13.74,24.96,148.23,93.6175,264.98,31.21,113.18,20.75,33.6166,92.1,66.34,143.86,50.43,160.29,105.8,107.96,10.9627,40.476,38.45,39.19,72.79
2022-01-13,,53930.45,127.0,21.89,43.1,20.9,427.81,39.24,65.93,37.18,13.76,42.54,53.02,167.33,270.5644,64.4,151.11,13.85,25.1,149.79,93.508,261.91,30.64,111.95,20.39,33.0279,95.3,66.53,144.8,49.71,157.66,105.73,107.41,10.7294,41.1218,38.0,39.68,71.84
2022-01-14,45.28,53744.92,126.68,21.97,42.76,20.79,436.42,38.49,66.5,37.1,13.94,42.28,53.25,168.16,275.1856,64.18,155.49,13.79,25.54,146.34,92.8713,260.34,30.45,113.54,20.27,32.8709,91.35,65.66,147.69,48.63,155.89,107.6,110.23,10.8023,40.495,38.28,39.78,71.39
2022-01-17,,53973.27,126.98,22.34,43.29,20.88,428.14,38.49,66.04,36.88,13.99,42.2,53.2,171.5,269.6919,65.93,155.9,13.76,26.91,147.57,93.4284,257.16,30.82,113.45,19.89,33.283,92.92,69.08,136.42,49.18,158.69,109.98,109.21,10.7732,40.0201,38.54,40.0,71.37
2022-01-18,44.9,53232.2,125.05,22.34,43.39,20.49,423.28,38.3,63.2,36.87,13.74,43.39,52.25,169.66,268.4647,62.61,151.71,13.52,26.56,143.78,92.9907,252.27,30.49,112.41,19.38,32.6649,90.51,68.29,135.0,48.47,153.54,110.8,110.25,10.5618,40.7609,37.9,39.29,70.95
2022-01-19,,52823.23,123.77,24.35,41.88,19.94,406.01,38.17,63.78,36.19,13.56,43.15,51.15,166.15,270.2384,61.23,152.0,13.87,26.31,141.21,94.8014,252.83,30.55,109.72,19.82,32.7041,95.8,65.72,133.37,49.0,151.78,110.94,112.74,10.7732,39.8207,38.04,37.88,71.3
2022-01-20,44.99,52508.35,123.66,23.99,41.98,19.82,408.89,38.05,63.88,35.55,13.03,42.66,50.0,167.29,273.5845,62.86,149.98,14.35,26.82,141.19,93.4483,257.74,30.69,109.1,19.97,32.7728,96.85,67.14,132.11,49.61,151.37,109.34,112.94,10.8533,39.3268,37.9,36.82,70.26
2022-01-21,44.18,51599.38,123.79,24.39,40.0,19.76,403.27,37.61,62.93,35.43,12.1,42.22,49.42,167.99,268.014,60.89,149.75,13.99,26.83,134.28,89.5186,254.84,29.57,108.82,19.66,32.3411,95.16,66.39,131.93,49.2,150.3,108.38,110.35,10.8169,38.0922,37.89,36.2,70.39
2022-01-24,43.52,50890.59,122.42,23.98,39.77,19.96,400.76,37.96,62.76,34.86,11.89,42.24,49.5,165.83,257.7073,58.98,149.17,13.81,26.5,130.34,86.2852,249.94,29.71,108.42,19.35,31.2028,92.51,64.1,131.64,48.46,149.29,105.81,108.37,10.5253,37.6459,37.89,35.07,70.71
2022-01-25,43.96,51104.39,123.31,23.8,39.42,19.85,403.6,37.09,63.32,34.75,12.36,41.65,48.6,165.2,258.9633,57.53,149.5,13.75,26.26,129.73,87.1806,253.31,29.93,110.7,19.56,31.3206,93.52,64.18,132.4,47.79,150.34,105.25,107.63,10.6055,37.5509,37.38,35.89,70.82
2022-01-26,44.03,51037.05,123.33,24.01,40.6,19.8,403.03,37.62,62.26,34.72,12.51,42.15,48.07,164.74,259.9412,57.19,148.9,13.93,26.93,131.56,87.0513,253.09,30.58,110.78,19.69,31.9878,95.08,63.98,133.81,47.47,150.03,105.59,113.19,10.6565,37.6174,37.82,35.75,69.5
2022-01-27,,50466.02,121.88,23.69,40.8,19.0,398.37,40.79,60.7,34.85,12.39,40.49,46.82,160.92,259.2701,57.19,146.99,14.0,27.86,130.31,84.9621,258.07,29.46,110.16,19.85,31.7425,95.9,64.44,132.73,47.76,147.56,103.42,114.79,10.5764,38.4911,38.26,35.07,69.52
2022-01-28,43.36,50661.86,121.82,24.01,41.84,19.05,410.4,44.0,61.48,34.68,12.66,41.72,47.21,156.68,260.3151,56.45,145.15,14.23,28.52,131.26,86.534,260.92,29.67,109.19,19.92,32.7041,94.64,66.65,136.27,47.6,147.42,108.12,115.43,10.6711,38.1587,38.06,35.42,70.33
2022-01-31,43.88,51330.85,121.74,24.72,42.34,19.41,417.74,44.46,64.66,35.24,12.64,41.82,50.05,155.33,272.4148,57.7,144.35,14.79,29.91,130.48,88.2551,269.77,29.75,108.79,20.5,33.3125,94.84,66.48,138.69,48.32,151.12,111.49,117.48,10.8971,40.1531,39.16,36.72,69.97
2022-02-01,43.79,51782.67,122.63,24.85,44.33,19.5,419.39,45.95,65.01,35.31,12.74,42.41,49.72,154.57,273.1243,59.59,143.58,14.6,30.87,131.45,89.5285,270.99,29.8,108.16,20.46,34.0484,96.7,65.43,141.0,48.81,153.35,111.9,120.01,10.97,40.6944,39.23,36.98,71.94
2022-02-02,44.3,52034.8,122.41,25.54,45.3,19.51,426.49,46.24,63.21,36.39,12.82,43.77,49.98,158.6,274.7158,59.02,142.09,14.35,31.08,129.37,89.6778,275.31,29.6,111.09,20.66,34.4212,98.62,65.41,144.11,48.86,152.03,113.77,121.72,10.8679,40.8084,39.02,37.69,72.59
2022-02-03,43.65,51145.11,121.07,27.57,45.94,19.35,423.43,46.37,60.91,36.77,12.41,43.53,48.92,152.12,275.502,55.79,139.61,14.75,30.86,131.68,86.8324,267.61,28.74,109.05,20.64,34.8824,97.9,66.64,143.74,47.7,150.77,112.24,123.75,10.4524,40.1626,38.45,36.28,70.36
2022-02-04,,51255.31,121.54,28.05,46.03,18.93,425.81,48.32,62.0,37.47,12.33,43.24,51.1,153.8,276.1348,55.8,139.44,14.63,30.49,130.11,87.887,263.2,29.63,108.96,20.61,34.9315,94.49,66.03,139.54,48.52,150.78,113.65,123.27,10.4306,41.0743,38.51,36.29,71.23
2022-02-08,,52294.58,121.76,28.45,47.03,19.14,442.99,49.93,63.2,38.25,12.19,43.25,50.8,156.95,286.432,56.08,141.41,14.77,30.43,136.09,90.7025,271.49,30.34,110.16,20.37,35.3632,96.43,64.38,147.55,48.61,154.53,114.29,126.64,10.8242,42.1854,38.44,38.26,73.19
2022-02-09,,52761.91,120.33,28.15,47.18,19.48,452.19,50.0,64.16,38.24,12.52,43.64,51.56,156.85,289.337,56.27,139.39,15.0,30.88,134.52,92.8713,271.01,31.7,109.72,20.77,35.6183,95.69,64.0,151.25,49.63,158.12,112.39,129.72,11.0647,42.1569,38.47,39.97,73.51
2022-02-10,45.05,52599.58,119.87,27.71,47.0,18.63,455.61,49.64,63.32,38.3,11.6,43.6,51.19,158.01,291.4463,55.52,134.84,15.25,30.28,139.0,97.587,272.0,31.06,109.07,20.51,35.4515,96.2,62.41,148.88,50.79,156.92,113.66,133.77,11.2251,42.1474,38.16,39.86,73.52
2022-02-11,,53229.26,120.51,27.89,46.22,19.11,450.26,49.4,64.63,37.79,11.58,43.0,50.25,158.99,289.1549,57.29,134.02,15.43,31.63,139.01,100.5119,271.99,30.75,110.23,20.39,35.1277,97.83,61.58,150.08,52.1,155.67,113.05,135.32,11.4802,42.4323,38.39,38.5,74.6
2022-02-14,44.5,52334.73,118.0,26.68,46.24,18.91,446.53,50.13,62.84,38.32,11.15,43.98,49.37,154.99,287.1223,56.19,132.61,15.12,31.35,135.55,101.9246,272.01,30.3,106.73,19.6,35.01,95.34,60.19,147.02,51.37,154.13,111.35,131.06,10.9116,41.4257,37.87,38.33,72.59
2022-02-15,,53210.94,122.95,26.64,46.32,19.1,452.62,49.29,63.24,37.83,11.7,43.42,50.34,156.9,294.3706,57.3,131.85,15.39,31.72,137.34,104.0139,271.96,30.67,109.18,19.9,35.5987,97.7,62.78,149.99,52.48,157.97,113.91,132.48,10.9335,41.4162,38.34,39.96,74.82
2022-02-16,45.83,53680.86,125.2,27.09,46.03,19.23,454.0,49.59,63.48,38.7,11.68,44.36,50.3,159.31,298.2057,58.66,133.65,15.56,31.61,137.03,105.2077,275.25,30.42,109.34,19.38,35.3142,98.8,63.44,150.0,52.81,155.25,114.34,130.98,11.2324,42.4798,38.26,40.28,76.09
2022-02-17,45.24,52712.06,126.74,26.83,46.4,18.73,451.57,49.23,63.87,39.0,11.5,47.5,50.25,157.56,298.1481,57.35,131.36,15.8,31.83,133.71,99.2484,274.62,30.18,108.78,19.14,35.4417,100.37,61.1,149.81,53.49,155.38,113.65,128.44,11.2324,42.005,38.42,41.52,73.02
2022-02-18,45.11,52281.53,132.07,26.44,46.06,18.53,447.95,48.83,64.84,39.61,11.4,47.68,51.93,156.65,299.989,59.19,130.52,16.2,31.08,130.65,97.975,276.88,30.2,108.69,19.15,35.3436,101.87,60.25,151.62,52.93,155.87,112.98,126.99,11.2105,40.6659,37.25,42.25,72.41
2022-02-21,44.63,52025.18,131.85,26.72,44.93,18.25,451.0,48.78,63.81,38.69,11.34,48.2,53.9,159.0,286.7676,59.59,130.52,16.01,31.53,132.0,96.9901,275.58,29.85,114.25,19.36,35.8146,99.5,60.2,150.49,52.3,153.6,112.5,127.97,11.1303,40.2765,36.6,41.12,72.19
2022-02-22,45.39,52600.45,134.52,26.0,44.5,18.64,444.59,48.71,65.19,39.95,11.27,47.39,52.01,158.58,295.3773,63.82,133.13,15.58,31.51,132.75,98.0048,276.99,30.25,112.32,19.31,35.4515,98.0,61.03,151.44,52.9,157.99,113.4,125.21,11.2834,40.6089,38.16,42.11,72.47
2022-02-23,,51362.95,135.0,26.43,43.67,18.24,429.01,48.25,62.8,39.76,10.48,46.51,50.87,156.13,279.1358,62.82,131.67,15.31,31.41,127.45,97.0597,272.64,29.08,109.51,18.89,35.2749,98.5,59.73,148.38,52.1,153.53,111.09,124.4,11.0647,39.4028,36.4,41.3,71.22
2022-02-24,44.01,51454.05,136.39,26.22,42.61,18.23,424.83,47.81,62.08,39.44,10.39,45.51,50.45,156.25,277.9756,60.71,130.37,15.18,31.08,130.0,101.0989,278.99,28.41,107.72,18.87,35.0296,99.63,59.16,148.0,50.98,153.88,110.59,121.37,10.7513,39.2793,36.56,40.99,72.12
2022-02-25,,52555.6,135.45,26.17,46.35,18.45,435.64,48.5,64.3,39.88,10.54,46.29,50.51,162.83,279.8932,62.78,133.31,16.02,32.35,132.61,101.2481,283.09,28.44,112.73,19.09,35.3142,98.79,59.81,147.54,51.84,154.38,111.6,122.81,10.8971,40.7704,36.86,41.78,75.39
2022-02-28,45.16,53400.61,135.0,26.35,44.86,18.62,440.92,49.8,63.4,39.59,10.52,46.15,51.26,164.57,287.5921,62.06,135.99,15.42,33.47,138.99,104.0835,277.35,28.63,113.4,18.67,36.992,99.89,60.25,147.51,52.32,160.99,112.2,121.63,11.0501,41.6061,36.8,39.06,78.0
2022-03-01,45.57,53168.82,131.32,26.29,45.72,18.87,433.53,49.88,62.84,40.02,10.38,46.27,49.58,158.77,282.2134,63.7,132.5,15.27,33.92,137.93,107.8939,270.78,28.77,110.44,18.75,36.8056,102.9,61.31,146.32,52.66,159.28,112.4,121.54,11.1012,40.476,37.17,36.31,76.93
2022-03-02,46.29,53300.66,135.02,26.61,46.2,19.21,445.34,49.86,61.96,39.5,10.55,46.42,50.48,163.34,280.4493,66.54,135.03,15.95,34.97,130.25,109.3663,263.81,29.85,113.29,18.8,35.8244,102.3,62.0,145.57,53.43,163.13,114.42,121.99,11.2251,41.0553,37.74,35.77,73.99
2022-03-03,46.3,53528.01,131.05,26.45,47.33,19.24,436.53,50.39,59.4,39.23,10.58,46.1,48.94,160.6,268.8002,66.55,132.01,15.42,35.9,133.84,114.9177,251.85,30.75,111.09,19.03,35.7263,100.66,63.0,144.8,53.79,161.0,112.48,120.21,11.1157,40.9698,37.3,34.44,75.43
2022-03-04,45.89,53322.05,129.93,27.18,46.83,19.34,425.58,50.93,57.51,39.99,10.1,45.44,48.02,160.59,267.3813,66.53,134.18,15.78,35.57,133.82,116.0916,248.02,29.49,110.22,19.05,36.8547,100.6,62.61,145.24,53.08,160.5,111.99,122.28,11.1157,39.9631,37.69,33.71,75.97
2022-03-07,45.25,52312.61,128.54,26.8,44.09,19.32,400.52,48.83,53.03,39.19,9.46,45.25,47.01,159.9,254.8022,63.51,128.9,15.55,34.07,131.6,117.0964,248.0,28.47,109.24,19.15,35.5889,97.79,62.0,138.38,51.2,158.07,113.03,118.63,10.5253,37.3325,37.5,29.38,74.79
2022-03-08,45.85,53288.23,129.94,27.33,44.41,19.97,396.46,49.31,54.44,38.85,10.29,46.43,46.5,161.37,247.3622,62.02,136.0,15.75,34.65,136.1,117.1661,250.98,28.25,109.03,19.07,36.5014,98.9,62.01,137.0,51.33,159.24,111.53,126.84,10.8606,38.871,37.6,31.35,76.92
2022-03-09,46.05,53911.76,129.2,27.41,45.0,19.92,404.41,50.6,56.5,39.49,10.47,46.74,46.71,162.2,256.8252,65.32,138.5,16.45,35.93,139.99,113.5746,267.99,28.49,110.0,19.45,36.4229,100.42,61.91,138.31,52.05,160.95,113.79,127.45,11.3927,40.4,38.3,32.87,79.59
2022-03-10,45.92,53387.62,129.76,26.36,46.89,19.86,400.78,49.41,57.27,39.12,9.97,46.93,46.67,160.55,257.4005,64.7,138.48,16.27,34.88,137.36,114.9276,253.9,27.69,107.99,19.05,36.2659,98.79,61.01,137.87,51.68,159.99,113.14,128.69,11.6624,39.2604,38.56,33.15,78.63
2022-03-11,,53300.7,128.07,26.8,48.88,19.88,398.35,48.3,56.6,39.31,10.13,47.38,46.39,164.8,252.7792,63.6,139.68,15.85,34.38,139.72,113.0374,251.16,26.88,107.67,19.05,36.0206,101.0,60.45,137.89,52.29,159.41,111.91,128.3,11.7863,39.2983,38.39,31.13,76.3
2022-03-14,44.58,52807.62,127.61,27.0,48.65,19.56,400.41,48.99,54.88,37.8,9.96,46.13,45.95,164.85,257.9566,62.9,139.94,15.46,37.39,140.82,107.5357,252.49,26.44,105.71,18.74,38.2676,100.0,58.51,137.74,51.52,158.57,109.37,133.97,10.8825,39.1084,37.02,31.69,75.71
2022-03-15,44.84,53010.01,128.49,26.09,49.4,19.81,408.93,49.77,56.26,37.55,10.3,48.1,45.52,165.26,266.7101,64.72,139.68,15.8,36.56,140.4,103.6159,248.02,25.6,105.66,19.0,37.1392,100.3,58.72,141.8,51.04,154.75,107.19,136.01,10.7513,39.2224,36.89,33.37,78.06
2022-03-16,45.19,53411.88,128.8,26.67,49.09,20.04,408.01,51.34,58.89,37.59,10.58,47.11,46.48,164.09,266.5471,69.62,142.89,15.93,38.1,142.09,102.8101,262.65,25.63,108.11,18.91,36.9037,100.5,58.14,140.73,51.1,156.96,107.33,140.08,10.9772,40.2765,36.78,34.4,76.42
2022-03-17,45.49,54364.51,131.31,26.8,49.76,20.35,410.94,51.2,58.68,37.9,10.64,46.0,46.63,165.99,265.5788,70.28,144.76,15.88,38.0,150.0,109.217,267.96,26.91,108.61,19.28,37.2864,99.38,60.03,142.79,51.16,159.71,108.49,133.95,11.0793,40.0391,36.75,33.15,77.3
2022-03-18,45.85,55467.06,132.0,26.53,50.2,20.39,428.53,51.39,58.12,37.34,10.85,47.7,46.29,166.23,276.2595,75.5,139.93,16.29,40.7,161.0,115.1763,266.25,26.19,106.89,20.0,35.1572,100.56,59.81,148.0,51.11,158.86,105.65,131.52,11.0064,42.024,36.76,33.36,77.63
2022-03-22,46.1,55722.48,128.06,27.59,49.76,20.83,432.71,51.7,59.47,38.77,10.78,47.82,46.76,166.72,284.6583,74.87,143.72,16.4,41.86,149.98,116.3801,268.59,26.47,106.97,19.91,36.0599,99.98,59.12,145.76,53.0,162.05,110.1,139.36,11.5604,43.2301,38.75,32.84,78.67
2022-03-23,45.66,55154.68,127.05,26.9,48.33,20.7,425.99,51.37,57.21,39.23,10.6,47.99,46.48,164.91,284.409,73.75,143.66,16.31,40.9,149.07,115.236,256.93,25.94,107.0,20.29,36.4524,97.42,58.89,145.8,53.39,159.0,108.8,133.9,11.2469,43.2111,37.77,31.76,78.12
2022-03-24,,55829.86,128.0,27.0,47.6,20.93,433.49,53.04,57.98,38.83,10.69,49.45,46.45,162.74,294.3418,75.49,144.7,16.9,42.3,152.96,118.8275,260.59,25.91,107.64,20.4,37.0019,100.6,60.49,147.74,53.99,159.56,109.02,138.03,11.1012,44.2178,37.81,31.47,78.24
2022-03-25,45.69,55436.05,128.0,26.55,47.97,21.0,432.17,54.36,58.34,39.9,10.71,48.34,47.3,161.99,290.5067,74.62,142.96,17.0,41.85,149.92,114.5197,254.88,26.13,108.32,20.25,36.7271,99.16,59.25,147.07,52.56,157.5,108.63,139.54,10.8023,43.8284,36.75,31.15,78.81
2022-03-28,45.98,55685.14,129.34,26.6,48.59,20.74,435.81,54.97,59.4,39.6,10.56,47.8,48.43,163.49,290.3533,75.42,145.77,16.99,41.68,150.9,115.2858,255.79,26.24,107.42,20.74,36.9037,99.17,59.33,144.91,53.02,158.68,110.29,142.83,10.9772,43.6954,36.72,32.28,79.6
2022-03-29,46.51,56111.21,134.47,26.51,49.11,20.75,434.87,55.3,60.79,41.12,10.89,49.27,48.35,167.26,296.7292,74.3,144.23,16.9,41.28,152.5,116.589,261.21,27.33,109.67,21.53,37.6495,100.66,60.74,146.84,52.59,158.02,115.43,144.8,10.9627,44.5027,38.29,33.44,78.37
2022-03-30,46.23,55814.99,129.35,26.41,48.99,20.76,431.62,54.44,59.99,41.17,10.64,49.14,48.88,165.2,299.2315,73.6,139.18,17.0,41.44,151.0,114.659,252.98,27.52,106.46,21.76,38.0812,100.17,60.71,145.57,52.37,156.88,114.23,138.41,10.9262,44.1228,38.19,35.09,79.95
2022-03-31,46.7,56536.68,134.99,27.35,49.31,21.07,441.79,54.35,60.0,42.24,10.63,50.99,48.74,165.14,307.4098,74.79,143.23,16.83,41.6,149.82,118.141,249.39,28.05,109.53,21.79,38.9349,101.68,60.0,148.05,52.61,157.93,113.44,138.97,11.021,44.3507,37.99,36.2,81.51
2022-04-01,47.15,56609.54,135.68,27.08,49.73,21.65,449.9,54.68,62.84,41.96,10.57,50.62,48.14,164.95,310.7751,75.0,141.26,16.89,42.13,148.6,117.0367,252.29,28.4,110.83,21.87,37.7966,100.0,62.15,150.74,53.37,158.89,118.11,139.99,10.97,44.1608,38.39,36.9,80.34
2022-04-04,47.05,56313.21,135.37,26.98,48.72,21.45,441.89,54.59,64.39,42.25,10.64,50.07,47.15,163.7,311.6284,75.03,141.68,16.72,42.18,146.82,117.5342,257.29,28.34,110.37,22.35,37.8948,102.93,61.97,153.03,53.06,158.8,115.46,139.88,11.0939,43.5435,38.43,38.41,78.25
2022-04-05,46.45,55547.29,133.66,26.89,48.45,21.39,434.0,55.04,62.52,41.12,10.2,50.95,46.76,162.07,311.1203,73.96,139.15,16.85,41.25,143.97,112.4006,259.54,27.33,110.2,22.3,37.9242,100.45,59.31,156.7,52.62,159.0,112.13,140.86,10.8679,42.1664,37.59,37.14,78.54
2022-04-06,46.4,55438.73,130.88,26.72,47.71,21.63,422.13,54.4,59.51,42.52,9.86,51.32,45.56,160.82,305.4156,74.51,137.1,16.79,41.85,147.0,109.1474,261.13,27.32,110.83,22.49,38.3658,103.1,59.02,150.02,52.16,159.6,115.55,140.58,10.9408,41.9385,37.67,37.14,80.8
2022-04-07,46.32,55280.59,127.33,27.0,48.0,22.0,416.5,54.17,59.32,42.69,9.64,52.24,45.77,159.33,299.8068,73.01,136.69,16.66,41.55,143.01,112.3807,255.88,27.27,110.07,22.27,37.8948,100.99,58.39,148.36,51.83,158.95,115.0,137.73,10.8898,41.6631,37.73,36.23,80.8
2022-04-08,45.85,54687.25,129.23,28.47,47.65,21.98,407.35,53.23,59.22,42.65,9.18,51.0,47.9,157.91,290.43,71.1,135.34,16.75,40.5,139.4,110.8486,257.49,28.21,110.99,22.27,37.6593,105.99,58.92,144.49,52.56,158.16,115.3,125.22,10.6347,41.5206,37.69,35.13,79.38
2022-04-11,45.52,54463.83,127.74,28.05,46.4,21.76,404.46,52.91,58.1,42.57,9.1,50.07,48.15,157.74,286.9305,72.74,135.11,16.31,40.57,137.39,112.918,255.06,27.95,109.55,22.53,37.0215,106.09,59.01,144.54,52.41,158.36,112.54,126.01,10.6784,41.758,36.97,34.77,79.0
2022-04-12,45.47,53907.25,126.51,27.6,45.82,21.74,409.37,52.69,56.5,41.92,9.04,51.2,46.67,156.35,289.5,74.0,134.5,16.06,39.76,138.2,106.5607,253.93,28.1,109.68,22.78,36.7958,104.25,60.04,144.73,50.23,157.45,112.68,122.49,10.5035,41.0458,36.05,34.53,79.21
2022-04-13,45.15,54172.62,123.11,27.44,46.4,22.08,415.41,52.35,57.8,40.09,9.45,52.21,47.66,156.24,291.9449,71.93,134.51,16.36,40.39,136.5,106.5508,254.53,28.33,109.89,22.66,36.5799,106.58,59.83,147.85,50.54,158.65,113.0,126.06,10.795,41.5016,36.34,35.16,78.02
2022-04-18,45.66,54139.69,127.82,27.95,45.75,22.22,412.22,52.6,57.78,40.05,9.21,52.84,46.93,157.25,280.6027,72.13,136.0,16.44,40.21,136.9,106.7896,249.97,28.86,112.39,22.51,36.4818,110.66,59.29,148.1,50.58,157.84,115.0,129.49,10.8971,41.6061,36.36,35.32,77.8
2022-04-19,45.67,54633.76,136.53,28.43,46.0,22.12,417.07,52.52,59.77,40.16,9.63,53.62,47.56,158.5,289.5576,73.28,135.0,16.39,39.58,137.01,109.8936,256.0,28.69,112.5,22.55,38.1695,109.48,59.99,147.98,51.04,158.91,113.11,132.72,11.0356,43.0876,36.81,37.2,76.15
2022-04-20,45.15,53831.04,130.2,27.99,45.8,21.5,411.56,51.78,57.91,40.4,9.8,53.34,48.49,156.9,283.431,74.63,133.57,16.05,38.0,136.7,104.1631,253.0,28.4,113.94,22.29,37.9635,106.0,62.21,149.52,50.26,157.89,113.23,130.44,10.7076,43.0686,36.65,37.07,76.45
2022-04-21,,53267.31,127.99,28.0,44.75,21.41,414.24,52.68,56.11,39.74,9.3,53.0,46.64,156.65,283.5077,71.5,132.0,15.76,38.41,136.92,102.0341,245.01,28.26,114.9,22.36,37.1883,107.4,60.91,149.38,49.59,154.9,113.65,128.5,10.6347,41.0173,37.33,36.65,76.15
2022-04-22,44.95,53191.78,129.89,27.73,44.91,21.49,414.61,52.24,56.05,40.3,9.0,52.28,47.57,155.04,281.7436,70.31,128.8,15.71,37.2,147.31,98.5819,241.04,29.14,114.0,22.29,36.7664,105.16,60.69,144.19,47.8,154.05,113.75,126.44,10.5909,38.6336,38.19,35.29,75.7
2022-04-25,,52703.79,127.11,27.62,44.9,21.35,409.41,52.4,56.01,40.61,8.95,52.74,47.77,153.92,277.1319,70.76,128.4,14.9,36.97,140.63,96.9503,242.99,29.19,112.75,22.4,35.9225,105.5,59.99,141.64,48.06,152.58,114.0,128.4,10.3212,38.2062,37.46,35.27,76.49
2022-04-26,,52512.71,131.6,27.55,44.1,21.38,426.01,52.0,55.88,40.56,8.54,51.12,46.6,153.3,290.7081,69.0,128.41,15.69,36.45,137.93,96.6717,244.75,29.32,110.57,22.57,34.8235,103.22,60.1,145.77,48.48,151.78,108.51,127.0,10.1317,38.4626,36.78,33.77,76.63
2022-04-27,44.65,52351.21,131.92,27.57,44.75,20.81,434.26,51.1,61.31,39.48,8.76,52.13,47.54,152.8,298.2248,67.51,135.74,15.12,35.92,139.5,99.3778,244.7,29.89,110.79,22.1,33.3615,102.98,58.15,144.9,48.43,151.2,109.88,126.15,10.037,35.9649,37.32,34.8,73.7
2022-04-28,44.33,52614.17,129.77,27.69,45.3,20.9,451.54,51.1,62.51,39.73,9.34,51.9,47.98,154.25,311.5996,68.89,136.64,16.1,35.5,140.0,98.0944,245.54,29.6,112.92,22.07,35.9127,103.6,58.6,147.6,49.45,152.67,111.0,124.18,10.1973,35.718,38.5,34.34,73.35
2022-04-29,43.97,51417.97,129.67,27.5,44.62,19.9,445.0,50.2,62.83,40.85,9.01,51.42,50.86,152.63,301.4175,66.51,136.03,15.92,34.67,134.5,95.0998,243.04,28.4,111.37,21.58,37.2275,103.38,58.0,142.22,49.06,149.49,110.0,123.17,10.0151,35.9839,37.74,32.64,72.33
2022-05-02,44.0,51887.47,129.08,27.5,42.96,19.91,442.68,49.98,67.38,39.65,8.98,51.3,52.0,150.95,300.2095,67.07,137.68,15.99,35.3,140.72,95.5774,253.79,28.75,109.1,21.0,37.0902,103.32,57.81,143.67,49.18,149.01,109.36,123.09,9.9131,36.0029,38.05,32.25,73.77
2022-05-03,43.52,51066.56,128.83,27.55,43.85,19.62,431.69,50.14,62.31,40.0,9.08,51.8,50.52,145.88,287.6304,66.95,141.2,16.06,34.21,137.79,98.741,246.47,27.55,110.26,21.0,37.777,103.53,56.8,144.61,49.74,146.3,106.56,125.35,9.8402,36.3163,37.9,32.31,71.36
2022-05-04,,51432.63,130.69,27.4,45.18,19.85,433.94,51.12,59.3,41.4,9.11,51.12,51.54,146.13,287.6113,67.11,141.85,16.8,34.12,141.94,99.4773,245.14,27.32,112.98,20.44,37.7083,104.13,57.71,145.25,50.25,147.75,107.9,126.93,9.8693,34.8918,37.2,32.09,72.57
2022-05-05,,50529.95,130.99,27.3,44.5,19.44,425.71,53.37,60.98,40.15,8.73,51.81,50.21,143.45,284.8308,65.66,137.11,15.97,34.09,138.0,97.587,246.52,27.45,111.05,20.26,36.5505,103.5,59.19,142.87,50.17,145.52,104.69,123.22,9.6944,33.4102,36.99,30.99,70.89
2022-05-06,42.8,49541.81,127.48,27.5,43.0,18.88,419.41,48.1,61.43,38.25,8.48,51.0,49.89,137.7,278.7906,63.5,137.9,15.66,33.68,135.97,97.0199,243.5,27.04,109.05,19.7,35.9127,101.23,60.34,141.04,50.09,143.84,103.8,123.88,9.8183,31.8622,36.98,29.99,69.83
2022-05-09,42.47,49057.46,128.8,25.6,41.71,18.94,415.0,49.62,60.71,38.79,8.12,51.59,48.89,140.9,264.8885,65.45,135.7,15.05,34.2,133.66,93.5677,247.26,27.65,109.93,19.62,35.638,102.5,58.47,137.99,48.5,143.57,105.05,123.66,9.7308,31.074,36.76,27.7,69.74
2022-05-10,,49115.86,129.28,25.74,42.04,19.17,415.01,49.62,60.14,38.44,8.19,52.36,48.91,141.84,265.5884,65.52,135.99,14.91,34.22,130.01,91.0308,243.74,27.9,109.36,19.3,35.7263,101.09,59.46,140.84,47.91,145.84,104.05,123.42,9.6944,31.3209,36.46,26.77,71.7
2022-05-11,42.55,49276.23,129.78,26.17,42.15,19.72,416.38,49.86,58.32,38.61,8.09,52.01,47.75,142.8,261.7629,62.76,136.57,14.93,33.51,127.0,91.3292,247.0,28.85,108.76,18.71,36.3641,99.99,59.26,140.82,48.3,148.87,104.13,123.07,9.9568,30.8461,37.33,26.52,73.7
2022-05-12,,49309.32,129.59,26.0,41.22,20.1,420.29,48.76,59.26,36.5,8.23,54.47,48.32,146.94,263.1914,64.36,139.42,14.35,34.07,120.0,90.5334,251.94,28.54,111.2,18.57,37.0902,99.5,58.12,139.65,47.67,146.86,103.4,117.85,10.0588,31.7388,37.03,26.2,73.85
2022-05-13,,49579.9,131.5,25.93,41.8,19.38,422.75,50.97,57.76,37.47,8.31,53.43,45.5,148.97,268.8578,64.98,139.9,14.6,34.5,130.16,89.7574,245.84,28.39,111.66,19.3,36.7467,99.9,56.86,142.26,48.26,149.62,105.25,124.95,9.9058,32.5555,37.4,27.22,74.5
2022-05-16,43.8,50563.98,132.4,25.95,43.1,19.4,434.95,52.14,58.13,36.79,8.69,53.58,46.2,152.9,275.7417,64.49,142.14,15.2,35.75,133.77,90.1354,243.5,28.46,112.59,19.49,37.1785,101.5,57.73,145.4,49.94,148.37,105.93,125.17,10.088,32.8974,37.5,27.55,76.9
2022-05-17,44.17,51464.03,130.52,26.15,43.97,20.05,449.04,51.3,59.11,37.39,8.91,55.31,46.28,153.0,291.4751,65.99,142.01,14.61,35.16,133.97,94.5128,256.88,28.49,112.82,20.61,38.0616,103.9,58.59,149.39,50.8,150.43,104.52,124.68,10.2046,33.7046,38.04,29.52,77.25
2022-05-18,43.54,50394.03,127.3,25.97,43.34,20.39,429.65,50.19,57.24,38.25,8.66,54.64,45.79,148.34,274.4666,64.49,141.81,15.07,34.48,126.96,92.8812,254.2,29.1,108.33,20.35,37.5808,102.26,57.69,144.0,50.0,149.55,101.49,121.17,9.8475,32.679,37.85,28.93,75.45
2022-05-19,43.93,51289.91,129.21,26.08,43.7,20.95,432.31,50.56,56.48,39.4,8.77,54.97,46.03,148.54,277.3908,65.61,139.35,14.73,36.01,128.53,100.2533,250.33,28.85,109.94,20.75,39.2489,101.25,57.53,144.35,52.02,155.07,102.69,120.56,10.3067,33.2203,38.27,28.88,74.66
2022-05-20,44.3,51518.3,131.54,25.97,43.5,21.2,428.54,50.06,57.69,39.73,8.83,54.15,45.44,147.6,280.3917,71.26,141.38,14.09,36.72,126.76,102.5216,249.62,28.99,112.67,20.42,38.7582,100.48,57.71,139.0,51.7,156.9,102.69,123.98,10.6565,34.5119,38.63,28.85,73.7
2022-05-23,44.79,51376.89,129.21,26.15,44.21,21.36,426.6,50.38,58.67,39.2,8.7,54.64,45.17,147.13,281.408,72.53,143.18,14.17,36.79,128.0,98.174,245.78,28.96,113.72,20.5,38.7582,99.52,58.47,142.62,50.96,157.62,103.69,121.5,10.795,35.2716,38.75,28.55,72.73
2022-05-24,,51304.04,128.7,26.0,43.51,21.65,421.81,50.83,58.4,37.94,8.38,54.0,45.0,147.01,277.6497,74.99,140.0,14.5,37.77,129.51,97.587,245.0,29.67,113.41,20.49,38.4835,99.89,55.35,141.01,51.06,158.22,103.11,122.0,10.6711,34.9677,38.06,27.94,71.43
2022-05-25,44.41,51717.07,133.41,26.02,43.39,22.06,423.0,50.23,59.51,38.5,8.63,54.83,45.36,147.4,273.2489,76.16,139.46,14.63,37.9,131.7,99.4971,242.46,29.33,114.33,20.25,38.562,100.8,55.04,140.61,52.06,151.5,102.99,120.73,10.365,35.1862,37.65,29.65,71.61
2022-05-26,,52143.0,133.13,26.31,43.05,22.26,432.18,49.73,61.34,37.2,8.77,54.71,45.69,148.15,274.2077,78.0,139.1,14.96,37.87,134.25,97.7362,241.01,29.27,114.88,19.99,38.0714,98.21,56.91,141.6,51.43,144.13,102.82,119.1,10.4452,36.9051,38.05,30.23,72.45
2022-05-27,,52463.55,134.16,26.3,42.8,22.19,446.51,50.0,61.59,38.29,9.02,56.29,46.36,148.0,277.3237,80.0,141.98,15.27,38.98,131.01,101.0889,237.6,29.19,116.4,19.8,38.3363,98.52,57.93,144.09,52.26,137.3,103.25,121.99,10.4233,37.0666,39.05,30.27,73.4
2022-05-30,44.79,52162.08,133.0,26.3,42.57,21.56,430.5,50.01,61.01,38.73,9.13,56.15,45.21,148.64,277.1799,81.09,140.1,15.42,38.22,128.83,101.4769,241.56,29.22,115.4,19.95,39.0232,98.2,56.48,144.62,51.59,138.63,103.0,121.03,10.6492,37.7788,39.41,30.87,71.54
2022-05-31,44.57,51752.53,132.83,26.05,42.15,21.21,430.42,48.91,64.54,36.81,9.36,54.72,45.28,147.25,283.6036,82.11,138.45,15.02,40.61,127.23,96.6717,235.9,30.45,117.58,19.86,38.2676,104.17,56.82,141.82,52.95,135.05,98.4,116.67,10.9335,38.4626,39.98,30.68,72.78
2022-06-01,43.97,51506.15,130.79,26.0,42.1,20.91,427.17,48.4,64.49,37.19,8.81,53.95,45.0,146.26,273.9296,78.74,138.0,14.8,39.61,125.5,97.776,232.74,28.73,115.65,19.57,37.1883,104.5,54.66,140.98,52.27,141.77,101.02,118.0,10.846,37.5699,39.22,28.55,73.38
2022-06-02,,50971.38,128.49,26.04,42.84,20.7,430.26,47.27,62.47,36.69,8.61,54.77,45.22,149.34,275.9047,76.98,136.74,16.0,37.65,124.87,100.0941,239.44,28.12,113.25,19.58,36.5996,103.61,53.17,140.98,51.4,141.36,99.29,116.37,10.3868,36.9906,38.26,28.94,71.39
2022-06-03,,50689.05,131.68,25.89,43.13,20.38,427.21,46.93,61.97,37.11,8.56,54.29,44.83,147.86,275.176,77.45,133.21,15.7,37.63,123.5,99.338,240.23,28.55,112.43,19.44,36.3935,102.81,53.02,143.47,51.89,143.27,99.28,113.4,10.314,35.9174,38.25,29.3,71.26
2022-06-06,,50060.53,127.83,26.36,43.01,19.95,424.0,47.27,63.59,37.0,8.57,54.99,44.27,144.63,270.1425,77.74,134.94,16.1,36.39,121.59,99.4176,239.04,28.27,111.28,19.71,36.1089,102.4,53.11,145.49,52.16,142.05,98.04,114.06,10.3067,34.7778,38.46,29.98,69.2
2022-06-07,42.5,50139.2,130.18,26.42,43.37,19.85,423.94,46.61,63.48,37.45,8.61,54.74,44.23,143.89,275.2432,78.74,136.49,16.05,36.22,121.92,101.6063,240.6,28.83,113.42,19.99,36.3248,100.78,53.31,143.3,53.02,139.0,98.1,112.28,10.518,35.4521,38.03,28.99,68.46
2022-06-08,42.84,49819.3,127.93,27.03,44.93,19.65,418.56,45.61,63.55,37.7,8.4,54.98,44.6,143.18,279.2029,77.51,132.65,15.84,36.34,120.76,96.9105,237.34,29.96,111.7,21.0,36.7467,100.2,54.64,143.07,53.96,138.57,100.52,112.25,10.467,35.2242,39.07,29.13,69.26
2022-06-09,,49290.22,128.49,27.0,43.6,19.44,421.81,45.5,64.7,38.05,8.14,54.24,44.65,143.01,272.9613,78.92,132.17,16.18,35.37,121.24,93.2096,235.39,29.2,110.42,21.18,36.8939,100.8,53.51,140.77,52.29,138.75,98.49,112.88,10.3285,34.4169,38.85,28.23,68.52
2022-06-10,41.85,48471.52,128.22,26.67,42.08,19.46,413.01,44.0,61.6,37.2,7.8,54.03,43.56,141.43,270.9862,75.53,125.0,16.11,35.2,117.52,92.5728,234.58,28.72,112.09,20.55,35.8538,100.33,52.7,137.69,50.3,137.63,97.26,110.4,10.0297,33.1823,38.0,25.75,67.81
2022-06-13,,48445.3,128.48,26.22,39.7,19.65,416.14,41.95,62.49,35.04,7.53,53.11,43.52,143.85,267.8894,77.28,123.18,15.5,33.93,118.8,93.6374,234.76,27.25,114.05,19.41,34.9413,98.6,50.85,135.43,50.07,137.96,94.84,105.69,10.1755,32.6125,36.78,24.62,67.5
2022-06-14,42.05,48164.47,128.14,26.19,40.13,19.94,421.21,41.78,60.62,36.18,7.49,53.58,44.48,141.36,272.7887,77.23,119.42,15.37,34.12,118.52,89.7772,223.04,27.29,115.59,19.23,33.8227,97.45,50.77,137.37,50.27,141.0,94.33,109.01,10.3431,31.5014,36.88,24.14,66.82
2022-06-15,41.9,48344.97,128.21,25.98,40.88,19.81,430.25,41.94,62.51,35.91,7.2,53.53,44.65,141.94,278.0523,76.4,122.46,15.54,33.4,117.89,89.7574,225.81,27.26,113.28,20.14,34.5881,98.29,50.85,137.71,50.57,143.91,95.31,109.0,10.2338,31.8053,36.95,23.01,68.72
2022-06-16,41.1,47558.51,128.49,25.89,38.05,19.75,415.0,42.5,62.51,35.8,6.84,52.57,44.0,139.8,265.3295,76.44,119.53,15.17,31.84,116.5,90.0857,225.1,26.12,113.96,19.69,34.7352,93.85,50.18,128.92,49.11,143.0,95.25,100.82,9.9568,31.4444,36.67,19.15,68.63
2022-06-17,,48016.23,130.4,26.3,38.28,19.79,416.0,39.5,62.64,36.75,7.0,53.96,45.1,139.75,268.6372,73.0,121.24,15.8,31.67,117.53,95.0998,222.8,25.5,112.98,19.92,34.4212,92.02,52.25,135.49,48.5,143.72,94.94,103.41,9.8037,32.8784,35.67,21.59,68.92
2022-06-20,,47780.72,130.0,26.1,38.32,19.93,414.67,40.29,64.15,35.6,7.2,53.61,44.14,137.97,276.9785,74.64,122.65,15.86,32.76,115.3,90.3543,225.0,25.78,111.51,19.77,33.9404,92.1,52.72,132.66,48.49,142.09,92.12,103.87,9.8475,32.584,36.18,21.57,67.85
2022-06-21,,48104.38,128.6,26.15,38.16,19.89,414.53,40.99,61.65,35.87,7.31,54.05,43.19,138.79,275.2144,75.5,121.89,15.68,33.4,118.58,90.6229,221.43,26.74,114.61,19.59,33.9601,92.76,51.1,135.67,48.29,143.39,93.16,103.43,9.8766,32.5745,36.21,21.73,68.62
2022-06-22,40.41,47144.36,129.03,26.35,37.88,19.69,408.89,40.39,63.42,36.04,7.29,52.66,43.36,135.85,265.5788,75.29,121.93,15.8,32.65,113.02,85.9171,219.9,27.53,113.29,20.5,35.4712,91.47,51.19,133.86,47.23,145.57,94.8,102.83,9.8766,32.3086,37.36,22.07,66.29
2022-06-23,40.02,46657.88,130.81,26.15,38.61,19.59,412.84,39.78,63.72,36.74,7.43,53.35,43.11,134.69,266.8923,73.89,124.83,15.84,31.3,111.99,81.1716,217.89,27.13,113.61,20.32,35.7851,89.83,50.6,134.25,46.54,144.02,91.56,100.62,9.6142,31.7958,37.26,21.9,65.9
2022-06-24,40.77,47741.5,132.35,26.41,40.26,20.44,422.64,40.99,63.94,36.49,7.85,54.73,43.23,135.74,278.8769,74.56,130.9,15.87,31.58,115.26,84.6636,215.49,27.79,115.23,20.83,36.5309,93.15,50.59,138.49,46.96,146.66,91.82,100.75,9.9058,32.9164,37.98,22.86,66.69
2022-06-27,41.24,48294.83,133.71,27.33,40.55,20.32,419.5,41.71,66.24,36.66,7.93,54.41,44.29,137.97,280.6218,75.53,127.53,15.87,32.92,117.02,85.4595,221.55,28.04,118.48,21.15,36.2954,91.15,51.02,139.74,47.77,146.55,92.78,100.06,10.1755,32.7834,38.46,22.97,67.83
2022-06-28,41.24,48435.45,133.19,27.93,39.6,20.58,417.0,41.59,66.23,36.23,7.85,53.91,43.05,135.8,281.5998,76.46,125.88,16.25,32.69,116.95,87.8273,221.17,27.53,114.49,21.2,36.5701,90.52,50.76,135.5,48.24,147.26,91.26,99.02,10.2046,33.4387,37.86,22.34,69.64
2022-06-29,,48061.61,130.94,28.09,38.49,20.43,412.94,40.39,65.81,36.42,7.88,54.34,43.8,135.55,278.2441,75.2,126.57,16.0,33.58,113.41,85.559,219.19,27.5,112.65,20.47,36.6192,89.37,50.15,134.87,47.6,149.0,91.99,96.5,10.2702,33.0019,38.1,21.75,69.83
2022-06-30,40.28,47524.45,132.63,27.68,38.1,20.58,396.41,40.47,65.71,35.5,7.85,54.38,43.39,135.73,269.5385,74.41,124.59,16.15,32.18,112.4,83.3802,222.05,27.3,111.47,20.16,36.0403,87.07,48.82,128.46,47.2,147.86,92.86,95.49,10.4233,31.2924,37.5,20.76,69.2
2022-07-01,40.42,47743.15,135.0,27.83,37.61,20.86,398.36,40.46,65.8,34.86,7.82,55.46,42.91,139.05,268.3017,74.81,124.25,16.05,31.49,112.99,81.9078,226.45,26.75,114.46,20.33,37.2177,88.17,48.93,129.5,47.1,147.38,92.15,97.0,10.5035,31.7293,37.31,20.6,70.25
2022-07-04,41.13,48036.38,135.73,27.65,36.53,20.65,401.1,41.0,69.22,35.33,7.77,55.03,43.13,142.13,269.5097,76.87,125.0,16.18,32.72,112.93,82.9425,231.0,26.94,113.49,20.64,36.5996,87.2,49.54,129.0,47.22,146.04,92.46,97.2,10.7513,31.5108,37.31,20.64,69.92
2022-07-05,,47503.22,134.63,27.28,36.67,20.73,392.52,41.77,67.3,35.23,8.04,54.82,43.13,132.47,272.7408,75.82,122.93,16.03,32.23,112.0,80.6841,230.48,25.88,115.68,20.5,35.7066,87.96,47.95,127.96,47.71,145.66,91.27,98.03,10.9845,31.6533,37.09,20.28,69.9
2022-07-06,40.34,47722.29,136.22,27.17,37.29,20.96,401.89,41.56,69.98,35.35,8.06,56.54,43.4,127.27,281.7724,76.71,123.9,16.15,32.87,112.6,81.102,232.02,26.74,115.32,20.39,35.9323,88.9,48.02,127.61,47.87,146.17,91.62,97.21,10.8971,31.6153,38.21,20.11,68.85
2022-07-07,40.4,47374.38,137.41,27.52,38.35,20.17,395.63,41.76,69.58,35.21,8.04,55.25,43.78,123.81,274.8213,77.3,124.45,17.0,32.13,111.88,84.0368,230.91,27.08,114.74,20.46,35.844,89.3,48.53,126.96,48.02,146.39,92.6,96.81,10.7877,31.2259,38.69,19.15,68.67
2022-07-08,40.45,47582.11,136.49,28.0,37.11,20.26,396.64,43.12,70.36,35.51,8.04,56.17,44.28,123.99,281.2642,76.94,123.0,17.18,33.33,114.02,84.0866,226.76,26.4,112.68,20.51,36.6094,89.67,48.52,128.21,48.5,146.71,91.7,99.21,10.8752,31.15,39.69,19.49,68.69
2022-07-11,40.3,47369.89,134.73,27.94,36.26,20.47,391.27,44.72,70.46,35.15,7.85,57.19,43.54,123.84,278.8865,76.63,123.59,17.16,33.44,111.24,82.4848,228.43,25.93,112.72,20.27,36.5897,89.76,47.55,127.65,46.8,148.54,91.5,101.26,10.8606,30.6561,40.3,18.78,68.78
2022-07-12,40.52,47651.52,135.0,27.76,36.07,20.75,384.67,44.18,68.29,35.49,8.13,58.71,43.43,124.85,277.7647,77.94,125.11,17.56,33.86,115.01,81.3208,232.5,26.3,112.95,19.99,35.6576,90.04,47.7,125.7,44.91,144.46,92.2,99.34,10.8606,30.941,40.11,19.23,70.15
2022-07-13,40.41,47461.35,135.0,27.45,36.5,19.86,384.99,43.67,69.07,34.28,8.09,57.91,44.3,124.87,275.176,75.63,121.4,16.97,33.36,114.74,81.2711,240.36,27.4,112.24,19.63,35.4319,89.8,48.0,125.32,44.33,140.1,91.3,98.95,10.5836,30.8651,40.0,19.58,72.64
2022-07-14,,46741.31,135.25,27.89,36.94,19.25,385.97,42.96,70.04,33.98,7.92,59.65,44.67,124.15,271.3314,77.4,120.89,16.22,33.5,113.6,78.0477,238.88,27.78,110.35,19.45,35.9029,88.17,46.67,122.34,43.68,141.46,88.64,99.65,10.7148,30.884,39.97,19.4,71.07
2022-07-15,40.04,47075.87,137.6,27.14,37.67,19.21,384.08,43.45,72.29,34.65,8.05,60.29,46.0,124.9,275.4445,77.79,120.5,16.3,34.1,112.88,77.789,241.01,28.27,113.16,19.47,36.1973,90.06,47.12,124.73,43.79,139.5,86.59,101.17,10.8096,31.0075,39.81,19.01,72.92
2022-07-18,40.15,46923.2,137.5,27.35,38.5,19.29,388.93,43.99,71.6,36.11,7.94,59.49,45.96,122.29,279.0878,77.65,120.46,16.59,34.51,111.81,77.023,250.61,28.7,113.32,19.5,36.5701,90.28,46.92,124.89,43.42,144.59,84.35,103.06,10.8898,31.188,40.53,19.01,71.84
2022-07-19,40.16,47259.23,136.82,26.86,38.85,19.46,390.16,44.48,72.12,35.76,8.2,60.03,45.78,124.06,278.1578,77.49,119.71,16.45,35.0,114.24,76.0281,263.0,28.43,115.08,19.82,36.0501,90.0,47.5,123.52,43.76,144.23,84.44,105.7,10.9262,31.169,39.9,19.72,70.7
2022-07-20,40.0,47132.49,129.31,26.7,38.89,18.95,386.14,45.89,72.22,35.87,8.1,59.56,45.38,122.79,275.6171,77.7,120.96,16.4,34.61,117.52,76.7146,257.18,29.11,112.02,19.8,35.9912,88.5,47.82,122.76,43.0,141.27,84.99,105.59,10.6274,31.3969,39.7,21.42,71.23
2022-07-21,,47416.37,131.32,26.87,37.86,19.18,384.26,44.84,73.05,35.26,8.27,57.17,45.89,122.11,270.8424,77.08,120.01,16.88,34.31,120.84,77.7592,250.04,28.88,111.97,19.5,35.9421,89.6,48.15,121.84,43.94,141.89,82.26,105.83,10.6638,31.2829,40.17,21.51,72.96
2022-07-22,40.11,47264.86,138.0,26.87,37.65,19.2,380.94,45.2,74.16,35.42,8.2,58.07,45.41,121.65,273.364,76.8,118.97,16.71,34.93,114.01,78.1969,249.34,29.51,112.25,19.67,35.9127,89.69,48.07,122.85,44.28,144.19,84.15,103.89,10.4597,30.9315,40.45,18.55,73.47
2022-07-25,,47202.64,139.3,26.88,38.99,18.99,383.0,45.47,74.08,35.5,8.34,58.81,46.04,120.9,271.2451,77.32,119.98,16.3,34.98,116.19,77.7691,252.75,28.89,114.94,19.27,35.8146,89.35,47.75,124.25,43.8,143.08,86.39,106.47,10.2629,30.6466,40.11,19.3,71.83
2022-07-26,38.91,46674.3,143.21,25.95,38.29,18.85,378.82,45.41,73.84,35.96,7.98,58.86,46.5,122.54,259.1359,76.33,118.02,16.42,34.8,113.92,75.2123,246.52,28.78,118.5,18.66,35.1277,89.75,47.52,120.4,43.4,142.13,85.86,105.73,9.9131,29.1176,39.46,19.15,70.69
2022-07-27,,46842.92,139.73,27.2,38.6,18.72,380.9,46.76,73.16,37.32,8.0,60.21,47.03,124.0,260.7849,78.34,121.94,17.28,34.97,112.92,74.9139,247.88,28.78,124.3,19.59,35.2258,90.0,47.67,121.07,42.37,143.99,87.12,109.4,10.2046,29.545,40.4,19.96,71.11
2022-07-28,39.98,48112.27,141.03,26.7,39.0,19.32,383.94,47.72,74.71,37.42,8.12,62.09,47.37,126.8,266.5375,79.92,123.81,16.94,36.99,117.35,78.2467,253.25,29.2,123.16,19.24,35.638,91.14,47.5,124.49,43.79,144.84,86.09,111.3,10.314,30.3902,40.57,20.06,73.32
2022-07-29,40.83,48144.33,140.93,27.01,39.77,19.37,383.25,47.83,72.15,38.24,8.19,61.94,46.21,126.52,264.5721,79.5,126.63,16.46,37.67,116.18,80.3757,253.36,30.1,123.12,19.03,35.5202,91.57,47.02,124.13,45.14,147.5,85.86,111.62,10.2119,30.3712,39.94,19.9,74.11
2022-08-01,,47384.56,140.0,26.86,40.64,19.2,387.93,47.38,71.08,37.71,8.35,61.55,46.19,124.71,259.8358,80.72,126.6,16.9,37.22,112.2,76.2868,251.03,29.22,124.31,18.34,35.01,92.0,46.5,131.15,44.09,146.92,85.11,108.4,10.2192,30.0863,39.64,19.17,71.84
2022-08-02,,46902.69,140.0,27.17,39.7,18.55,395.5,47.51,72.1,37.91,8.52,59.44,45.22,124.06,261.8396,79.99,123.51,16.61,36.3,111.63,76.0182,252.36,28.69,123.48,17.75,34.539,91.48,45.84,132.46,44.04,146.54,85.75,108.7,10.0734,29.2981,39.7,19.0,70.28
2022-08-03,39.95,46989.61,141.18,27.22,40.15,18.57,396.85,47.71,71.24,37.31,8.87,60.8,44.28,121.82,267.295,79.28,125.03,17.07,37.49,112.24,75.8789,248.55,28.46,122.57,17.94,34.3428,90.36,46.73,134.09,43.85,147.0,89.17,107.5,10.088,28.9657,38.67,18.92,71.17
2022-08-04,39.96,46916.17,139.99,26.9,41.88,18.7,400.43,46.05,70.7,37.0,8.77,61.13,44.52,123.47,275.0035,80.29,124.71,16.93,37.17,110.5,75.2123,245.7,28.29,121.59,18.1,34.2348,90.44,46.1,138.5,43.91,146.19,88.49,106.12,10.2265,28.9657,39.28,19.22,69.76
2022-08-05,39.59,46723.43,140.0,26.9,40.79,18.48,405.71,45.76,70.18,36.22,8.88,58.74,45.12,122.92,273.8913,79.3,124.88,16.53,36.37,110.2,75.6103,238.51,28.0,121.9,17.62,33.4008,90.62,45.34,140.18,43.34,145.13,88.53,103.92,10.1827,28.3959,39.15,20.3,69.64
2022-08-08,40.09,47354.86,138.49,26.8,39.79,18.6,414.14,47.0,73.19,37.47,9.03,60.41,45.0,122.72,278.7714,79.2,129.26,16.62,36.9,115.16,77.4906,238.6,27.96,121.0,17.1,33.8031,89.88,45.0,138.77,42.85,143.38,88.0,107.04,10.2046,28.6428,39.24,21.35,71.46
2022-08-09,,47241.81,136.71,27.29,39.03,18.88,413.09,47.37,75.6,37.6,8.77,58.33,43.95,122.4,277.8222,78.97,126.97,16.54,36.29,116.0,75.5307,231.74,27.97,122.16,16.94,33.7835,88.52,45.07,138.18,42.32,144.72,88.03,108.42,10.1682,28.3579,38.95,20.84,71.08
2022-08-10,40.52,47808.21,137.87,27.55,38.67,18.85,416.63,46.78,76.46,37.39,9.01,59.02,45.08,124.17,281.3889,78.37,125.04,16.75,36.06,120.68,79.938,233.32,27.8,120.43,16.7,34.382,89.05,46.0,137.95,41.34,145.22,88.2,108.0,10.1536,28.5003,39.16,20.88,71.51
2022-08-11,41.2,48460.55,139.1,27.84,38.76,19.26,428.8,46.8,76.05,37.71,9.01,59.3,44.6,127.57,284.7446,79.42,125.41,16.21,36.86,121.51,83.2708,232.49,27.92,123.74,16.99,33.5381,90.53,45.9,137.33,42.92,145.31,90.75,109.33,10.2338,27.997,39.12,21.35,71.57
2022-08-12,,48853.37,139.89,28.46,39.0,19.28,428.31,47.05,76.16,37.8,9.21,59.61,44.23,131.05,287.6113,79.48,127.69,16.5,37.92,123.2,83.5692,235.9,27.75,123.99,16.9,36.1089,91.64,45.95,136.94,42.72,147.99,91.94,109.72,10.2921,28.2154,38.95,21.51,71.8
2022-08-15,41.61,48638.36,141.01,28.2,38.16,19.21,437.0,46.74,75.47,38.15,9.06,60.29,44.79,129.67,286.9785,80.76,127.95,16.21,37.86,124.25,81.3606,232.71,27.54,124.99,16.9,35.9127,93.2,45.6,136.49,42.3,146.26,90.93,108.22,10.1609,28.2344,38.72,22.7,71.53
2022-08-16,,48801.68,142.8,28.03,39.31,19.63,440.96,46.27,74.97,37.9,9.14,59.84,44.07,131.19,290.5067,79.99,123.05,16.2,36.62,123.79,79.2714,233.39,28.6,125.34,17.25,35.4515,94.7,45.25,136.68,42.05,148.69,93.13,111.26,10.3941,28.1584,39.2,22.52,72.06
2022-08-17,,48734.04,144.62,28.07,38.48,19.37,446.65,46.01,73.68,38.02,8.98,59.83,43.93,131.81,291.5135,80.65,121.65,16.44,36.93,125.64,78.4258,232.25,29.02,125.95,17.07,35.6085,95.5,44.96,136.0,41.47,149.18,92.72,112.27,10.3723,26.9238,38.26,21.97,72.87
2022-08-18,,48729.8,144.0,28.24,37.98,19.13,449.47,45.95,73.6,38.39,8.83,60.0,43.8,133.87,295.0034,79.8,120.96,16.38,36.51,125.7,78.8237,232.0,29.74,126.32,17.12,35.3142,96.05,45.01,138.63,41.4,148.59,91.1,110.0,10.4014,27.6171,38.62,22.1,73.09
2022-08-19,41.8,48463.26,144.0,28.22,37.35,19.31,441.01,46.1,73.55,38.37,8.68,60.55,44.05,132.13,287.9564,78.01,121.1,16.85,36.11,127.65,78.7143,232.88,30.15,125.95,17.06,34.6175,94.31,44.69,135.56,41.59,151.12,90.42,106.8,10.2556,27.0188,38.95,20.78,71.36
2022-08-22,41.38,48016.61,144.0,28.27,36.81,19.26,430.82,45.96,74.34,37.49,8.36,60.34,44.11,132.98,278.1674,77.3,120.48,16.83,35.67,126.51,78.4556,232.69,30.45,124.32,17.05,34.4703,94.7,44.46,130.92,41.15,147.98,88.87,106.27,10.2483,25.8887,38.54,20.02,69.96
2022-08-23,41.22,47974.03,144.0,28.26,36.89,18.77,435.09,47.16,73.79,37.32,8.36,59.42,43.78,131.7,282.1463,76.2,117.87,16.49,35.29,126.99,79.4405,234.86,30.54,125.42,17.13,34.1171,94.78,44.4,134.99,41.18,149.26,87.7,107.49,10.2775,25.8982,38.0,19.96,70.84
2022-08-24,41.1,47449.73,140.01,28.97,36.86,18.62,430.01,47.54,73.08,37.11,8.21,59.67,44.51,130.3,279.6151,75.98,118.25,16.5,34.49,126.56,77.7791,235.65,30.65,124.59,17.34,33.5774,95.15,44.51,134.51,41.09,146.25,89.28,110.4,10.2046,25.9171,38.11,20.17,69.55
2022-08-25,41.07,47724.24,139.99,28.19,38.18,18.47,441.01,48.29,73.71,38.25,8.37,59.06,44.15,130.71,289.1165,76.01,121.13,16.31,35.25,125.9,79.7887,233.7,29.96,126.0,17.04,33.9699,94.62,43.3,137.14,41.04,149.44,89.5,113.5,10.1317,26.335,38.3,20.31,69.57
2022-08-26,41.08,47272.11,139.11,28.14,37.31,17.99,446.12,44.27,73.4,37.97,8.03,57.9,42.87,128.86,291.4176,75.99,118.79,15.73,35.03,122.56,79.5898,234.2,29.18,124.35,16.66,33.7638,94.04,42.55,138.32,41.0,146.69,89.75,112.56,9.9932,25.8412,38.3,18.73,68.31
2022-08-29,40.51,46322.1,139.26,27.6,37.34,17.78,434.51,43.52,70.68,37.53,7.86,57.0,41.78,129.08,280.1329,74.0,119.0,15.59,34.1,121.17,76.3166,229.23,28.23,125.04,16.6,34.0484,92.73,42.71,134.9,40.0,146.0,89.31,107.97,9.8183,25.2144,37.63,18.72,68.68
2022-08-30,39.94,45922.05,139.81,27.5,36.7,17.67,429.75,43.2,69.2,36.72,7.69,56.88,41.78,129.52,278.014,72.5,116.5,15.51,33.44,121.24,75.3118,230.0,27.58,124.48,16.43,33.8718,91.58,43.08,131.81,39.9,144.27,88.34,107.07,9.6579,24.806,37.2,18.67,67.23
2022-08-31,39.69,44919.22,136.36,27.69,36.5,17.15,424.4,42.21,67.87,36.29,7.43,57.17,41.06,126.1,276.0485,69.15,115.77,15.79,31.56,119.0,75.5108,220.25,27.35,122.99,16.46,33.391,89.78,42.26,131.85,38.0,141.75,88.25,108.92,9.2789,24.0463,37.25,17.97,66.02
2022-09-01,39.24,45383.85,138.22,27.49,36.36,17.19,425.0,42.63,70.0,36.46,7.66,57.59,41.05,129.9,273.1147,68.0,117.0,15.72,31.61,120.42,74.0185,221.02,27.42,122.9,16.31,34.2446,89.76,42.31,132.16,38.42,143.37,88.05,109.15,9.4174,23.7708,36.92,16.92,69.97
2022-09-02,,45888.63,137.63,27.5,37.38,17.52,427.9,43.6,72.22,36.4,7.83,57.58,41.2,130.0,276.2882,67.67,113.08,16.15,32.62,122.92,75.9585,222.04,28.34,122.21,16.29,34.2643,92.12,42.96,131.83,38.51,142.8,88.25,109.77,9.5122,24.0937,37.49,17.37,69.57
2022-09-05,,46026.08,137.8,27.9,37.3,17.35,433.0,44.45,70.16,36.75,7.76,58.83,41.17,130.1,279.4042,69.25,117.35,16.73,33.2,123.77,75.5804,220.55,27.71,121.04,15.27,34.3428,91.45,42.94,130.0,38.77,145.99,86.56,109.19,9.4976,24.2932,37.43,17.42,70.65
2022-09-06,40.12,45902.89,138.21,27.47,37.39,17.5,425.53,43.49,70.52,35.49,7.61,57.83,40.82,128.78,276.2882,69.61,116.76,16.58,32.3,121.62,77.0827,225.75,27.76,126.36,14.92,33.4891,94.24,45.3,131.02,38.21,141.41,83.86,109.0,9.4101,23.7234,37.37,17.09,70.43
2022-09-07,40.12,46056.97,137.82,27.55,37.52,17.4,429.0,43.72,71.77,35.8,7.69,58.03,40.49,131.96,278.6755,67.96,116.91,16.44,32.0,123.04,76.2569,221.31,28.06,124.33,15.12,34.1858,95.25,43.92,134.2,37.8,137.79,84.96,109.82,9.2935,23.8658,37.69,17.55,70.61
2022-09-08,40.4,46283.34,140.08,27.54,37.07,17.16,432.08,44.16,72.44,36.3,7.66,58.19,40.69,132.61,278.1003,68.53,117.0,16.19,32.39,122.68,79.5997,217.19,28.11,125.78,15.31,34.0778,96.72,44.07,134.7,38.61,138.6,84.77,110.2,9.2498,23.5809,37.83,17.65,73.35
2022-09-09,41.0,47042.94,140.76,27.81,37.55,17.26,438.08,45.39,73.15,36.3,7.87,58.68,40.91,131.78,279.0015,69.94,119.5,16.15,33.18,125.01,83.8379,222.3,28.3,125.04,15.58,33.8521,97.41,43.95,137.49,38.87,139.72,84.09,112.32,9.6434,24.2362,38.14,18.31,74.02
2022-09-12,41.83,47860.48,140.97,28.28,38.76,17.51,443.6,46.58,73.8,36.85,7.99,59.0,41.29,135.36,285.013,74.62,120.98,16.9,34.16,127.34,83.818,221.01,28.89,127.96,15.01,35.2062,98.52,44.72,140.64,39.3,136.31,85.8,115.03,9.7673,24.958,38.08,19.3,75.26
2022-09-13,,47039.74,139.2,27.8,38.58,17.08,437.43,46.22,72.81,36.25,7.77,57.51,40.26,132.82,278.9057,74.5,115.45,16.97,33.55,124.94,81.9775,220.28,28.67,126.4,14.87,35.1866,97.74,43.71,137.75,38.7,137.95,85.01,112.0,9.7381,24.2362,37.87,18.01,74.3
2022-09-14,,46745.15,139.27,27.85,38.7,17.02,435.13,47.51,72.88,36.04,7.62,56.5,40.07,133.84,277.9852,75.3,116.0,17.32,32.23,129.15,77.7095,218.39,28.29,126.97,15.7,35.3534,98.22,43.76,141.2,38.29,137.55,85.71,114.03,9.5632,23.5049,38.76,17.99,72.95
2022-09-15,,46769.78,139.76,27.8,38.34,17.06,433.97,48.29,73.43,34.6,7.25,57.88,39.95,132.12,276.4896,75.9,117.0,17.34,32.89,134.25,76.6947,216.5,27.49,124.4,15.7,34.6666,97.44,45.14,143.99,37.86,138.65,85.2,113.44,9.6215,23.5524,38.52,18.07,73.2
2022-09-19,40.75,46793.59,138.9,27.91,38.79,16.7,434.56,49.11,73.12,35.5,7.4,57.1,40.54,129.23,278.0428,76.73,118.09,17.27,33.57,138.02,75.9983,212.66,27.8,125.71,15.56,34.6273,93.04,44.46,144.19,38.79,140.23,85.18,117.94,9.7017,23.258,39.43,17.79,73.61
2022-09-20,,47068.53,140.25,27.65,38.46,17.45,431.18,50.34,73.32,35.58,7.1,56.66,40.08,127.79,278.0428,75.74,116.26,17.45,33.29,135.96,76.2669,213.81,27.31,125.0,15.83,36.2071,91.36,44.81,143.18,38.55,140.95,85.93,116.27,9.6652,23.0396,39.63,17.64,76.02
2022-09-21,41.12,46992.51,138.32,28.22,38.42,17.72,426.02,49.64,73.69,34.85,7.16,57.61,39.6,126.78,274.8788,76.69,115.9,17.58,34.58,136.11,73.919,216.92,27.04,121.23,15.23,36.2856,90.86,44.22,141.01,38.96,139.75,86.52,113.05,9.7235,22.1564,39.52,17.32,76.43
2022-09-22,,46324.92,139.23,27.33,36.4,17.7,418.13,49.7,74.73,34.11,7.01,58.0,38.97,126.39,266.528,74.3,116.83,16.9,33.21,134.01,71.591,212.51,26.01,120.86,15.55,35.2945,91.22,43.36,139.11,37.4,138.09,84.63,110.5,9.6142,22.0329,38.49,16.59,74.63
2022-09-23,39.37,45395.94,139.2,26.73,36.41,17.65,405.03,49.13,72.67,34.19,6.96,57.61,37.9,124.23,257.9662,72.3,114.76,16.48,33.12,131.23,68.2582,209.49,26.55,116.86,15.13,34.8628,90.64,43.22,134.56,36.41,139.81,83.36,112.15,9.5559,21.7955,37.7,15.8,73.32
2022-09-26,39.02,44808.56,139.7,25.61,35.06,17.55,394.51,49.35,71.5,33.13,6.75,57.27,36.58,122.26,249.3277,71.11,115.48,16.07,31.74,130.16,68.6462,207.68,26.06,115.17,14.36,34.6077,88.0,42.56,133.82,35.56,139.12,82.0,109.42,9.3226,20.9028,37.55,14.49,72.5
2022-09-27,39.32,45006.11,140.2,24.92,35.67,17.74,407.97,48.92,73.51,33.37,6.72,58.23,35.99,124.09,258.4935,71.01,116.53,16.5,32.25,129.07,69.0441,215.91,26.53,116.08,14.87,34.4507,87.62,42.03,134.32,34.62,138.11,82.08,109.36,9.2716,21.2447,37.6,14.7,72.65
2022-09-28,39.39,45442.21,142.1,25.84,35.89,17.87,405.79,50.37,73.5,34.15,6.83,59.39,36.59,125.17,260.0083,72.99,118.57,16.49,32.53,132.48,69.1436,211.46,26.54,115.99,14.8,36.2071,87.95,41.65,134.59,35.63,139.77,83.61,113.98,9.206,21.748,37.5,15.45,72.4
2022-09-29,39.15,45102.55,143.69,25.45,35.42,17.05,401.11,50.19,72.74,34.16,6.9,59.64,35.54,123.73,254.9844,74.48,119.91,16.44,32.36,129.0,68.6462,205.02,26.65,117.3,14.01,35.324,88.79,41.41,129.37,34.75,141.19,83.76,113.82,9.2133,21.4346,38.0,14.91,72.98
2022-09-30,39.05,44626.8,145.01,26.22,36.15,16.59,396.0,50.99,70.77,33.8,6.96,59.66,35.53,126.32,244.4859,74.17,119.37,17.32,31.97,129.01,67.6712,191.78,26.76,117.36,13.9,35.0198,88.03,40.57,126.69,33.9,137.01,83.17,113.52,9.3299,20.6369,37.58,14.2,70.73
2022-10-03,39.56,45429.75,145.13,27.0,36.49,16.94,409.91,52.19,71.73,34.25,7.0,60.31,35.45,128.4,258.0812,75.7,119.28,17.2,33.19,131.75,72.9042,191.7,26.61,121.0,13.68,35.8146,88.44,40.05,130.55,34.02,137.63,81.18,114.39,9.4393,20.7318,37.31,14.86,71.45
2022-10-04,40.04,46046.58,143.16,26.9,36.54,17.02,417.71,53.22,71.68,35.07,7.47,60.91,35.97,130.61,260.9767,74.58,124.46,17.37,34.6,132.99,74.2473,199.36,26.09,121.75,13.18,36.7958,90.7,41.67,133.53,34.13,137.78,81.21,120.02,9.2716,21.5486,37.69,16.26,71.8
2022-10-05,39.72,45845.83,142.22,26.65,36.98,16.6,415.72,53.74,72.26,35.11,7.3,61.0,36.89,127.94,263.4982,74.98,124.11,17.38,33.91,132.93,72.9639,197.6,26.41,123.41,12.7,35.7165,89.53,41.56,131.99,32.92,132.23,81.7,121.49,8.9582,21.2352,37.32,16.34,72.62
2022-10-06,40.65,46326.68,143.22,26.87,36.82,16.47,420.68,54.06,71.04,34.89,7.29,62.07,36.65,130.81,271.2355,75.9,128.0,17.33,35.4,138.23,71.7303,200.0,26.88,122.12,13.35,36.3052,91.14,42.55,131.7,34.13,131.79,81.5,119.43,9.1769,20.5419,37.5,16.44,73.27
2022-10-07,39.79,45728.87,144.27,27.0,36.17,16.4,416.67,55.35,72.89,34.42,7.12,62.96,36.75,127.6,266.8731,75.03,123.33,17.49,34.82,141.0,68.3875,202.5,26.13,120.57,13.55,36.001,92.03,41.56,134.0,33.05,132.33,79.87,119.11,8.9582,20.162,37.67,15.79,72.0
2022-10-10,39.6,45457.12,142.09,26.68,34.93,16.47,413.37,55.44,70.41,34.11,6.89,63.26,35.77,125.36,265.1377,73.63,123.75,17.23,34.76,140.34,66.0893,200.0,26.2,119.73,13.66,35.6282,89.2,40.4,136.33,32.56,132.52,83.19,119.07,8.8926,20.2,37.22,15.6,72.74
2022-10-11,40.07,45792.99,140.69,26.87,35.6,16.81,409.65,55.11,72.0,34.82,6.83,63.9,36.79,127.0,265.0994,73.75,123.26,17.29,33.98,143.41,67.2434,200.0,26.42,119.31,13.44,35.8146,89.07,41.58,135.82,33.14,132.74,83.78,119.68,9.0165,20.2,37.7,15.13,73.49
2022-10-12,39.75,45679.84,144.39,26.58,35.11,16.35,412.51,55.4,71.19,34.86,6.84,64.78,36.61,125.87,263.0285,74.2,124.3,17.28,35.24,145.31,65.2437,203.77,26.32,117.46,13.46,35.3338,89.36,42.7,134.5,34.01,132.9,83.84,121.16,8.9363,20.314,37.89,14.88,73.51
2022-10-13,,45766.94,145.86,26.5,35.84,16.53,424.2,55.34,70.67,34.28,6.75,64.04,37.24,126.25,272.2997,74.72,120.55,17.76,34.53,146.51,65.8008,201.48,25.85,119.9,13.54,35.952,90.21,41.59,138.81,33.28,131.55,83.47,121.59,8.7978,20.3329,37.87,14.96,72.65
2022-10-14,,45443.35,144.41,26.68,35.82,16.23,425.07,54.8,70.06,34.43,6.5,64.38,37.9,125.75,278.9919,73.19,120.5,18.18,35.05,147.61,64.6667,202.69,26.01,118.26,13.16,35.8931,89.95,41.2,138.58,32.88,132.8,82.52,121.34,8.7104,19.3833,37.55,14.44,71.6
2022-10-17,40.2,46220.72,145.31,27.29,36.17,16.66,435.01,56.57,73.0,34.27,6.92,65.21,37.72,126.13,279.3946,76.84,120.2,18.28,35.54,153.01,64.995,210.06,26.37,119.98,13.34,36.2659,90.95,41.92,139.05,33.65,132.33,83.07,129.48,8.9072,20.1905,38.8,15.29,71.04
2022-10-18,,46309.23,146.79,27.5,37.52,16.4,435.34,55.8,71.93,34.25,7.01,66.46,37.3,127.86,283.0379,74.71,121.5,18.9,36.19,151.99,65.5322,205.54,26.79,120.65,14.1,36.472,92.39,43.39,140.25,34.62,134.31,83.01,126.92,9.0675,20.124,38.98,15.91,71.5
2022-10-19,,46217.44,145.25,28.1,37.63,16.95,432.06,54.71,70.04,35.1,6.77,66.8,37.29,130.37,281.3409,74.81,120.32,18.96,35.86,150.55,63.443,203.0,26.51,121.43,14.08,36.3346,93.03,43.43,142.71,34.4,136.76,81.33,127.59,9.0894,19.6967,39.27,15.92,71.18
2022-10-20,,46315.41,143.06,28.48,36.54,16.76,430.15,54.0,70.5,34.52,6.82,66.36,37.11,129.4,269.4905,74.93,116.03,19.47,36.41,152.4,63.3833,214.26,27.3,119.21,14.27,36.6977,95.0,42.87,144.98,34.13,138.22,80.68,126.1,9.2862,20.105,37.83,15.76,73.07
2022-10-21,40.84,47120.08,144.86,28.15,36.7,17.06,440.13,54.38,71.8,35.84,6.99,69.8,37.26,132.05,270.5931,76.49,119.99,19.08,36.75,156.4,64.2787,215.01,28.2,120.98,14.06,36.3052,94.0,41.48,144.41,34.58,140.91,79.42,125.81,9.2279,20.0006,39.99,16.78,74.75
2022-10-24,41.6,47765.24,149.89,28.24,36.65,17.59,452.09,54.14,73.37,36.24,7.07,70.89,38.51,136.53,278.2633,74.78,118.0,19.04,36.76,161.3,61.702,214.81,28.86,120.77,14.4,36.3052,94.57,41.4,151.35,34.34,140.71,79.88,126.92,9.432,19.7062,40.2,17.38,74.81
2022-10-25,42.2,48641.27,154.15,27.18,37.27,17.86,441.04,54.39,75.22,35.45,7.25,71.7,38.8,138.5,276.3266,77.4,119.42,19.71,38.2,164.91,64.2289,224.99,29.94,122.79,14.34,36.2071,95.98,42.05,154.01,35.05,140.78,82.43,133.06,9.432,19.7821,41.53,16.62,75.48
2022-10-26,42.95,49327.11,155.41,27.35,37.83,18.38,445.3,54.28,74.6,35.91,7.43,77.28,40.12,139.68,281.9737,76.78,124.89,19.98,37.28,160.48,71.402,230.07,29.37,124.53,14.46,36.3052,97.4,42.97,157.06,36.27,143.73,79.11,131.84,9.5705,19.7916,43.99,16.46,76.74
2022-10-27,,48892.56,157.16,27.7,38.29,18.27,444.55,55.62,74.8,36.25,7.05,79.2,40.06,137.39,282.7599,79.16,121.22,19.86,36.42,156.31,73.0932,225.96,30.68,124.22,15.0,35.324,98.17,42.58,156.72,34.1,143.78,78.1,136.52,9.4466,19.1648,42.27,16.2,75.91
2022-10-28,42.85,49086.3,157.6,27.68,37.11,18.37,445.01,55.39,76.43,35.06,7.45,78.55,41.76,140.03,287.036,78.85,121.35,20.26,36.36,157.22,70.2181,227.21,30.79,123.49,15.28,35.9029,98.86,41.55,157.16,32.88,146.79,76.54,138.75,9.4684,19.6492,43.15,16.35,75.34
2022-10-31,43.4,49922.3,161.86,27.8,38.06,18.7,464.97,55.78,76.81,35.92,7.72,80.09,41.96,142.14,294.639,79.9,123.61,20.32,36.43,161.29,71.004,228.65,31.22,124.62,15.25,35.7165,101.23,41.27,158.0,33.33,149.04,77.75,138.1,9.5923,19.9436,43.17,16.77,76.54
2022-11-01,44.41,50864.85,164.11,28.44,38.1,18.84,464.11,56.4,81.9,36.46,7.78,80.29,42.52,145.75,301.4942,81.69,128.36,20.42,37.58,163.03,72.9142,228.01,31.51,127.19,15.65,35.9716,98.41,41.75,159.14,34.17,151.36,84.48,138.67,9.7235,20.219,43.28,16.95,78.72
2022-11-03,43.87,50215.87,165.69,28.39,37.08,18.9,438.66,57.65,79.57,35.64,7.41,78.85,42.4,144.29,287.9468,82.01,127.34,20.0,36.42,163.76,70.1484,228.34,31.27,124.04,14.81,35.8244,100.66,42.94,158.0,34.1,153.99,85.19,144.5,9.6652,19.6302,43.98,16.15,77.58
2022-11-04,44.77,51173.75,165.69,29.02,38.15,19.54,448.33,57.8,81.07,35.64,7.93,79.74,42.48,144.43,300.1903,85.0,128.79,20.4,38.04,166.76,77.1921,231.66,31.43,123.43,14.5,36.9626,101.07,43.36,159.51,35.48,155.94,84.99,148.15,10.1026,19.2503,43.48,16.83,76.78
2022-11-07,44.8,50760.17,164.27,28.47,38.09,19.55,440.31,57.94,80.26,35.43,7.9,79.28,42.11,145.01,296.3456,83.0,127.74,20.6,36.78,160.09,72.944,231.86,31.7,126.68,14.49,37.463,101.49,43.32,159.1,36.65,159.7,80.4,145.01,10.1682,19.3073,43.42,17.32,75.87
2022-11-08,44.69,50888.47,166.02,28.3,38.78,19.67,447.4,56.69,81.56,35.17,8.04,79.21,41.1,147.7,300.0561,83.1,128.45,20.44,37.01,156.03,75.4113,231.17,31.73,128.53,14.39,36.5603,101.04,45.08,159.49,36.7,160.42,79.75,141.32,9.9641,19.7631,43.7,17.12,75.55
2022-11-09,44.47,50545.76,168.64,28.0,38.7,19.82,450.57,57.2,81.57,36.14,7.96,79.49,41.39,146.45,300.0944,81.81,129.79,20.35,36.73,153.0,74.7547,227.49,31.72,128.06,14.3,35.4025,100.0,45.07,159.5,37.45,161.81,80.06,140.53,9.8766,19.0983,42.91,17.21,73.9
2022-11-10,44.9,51031.71,170.74,28.26,38.55,19.37,459.69,58.99,82.88,36.49,8.52,79.14,41.76,147.47,309.0973,83.0,134.22,20.37,36.74,153.7,75.9187,226.98,32.57,128.35,15.25,36.1089,101.01,46.38,161.5,37.8,161.71,81.05,142.0,10.0443,19.5637,43.57,18.53,73.4
2022-11-11,45.84,51959.2,169.49,27.76,39.03,19.67,472.03,58.81,83.49,36.64,8.93,83.05,43.33,150.4,322.0886,86.0,140.54,20.32,36.99,151.0,81.7486,227.0,33.3,130.16,15.75,36.472,104.26,46.96,163.22,39.06,168.34,85.86,141.5,10.1973,21.4631,43.51,19.34,72.69
2022-11-14,45.71,51785.13,169.01,28.08,38.2,19.66,470.65,58.15,85.73,36.28,8.71,81.63,43.0,148.1,319.4903,87.39,138.75,19.63,37.39,149.5,80.5846,229.26,33.01,131.42,15.18,36.4818,102.14,48.0,163.23,40.33,166.0,84.81,138.99,10.1317,21.1212,43.14,20.0,72.12
2022-11-15,,51655.68,165.51,28.28,38.38,19.44,477.1,58.81,85.57,36.81,8.74,80.83,42.69,150.8,313.2296,85.64,135.78,20.5,37.18,152.99,80.6543,226.85,33.1,131.75,15.87,36.992,104.5,48.11,168.25,39.17,163.43,83.84,146.28,10.2483,21.1117,42.9,20.55,71.82
2022-11-16,45.5,51544.94,167.32,28.24,38.5,19.16,473.65,61.24,85.91,37.4,8.91,81.47,42.53,150.31,306.6908,85.12,138.5,20.13,36.42,150.68,78.5054,231.18,33.2,132.99,15.79,36.7467,107.0,48.25,170.38,39.0,171.19,83.9,142.65,10.1973,20.8648,42.13,20.45,72.97
2022-11-17,45.34,51360.87,167.28,28.8,39.17,19.47,468.83,61.05,85.38,36.9,8.79,82.59,42.87,153.75,306.1922,85.89,136.72,20.09,37.46,149.29,75.7893,233.71,32.14,132.75,15.85,35.9912,109.5,46.68,170.02,40.04,170.69,83.79,143.61,10.2994,20.1905,42.29,19.73,71.9
2022-11-18,,51569.72,165.87,28.1,40.01,19.46,471.09,60.76,87.5,37.53,8.74,83.83,44.66,154.75,304.6773,86.88,136.66,19.98,37.65,153.02,74.6751,233.37,32.96,133.84,15.73,35.6968,111.46,47.57,169.61,38.33,171.44,83.37,144.23,10.3285,20.0575,42.3,19.44,71.25
2022-11-22,,51760.54,164.48,28.06,40.91,19.89,458.27,59.94,85.58,37.48,8.73,84.41,44.45,153.44,297.7359,87.15,136.31,19.73,37.02,152.96,77.1026,228.67,32.69,132.08,15.69,36.9724,111.13,47.59,170.22,37.81,165.86,83.35,140.99,10.19,20.2285,42.79,19.84,74.58
2022-11-23,45.76,51993.95,162.0,28.2,40.47,19.8,466.58,59.43,86.99,37.49,8.91,84.92,44.7,154.9,303.9103,85.35,137.05,20.12,37.38,154.24,74.2572,239.13,33.17,132.26,15.77,36.2561,111.11,47.67,172.63,38.85,169.75,83.99,143.36,10.314,19.8201,42.71,19.94,75.23
2022-11-24,45.48,51979.01,165.3,28.45,40.31,19.99,471.01,60.18,87.4,37.36,8.98,84.97,43.62,154.99,300.7368,83.36,139.96,20.08,37.28,153.9,72.7152,241.59,33.01,133.05,15.6,36.1776,111.31,47.44,170.01,39.1,168.14,83.41,142.49,10.3067,20.6084,42.74,19.8,74.8
2022-11-25,,51668.64,162.0,28.05,40.69,19.78,474.28,60.0,86.49,37.7,8.75,84.5,43.57,154.34,298.6659,82.3,134.55,19.76,36.5,156.01,70.3374,234.0,32.94,130.03,15.85,36.6879,112.08,48.84,169.85,37.66,167.61,82.96,142.99,10.0953,20.8933,42.51,19.43,74.32
2022-11-28,45.21,51081.33,161.19,27.61,39.68,19.25,463.35,60.68,83.71,37.7,8.59,84.07,43.3,153.32,297.5345,82.82,137.39,19.9,35.91,153.02,68.6561,234.0,33.3,131.11,15.69,36.1089,114.05,48.05,165.5,36.95,168.16,83.28,142.68,9.9276,20.6558,42.66,19.33,75.2
2022-11-29,44.29,50174.06,161.19,27.23,38.38,18.63,458.38,59.62,82.0,37.45,8.47,83.32,43.24,150.74,286.6333,82.59,137.0,19.95,35.59,150.07,72.0188,231.52,32.75,129.37,15.47,35.7655,111.97,47.09,163.44,37.01,167.56,81.31,139.33,9.6215,19.5732,42.24,18.92,72.5
2022-11-30,,51684.86,160.6,27.22,38.8,18.75,478.5,62.69,81.87,38.09,8.82,83.39,43.48,153.98,300.4683,84.09,138.03,20.48,36.38,154.85,78.0975,238.86,32.83,131.86,15.55,35.3436,112.08,49.0,167.49,37.8,171.06,81.23,140.87,9.8402,20.181,43.09,19.19,76.25
2022-12-01,45.35,51457.55,159.99,27.64,39.62,18.71,478.13,63.27,82.25,38.19,8.67,82.89,43.98,152.53,298.1577,86.83,137.82,20.57,36.13,152.45,80.0772,241.9,32.9,131.87,16.13,35.324,111.87,49.73,169.98,38.34,174.53,85.53,142.62,9.9859,20.0006,44.97,19.72,73.32
2022-12-02,45.41,51234.37,162.64,27.52,39.7,18.25,478.96,61.33,83.09,38.19,8.5,83.75,44.83,151.11,291.36,85.97,137.23,20.74,35.15,149.85,78.9132,246.76,33.06,133.56,16.67,35.0394,112.21,50.24,168.49,38.25,175.98,86.51,144.5,9.8547,19.3263,44.81,19.19,74.99
2022-12-05,,50799.46,160.82,27.59,39.13,18.4,475.32,60.74,83.58,38.14,8.34,83.29,43.97,151.0,290.5834,83.0,136.01,20.75,34.63,150.01,78.4755,245.72,33.51,133.65,16.69,35.1474,114.31,50.64,166.73,37.09,171.58,84.89,142.0,9.6579,19.2883,43.88,19.06,72.77
2022-12-06,45.59,51020.65,164.21,27.35,38.64,18.4,495.06,60.1,82.05,38.77,8.46,83.1,45.39,150.68,300.0944,82.1,136.38,20.9,34.2,147.47,79.152,251.24,33.77,134.64,17.0,35.638,116.5,52.2,170.82,37.81,171.82,85.78,138.53,9.7454,19.0129,44.06,19.0,73.28
2022-12-07,45.27,50725.96,162.4,27.52,38.95,18.3,492.04,61.14,83.37,38.84,8.34,83.24,44.96,151.76,303.0283,83.99,137.29,21.19,35.62,144.73,76.6051,254.61,33.64,132.66,17.75,36.6486,117.66,49.65,168.83,37.25,172.02,85.52,138.0,9.6871,18.9369,44.42,18.56,72.5
2022-12-08,45.3,51078.7,164.95,27.38,38.95,18.23,492.39,61.51,85.66,39.7,8.31,85.84,45.25,151.75,298.5604,84.74,137.25,21.64,35.96,147.12,79.5798,256.0,33.38,130.57,17.54,37.3355,117.7,49.86,168.42,37.23,175.6,87.35,141.69,9.7163,19.1268,45.31,18.99,72.6
2022-12-09,,50466.25,162.48,27.2,39.13,18.01,487.0,61.12,85.79,39.29,8.3,83.02,44.11,154.15,294.4377,84.43,134.95,20.93,35.12,143.26,77.8089,250.7,32.98,129.79,17.26,37.3257,119.56,49.88,162.06,36.61,173.1,86.98,139.46,9.6652,18.5475,45.13,19.4,70.6
2022-12-13,45.05,50333.1,166.64,27.21,38.81,17.93,491.06,60.9,86.98,38.62,8.2,83.35,43.78,153.32,293.1913,87.88,135.34,21.55,34.92,143.8,76.1674,253.8,33.9,130.77,17.24,37.2962,118.43,56.09,161.79,35.2,173.71,85.01,137.0,9.6652,19.4307,45.51,19.27,68.87
2022-12-14,,50047.7,163.8,27.45,39.15,18.11,485.19,61.0,86.08,37.93,8.27,80.6,43.44,152.73,289.3754,86.38,133.74,21.43,34.45,142.82,74.1279,253.38,34.23,130.99,17.53,37.2864,117.84,52.36,155.44,34.9,171.61,84.04,136.48,9.4684,19.2598,46.27,19.23,69.12
2022-12-15,44.12,49342.34,162.01,27.32,39.29,17.8,470.49,60.86,84.42,37.84,7.97,83.27,42.37,151.26,284.1118,84.21,133.46,21.09,33.9,143.0,71.8895,248.84,33.55,131.26,17.72,35.9127,117.49,50.5,154.99,34.59,169.99,83.02,137.85,9.3226,18.3386,46.21,18.72,68.69
2022-12-16,43.72,49630.15,161.8,27.14,38.71,17.82,468.4,60.47,85.28,37.51,8.03,84.34,43.0,150.49,281.8587,84.53,130.37,21.54,34.16,145.3,72.2178,249.63,32.72,133.12,17.54,37.0411,117.05,54.23,150.5,37.37,170.08,83.9,140.11,9.6871,18.0537,46.16,17.72,70.6
2022-12-19,44.29,49946.1,164.62,27.49,37.65,18.02,472.36,62.48,86.48,37.59,8.1,83.77,42.23,150.28,282.3764,86.37,134.47,21.41,34.83,148.7,72.1481,256.38,33.52,134.07,17.49,35.4712,115.88,54.1,152.5,36.09,170.08,85.59,140.05,9.6142,17.6548,45.96,17.11,71.09
2022-12-20,,50139.42,164.28,27.77,37.41,18.07,474.53,62.32,85.76,37.48,8.13,84.4,42.4,151.69,279.8548,86.05,134.26,21.39,34.39,147.68,73.919,253.28,33.81,133.88,17.05,35.8342,116.0,53.16,150.56,35.44,169.5,84.22,140.4,9.6215,17.4079,46.49,17.01,71.99
2022-12-21,44.7,50426.26,164.9,28.19,36.98,18.15,486.02,63.2,86.52,37.76,8.23,83.81,42.76,152.83,286.3265,87.22,135.0,21.44,34.41,146.87,73.9588,257.95,33.86,135.85,16.84,36.3052,113.33,53.68,154.11,35.49,170.68,85.99,142.99,9.5486,17.5314,46.69,17.0,72.4
2022-12-22,44.5,50097.22,162.24,28.05,36.67,18.1,485.87,62.2,85.67,37.88,8.15,83.94,42.48,151.82,286.2882,85.02,133.36,21.61,34.6,146.11,72.6754,256.76,33.84,135.05,17.04,35.8833,112.04,52.94,153.5,34.7,166.54,85.37,140.28,9.381,17.066,45.95,16.55,72.65
2022-12-23,44.98,50578.09,163.25,27.96,36.95,18.24,488.41,63.59,86.09,37.9,8.24,84.6,42.93,154.59,287.8989,87.66,131.9,22.32,35.18,148.63,73.4415,260.83,33.98,135.5,16.94,36.7958,112.88,52.74,158.89,36.5,172.83,87.28,142.84,9.3882,17.5408,46.77,16.63,71.98
2022-12-26,,50273.89,160.55,27.91,37.19,18.22,478.27,63.6,85.74,37.78,8.16,84.21,43.5,153.06,280.8424,86.14,131.9,22.51,34.65,146.68,72.6356,269.7,34.0,136.5,16.85,37.4827,116.28,53.3,156.55,35.8,170.99,88.05,141.52,9.3154,17.3794,46.75,16.94,71.1
2022-12-27,45.04,50440.02,161.76,28.2,37.57,18.23,488.14,63.49,86.74,38.3,8.19,84.9,43.1,155.16,284.4186,87.0,131.9,22.5,35.23,147.01,73.0037,268.07,33.9,135.28,16.92,37.6102,113.6,52.66,158.65,35.75,168.63,86.83,142.89,9.3737,17.047,46.43,16.52,71.03
2022-12-28,,49648.21,160.99,27.81,37.25,17.81,472.82,62.08,85.61,37.93,8.04,84.49,42.66,152.8,278.129,84.36,128.8,22.13,34.67,144.85,72.2277,267.25,33.85,135.16,16.49,37.1196,114.44,51.99,157.5,35.0,162.87,86.55,142.29,9.1842,16.5912,45.67,15.59,70.0
2022-12-29,,49517.86,159.08,27.61,37.5,17.92,469.1,61.63,84.12,38.29,8.13,83.02,42.51,154.51,276.9306,84.16,130.0,21.83,33.83,143.43,70.6658,267.97,33.83,134.39,16.68,37.1098,115.59,51.99,154.29,35.41,163.8,87.22,139.51,9.1987,17.0945,45.91,16.3,69.87
2022-12-30,,48463.86,158.04,28.5,36.78,17.6,454.01,61.38,82.3,37.73,7.92,83.02,42.55,152.35,267.8798,82.02,129.79,21.98,33.0,140.24,68.3477,260.32,33.07,131.89,16.87,37.149,115.3,51.87,149.82,34.55,158.55,86.22,141.0,9.0602,16.8096,46.18,16.23,68.88
2023-01-02,,48993.24,156.79,27.63,37.21,17.9,471.48,61.87,84.65,38.16,7.98,83.02,42.15,152.34,271.178,84.83,127.83,22.0,33.62,142.85,69.4421,264.97,33.54,129.6,17.53,36.6094,114.4,52.16,152.54,35.0,163.26,86.43,140.81,9.1404,16.952,46.0,16.25,69.15
2023-01-03,43.39,49050.46,160.98,27.47,36.63,17.73,471.87,62.31,84.51,37.59,8.03,83.35,41.15,150.91,274.3419,84.42,130.25,21.5,33.21,142.5,70.1783,261.42,33.77,126.51,16.96,36.8056,113.75,53.85,153.75,35.47,163.67,86.45,137.51,9.1258,17.0945,46.06,15.23,69.25
2023-01-04,,50161.27,162.35,27.84,37.13,18.08,474.6,63.99,85.89,37.93,8.48,85.76,40.35,151.54,282.8941,83.56,137.79,22.0,34.0,145.85,73.0236,261.25,34.47,129.06,17.21,36.5112,115.45,53.55,159.5,36.37,162.43,87.63,142.76,9.4611,17.8637,47.69,17.05,70.49
2023-01-05,45.16,50805.21,163.48,27.94,38.62,18.43,484.48,61.92,87.68,37.83,8.55,85.62,41.49,152.9,293.872,86.33,138.0,22.16,34.88,145.4,75.7297,264.03,34.75,128.58,17.34,36.0403,115.99,54.64,160.11,36.6,166.88,87.34,145.01,9.4393,18.0917,48.01,17.24,70.41
2023-01-06,45.96,51730.5,164.2,28.11,39.5,18.52,492.06,64.85,88.12,38.26,8.8,85.12,42.53,153.47,297.6016,89.98,143.79,22.84,35.48,150.76,77.2817,265.5,35.36,131.34,17.64,36.3935,117.12,56.56,164.0,38.39,168.52,88.2,147.38,9.8256,18.3196,47.97,17.88,72.45
2023-01-09,46.38,52280.05,162.17,28.17,40.21,18.62,496.06,65.31,90.49,38.87,8.62,83.95,43.14,154.17,304.3609,89.24,148.0,22.95,35.68,154.05,80.3359,267.31,35.61,130.47,17.5,36.6486,117.84,59.49,167.99,38.74,172.65,89.4,150.6,9.8839,18.4051,48.57,19.11,72.37
2023-01-10,46.36,52344.02,161.88,28.5,40.7,18.84,497.0,65.87,90.3,38.6,8.58,83.59,43.9,153.14,306.3839,87.36,147.72,23.43,35.52,153.57,82.5744,269.88,34.9,130.66,17.55,36.6781,116.34,57.15,165.6,38.45,176.29,87.73,148.0,9.9131,18.5285,48.08,19.35,72.43
2023-01-11,47.37,53209.0,163.0,28.86,41.24,18.97,497.99,66.14,90.45,38.61,9.35,84.81,44.42,159.37,306.988,89.13,152.44,23.46,34.89,154.5,85.6684,269.52,34.85,134.29,17.3,36.5014,117.45,57.78,165.95,38.69,180.31,88.27,150.88,9.9859,19.0604,48.49,19.96,72.72
2023-01-12,47.59,53593.86,161.3,29.4,42.36,19.24,507.2,66.9,91.4,38.75,9.55,84.2,44.82,159.57,308.9247,89.67,157.0,22.94,35.93,155.7,87.0115,267.74,35.01,132.8,17.47,37.1785,118.54,57.22,167.05,39.06,178.63,91.14,154.04,10.0005,19.5067,47.7,20.01,73.0
2023-01-13,47.65,53576.72,160.0,29.34,42.68,19.16,510.01,66.47,91.23,38.69,9.4,84.62,44.83,159.5,310.1615,91.4,157.99,22.84,35.83,157.44,85.758,267.51,35.11,132.26,17.41,37.2864,118.27,58.2,168.45,38.84,178.94,91.01,150.3,10.037,20.1905,48.48,19.82,73.3
2023-01-16,47.48,53631.89,164.14,28.76,41.77,19.68,527.29,68.0,92.64,38.66,9.57,85.5,45.04,164.01,316.892,92.8,158.88,22.51,36.68,155.55,77.222,276.38,35.2,136.1,17.75,37.6397,118.38,58.0,171.08,39.08,181.9,91.6,152.0,10.3431,20.5229,48.41,19.13,71.91
2023-01-17,46.97,53128.97,163.29,29.15,41.89,19.45,511.01,67.48,91.86,38.6,9.35,86.62,44.9,161.03,311.7818,90.35,149.58,22.05,36.5,155.85,78.3561,269.47,34.6,134.99,18.16,37.9733,119.0,57.36,167.66,38.98,178.02,91.06,151.8,10.3504,20.2095,48.5,19.7,71.77
2023-01-18,47.24,53218.83,161.5,29.3,41.68,19.6,519.22,67.65,91.8,38.59,9.3,87.62,44.39,161.14,313.9678,92.15,148.0,21.46,37.04,153.57,79.5798,271.98,35.41,134.62,17.5,38.3658,117.21,58.64,168.98,38.97,180.85,93.13,152.88,10.4014,20.6369,48.99,20.28,71.76
2023-01-19,,53382.65,160.6,29.38,42.17,19.67,528.65,67.75,92.29,38.51,9.28,89.06,44.08,158.77,317.4865,92.05,148.22,21.27,37.16,154.0,79.9579,274.87,35.0,132.78,17.45,39.19,119.6,58.72,172.39,38.83,179.36,93.36,153.9,10.0661,20.7413,49.57,20.98,72.8
2023-01-20,47.35,53947.04,162.33,29.27,42.3,19.8,537.72,69.5,92.0,38.65,9.44,88.4,44.48,159.01,325.6072,92.72,148.45,21.3,37.96,154.74,82.1565,273.51,36.34,134.27,17.46,39.2489,118.96,58.8,173.7,39.58,183.15,92.86,156.06,10.19,20.8078,49.6,20.79,73.91
2023-01-23,48.3,54341.25,163.56,30.0,43.5,19.85,544.19,69.98,95.01,38.65,9.45,89.72,45.19,161.23,329.567,94.97,148.81,21.36,38.76,156.87,81.2512,275.89,36.12,137.98,17.54,39.1507,117.47,58.17,176.0,39.4,184.64,93.01,158.13,10.0807,21.1592,50.45,20.91,74.54
2023-01-24,48.56,54870.5,166.39,30.39,44.0,19.86,550.41,70.75,95.85,39.06,9.51,89.85,46.2,161.75,334.2649,94.89,148.29,21.36,40.18,159.0,83.2708,274.58,35.85,141.65,17.08,39.2194,118.89,57.44,178.95,38.95,184.13,93.61,160.59,10.0588,20.9597,50.47,21.06,75.3
2023-01-25,48.34,54871.36,164.7,29.78,44.6,19.96,544.62,71.47,95.79,39.65,9.59,87.6,45.94,162.14,330.4394,96.62,147.79,21.29,40.77,157.6,83.3703,273.87,35.74,141.87,17.14,39.0919,117.96,57.68,176.55,38.85,183.19,95.3,163.8,9.9422,21.0737,49.88,21.37,76.15
2023-01-26,48.42,55164.01,162.97,29.98,45.18,20.06,545.51,76.6,95.56,40.49,9.99,92.0,46.3,162.95,334.6868,97.0,148.99,22.29,41.18,155.69,83.2509,281.63,35.62,142.44,17.35,39.2489,118.59,58.18,178.63,38.8,185.53,94.98,166.28,9.8912,21.3586,50.99,21.28,75.94
2023-01-27,48.1,54774.91,162.01,30.59,45.03,19.79,527.01,75.29,94.31,40.63,10.08,92.41,46.21,162.11,321.4558,97.0,147.64,23.12,40.88,155.9,82.5445,276.98,35.5,138.92,17.63,39.7885,116.99,58.41,173.86,38.46,181.23,99.47,162.38,9.9714,21.2921,51.65,20.72,75.4
2023-01-30,47.76,54521.43,160.9,30.33,44.5,19.9,513.0,75.38,94.18,40.51,9.93,89.25,45.42,161.5,311.2257,95.5,144.85,22.63,41.7,155.69,82.7236,273.67,35.46,139.7,17.31,38.7288,117.93,60.02,169.0,37.93,178.54,100.3,159.39,9.8547,21.0832,51.3,20.48,75.58
2023-01-31,,54564.27,166.1,29.73,45.02,19.66,510.23,75.64,93.49,40.89,10.02,92.76,45.64,164.87,310.9573,94.5,149.46,22.98,40.62,156.0,83.3205,273.11,35.85,143.27,17.78,40.5833,119.43,59.21,172.04,37.52,183.78,104.02,162.94,9.9349,21.881,51.26,21.05,73.55
2023-02-01,,55018.91,165.2,30.77,44.86,19.65,513.66,74.54,94.06,40.94,10.25,91.2,46.15,163.43,322.079,95.5,157.08,22.83,42.13,157.5,83.3703,275.09,36.29,141.83,18.43,40.2301,118.41,57.72,176.8,38.69,190.02,105.31,165.24,10.3504,22.9826,53.04,21.03,74.88
2023-02-02,47.54,53874.91,160.65,30.5,44.66,19.08,511.02,70.27,93.0,40.9,10.3,91.28,46.52,159.29,321.9639,95.17,155.0,22.28,41.18,152.49,81.2611,270.29,36.8,138.83,18.99,39.7395,117.73,57.57,172.99,38.39,186.08,105.25,165.11,9.8839,22.6882,53.65,21.6,72.9
2023-02-03,47.55,54049.05,164.89,30.33,44.67,18.92,516.2,72.23,93.63,41.07,10.31,90.51,47.7,158.23,328.6753,96.95,154.0,22.66,41.65,153.43,81.1816,268.82,37.09,138.93,19.0,40.3478,118.7,58.83,174.99,38.27,184.88,107.01,164.41,9.9349,22.3178,53.33,21.53,72.84
2023-02-07,47.3,53335.51,159.61,29.58,44.32,18.28,506.01,69.0,91.21,41.03,9.93,89.08,46.07,157.06,331.3503,95.35,152.74,22.31,40.5,153.85,82.7137,264.02,36.46,136.23,19.21,38.6699,116.71,58.88,175.55,38.0,183.0,107.21,165.0,9.6069,20.6938,53.2,21.53,72.39
2023-02-08,46.64,53125.01,157.28,28.71,44.42,18.53,505.28,67.03,90.74,41.06,9.96,88.95,45.01,155.1,333.3637,93.08,149.1,21.71,40.15,153.46,82.9027,257.25,35.87,133.39,18.89,38.7582,116.16,57.7,176.41,37.37,182.03,106.26,161.8,9.4247,20.7318,53.21,22.1,71.99
2023-02-09,46.73,52801.43,156.3,27.38,44.37,18.26,506.7,70.72,90.26,40.94,9.88,89.56,45.19,153.79,334.6101,93.53,151.57,20.48,39.78,153.88,82.6739,250.98,35.67,132.56,18.38,37.6887,116.54,59.11,175.52,38.0,182.41,107.02,160.19,9.3955,20.2855,52.67,21.38,71.2
2023-02-10,46.55,52482.02,152.11,27.9,43.85,18.45,501.93,68.11,89.07,39.4,9.69,92.68,44.92,154.02,334.9936,93.32,147.78,19.39,39.72,155.04,80.7538,245.65,35.87,130.9,17.93,39.0036,114.94,58.12,171.67,37.61,179.82,107.03,160.39,9.5194,20.162,52.33,20.84,71.13
2023-02-13,47.17,53050.83,154.99,28.35,43.99,18.66,517.94,70.01,89.63,39.76,9.78,91.42,46.26,156.83,342.309,92.98,148.0,19.69,39.06,155.7,81.281,248.9,36.35,131.81,17.86,39.1605,116.54,60.54,176.93,37.97,177.67,108.1,161.71,9.5194,20.7603,52.52,21.05,71.4
2023-02-14,46.8,52663.12,153.15,28.43,43.27,18.57,509.22,67.87,88.69,38.86,9.69,91.14,45.61,158.06,342.4432,89.57,143.9,20.09,38.48,156.78,80.2066,247.72,37.24,131.33,17.62,39.3666,113.65,56.48,176.52,37.56,176.57,109.44,158.38,9.534,20.2855,52.6,21.0,70.71
2023-02-15,,53422.24,154.39,28.48,43.3,18.6,514.99,69.58,89.58,39.09,9.85,93.27,45.55,161.59,345.6839,90.71,146.35,20.61,39.42,162.79,82.0769,252.07,36.5,131.41,17.7,38.4835,115.74,56.36,178.01,37.77,175.21,110.06,159.99,9.4393,20.276,53.07,21.19,71.44
2023-02-16,48.0,54015.82,153.77,24.76,44.16,19.02,512.62,70.52,88.9,39.0,9.58,93.01,45.57,175.94,342.6541,90.94,151.53,20.8,39.8,164.0,83.2807,253.63,36.59,131.0,17.49,40.6128,115.67,55.28,178.5,37.0,175.38,112.56,163.85,9.104,20.5609,52.9,21.24,71.24
2023-02-17,47.64,53789.64,154.62,23.6,43.89,18.97,515.81,69.32,87.39,38.86,9.42,92.56,44.79,173.75,340.8421,89.9,155.0,20.92,39.06,162.6,82.7037,253.45,36.65,131.24,17.4,38.7779,114.73,55.38,180.8,37.2,177.13,114.99,161.56,9.104,20.4184,52.6,20.82,70.71
2023-02-20,48.0,53908.55,154.22,24.68,43.76,19.39,508.0,69.11,88.8,37.7,9.48,93.0,44.58,172.2,354.7442,90.29,152.86,20.37,39.36,164.05,81.7188,255.0,36.7,130.25,17.91,38.7288,113.92,55.2,179.3,37.22,177.78,112.2,163.2,9.0748,20.8458,53.8,21.2,70.4
2023-02-21,47.32,53239.95,153.94,23.85,42.82,18.99,516.9,68.58,87.76,37.89,9.12,90.09,43.25,170.26,331.4845,87.77,151.83,19.23,38.5,159.0,85.748,253.73,37.08,131.59,17.41,37.6593,112.1,54.09,177.69,36.78,174.82,112.01,155.43,8.827,19.6017,53.01,20.27,70.1
2023-02-22,,53180.99,153.01,23.1,43.07,19.12,512.54,69.2,86.69,36.26,9.07,94.2,42.1,170.82,332.5679,88.56,147.28,20.27,38.46,154.56,85.0616,257.0,37.1,132.27,17.23,37.5219,113.46,52.3,176.51,37.33,174.55,111.0,154.78,8.776,19.8391,52.58,20.88,72.15
2023-02-23,47.29,53085.71,154.68,22.64,43.99,18.85,516.01,68.96,87.19,36.5,9.11,93.49,42.36,171.42,332.4529,87.61,143.64,20.1,38.0,157.71,83.609,260.78,36.76,132.05,15.51,38.1695,111.22,52.95,176.0,38.49,173.28,111.94,155.93,8.8707,20.0006,52.59,21.17,70.85
2023-02-24,,52686.24,155.5,22.31,43.2,18.84,518.36,68.18,88.23,36.02,8.92,95.81,42.16,170.01,331.7913,86.34,142.2,19.92,37.93,156.63,79.6296,263.71,37.06,134.18,15.47,38.6601,112.22,49.87,175.55,38.24,173.96,110.16,154.13,8.8489,17.9017,52.84,21.17,70.9
2023-02-27,,53013.62,154.5,22.94,42.43,18.92,520.0,69.42,89.26,35.72,8.97,95.82,43.6,170.61,329.9025,87.3,142.47,20.04,38.05,155.97,82.266,269.32,36.81,134.05,14.56,39.2292,111.94,49.37,175.29,39.08,174.96,113.61,153.58,8.7905,18.2911,53.13,21.74,71.89
2023-02-28,46.96,52758.06,154.97,22.33,40.5,18.79,523.86,69.91,87.23,35.67,9.1,93.0,44.38,168.5,332.7788,87.71,144.4,19.83,38.24,154.88,81.868,269.49,36.6,132.24,14.71,39.6413,111.18,47.03,174.94,38.01,178.46,113.81,151.8,8.7468,17.3604,52.99,21.59,72.1
2023-03-01,47.79,53473.46,153.01,22.73,41.17,19.07,525.29,68.62,87.06,36.09,9.39,95.25,44.2,169.23,328.9342,88.54,148.76,19.33,40.16,161.54,85.3202,266.92,37.01,132.21,14.4,39.2489,113.5,46.85,178.45,38.06,182.4,115.5,157.17,9.0165,17.4744,53.83,21.69,71.13
2023-03-02,47.61,53329.53,155.94,22.91,40.87,18.85,527.65,69.37,88.04,36.11,9.79,91.8,43.72,169.35,329.8258,88.95,147.52,19.32,39.27,158.09,84.3552,269.58,37.06,132.49,14.62,39.1507,113.43,47.19,175.96,38.94,178.7,115.91,153.96,8.9946,18.0632,53.5,21.21,71.25
2023-03-03,48.2,54182.27,157.27,23.39,40.96,18.94,540.5,72.3,88.47,36.04,10.17,93.85,45.02,169.07,332.4337,90.87,149.1,19.56,41.15,159.97,88.5237,276.42,37.91,133.25,15.07,39.975,115.43,47.85,180.72,40.1,183.72,117.23,157.87,9.0092,18.481,54.5,21.58,72.39
2023-03-06,,53924.19,157.14,22.96,41.18,18.96,541.58,71.27,87.89,36.3,9.96,97.13,45.05,165.15,325.9812,90.32,145.21,19.6,41.39,161.22,84.8825,268.22,37.32,137.41,15.29,39.8572,115.95,49.0,183.21,39.57,183.06,119.04,158.31,8.8707,18.728,54.71,21.63,73.02
2023-03-07,47.36,53068.73,156.51,22.42,40.16,18.77,542.42,71.38,86.06,36.05,9.62,95.92,44.65,162.84,323.6801,87.52,147.25,19.35,39.81,158.26,81.3208,262.27,36.41,138.67,15.14,39.4549,116.41,48.8,182.54,38.75,184.55,116.88,153.76,8.7687,18.2436,54.23,21.87,72.51
2023-03-08,47.4,53388.66,156.84,22.47,40.4,19.19,544.06,70.2,86.49,36.57,9.67,96.01,45.0,163.59,324.6197,87.42,144.99,19.76,40.19,160.7,82.8032,263.86,36.3,140.78,15.67,40.2006,117.01,49.27,183.88,38.5,178.32,116.86,156.23,8.8853,18.0632,53.26,21.67,72.5
2023-03-09,47.56,53426.77,155.51,22.46,40.31,19.51,549.32,71.2,86.15,35.94,9.57,94.4,45.71,164.09,321.149,87.4,142.96,19.26,40.2,163.25,80.5647,262.96,36.25,140.98,15.6,40.3478,116.32,49.29,186.64,37.73,178.13,116.32,156.84,8.7104,17.4839,53.89,22.85,72.04
2023-03-10,47.25,52794.53,157.36,22.37,40.45,19.46,544.95,68.55,83.53,35.92,9.28,92.78,45.3,164.32,323.8431,88.14,140.89,18.6,39.43,151.72,80.7438,260.91,36.32,140.76,14.69,39.7395,115.0,49.45,185.01,37.29,178.66,114.65,151.2,8.5937,16.99,53.36,20.91,73.25
2023-03-13,47.49,53012.25,157.09,24.22,40.4,19.51,544.85,66.39,85.36,36.16,9.47,92.38,45.5,166.5,330.2189,86.87,139.55,17.69,38.82,148.01,82.833,263.93,36.68,141.99,14.59,39.6315,114.0,49.72,188.64,36.17,181.48,112.93,148.6,8.6375,16.8951,52.94,20.09,74.02
2023-03-14,47.37,52691.66,161.47,23.51,41.08,19.44,547.6,65.0,85.12,36.95,9.43,94.41,46.24,165.54,327.218,87.04,139.07,17.68,38.24,144.81,81.878,267.0,36.9,140.49,14.35,39.8376,115.65,49.58,192.04,36.17,184.61,115.59,146.25,8.6885,16.6481,53.54,20.09,73.69
2023-03-15,46.86,52085.6,160.58,23.6,39.91,19.65,546.97,61.83,85.59,37.15,9.23,96.0,46.14,164.04,321.2832,86.95,137.0,17.4,37.21,137.8,79.1918,259.8,36.84,142.59,14.22,38.9839,115.0,48.51,192.35,35.9,183.56,111.81,136.0,8.6448,16.6481,52.26,19.73,74.23
2023-03-16,,52505.7,161.38,23.44,39.91,19.28,543.03,60.57,86.0,38.0,9.32,98.02,46.06,166.32,324.6197,84.42,138.17,17.61,37.0,149.15,79.0923,262.18,37.45,141.42,14.31,39.2979,114.23,46.81,195.8,36.11,183.68,113.62,135.4,8.3532,16.4962,54.01,20.16,73.52
2023-03-17,,51925.61,160.98,22.32,39.73,18.62,536.64,60.09,88.48,39.01,9.2,105.21,45.7,165.43,320.1135,84.76,137.1,17.55,35.2,145.07,79.5102,257.71,37.77,141.8,14.29,38.9152,114.02,46.0,194.29,36.01,187.0,112.39,132.94,8.3751,16.4107,53.29,19.58,71.2
2023-03-21,47.42,52652.65,161.5,21.7,39.88,19.19,531.19,63.11,87.77,38.6,9.3,104.65,46.14,164.01,317.8412,84.79,140.79,17.88,36.7,150.93,82.1963,257.56,38.69,143.43,13.72,38.9545,113.51,45.7,194.13,36.35,184.5,115.59,140.49,8.1127,16.5342,52.22,20.19,72.34
2023-03-22,47.54,52550.4,162.37,21.4,39.58,19.09,536.04,63.49,87.94,37.93,9.33,103.83,46.22,164.1,318.915,84.92,140.1,17.7,36.25,150.21,81.5795,257.14,37.87,142.49,13.73,40.024,112.81,45.12,195.93,36.07,182.94,113.53,139.46,8.0179,16.2398,52.17,20.59,72.53
2023-03-23,47.53,52827.93,162.2,20.75,39.88,19.2,541.97,64.83,87.33,38.18,9.41,103.28,46.07,164.22,321.1586,84.19,139.41,17.58,37.22,151.8,83.1614,250.6,37.85,143.04,13.66,40.809,113.19,44.9,198.6,36.84,183.84,114.11,140.87,8.0689,16.3537,53.53,20.8,72.48
2023-03-24,,52771.12,161.5,20.46,40.0,19.18,545.34,64.45,87.49,38.24,9.26,103.52,46.35,165.56,323.5363,86.2,139.73,17.72,37.08,149.0,82.5744,251.61,37.7,145.16,13.89,39.9161,113.21,44.84,195.89,37.05,187.59,113.71,139.56,8.0033,16.5627,53.86,20.61,73.0
2023-03-27,47.77,52851.42,162.5,20.35,40.42,19.2,556.28,62.67,88.4,37.89,9.19,105.11,46.63,168.14,328.2918,85.61,142.59,17.52,37.23,143.59,83.7583,252.95,37.75,143.79,13.98,41.0249,112.5,45.21,197.9,37.46,189.72,113.07,136.54,7.9888,16.7811,54.56,20.77,73.33
2023-03-28,47.96,53209.1,162.95,20.67,40.83,19.35,557.61,62.83,88.4,37.99,9.38,105.9,46.95,169.71,339.0971,84.57,141.98,17.68,37.55,142.85,84.6139,256.59,37.73,142.92,14.0,41.9767,114.75,45.14,201.42,37.5,191.75,114.5,135.63,8.0106,17.009,56.14,21.08,73.9
2023-03-29,48.38,53882.95,163.0,20.15,41.62,19.28,564.65,64.6,89.98,38.6,9.72,108.19,46.8,171.71,340.6695,89.16,143.93,18.11,38.15,149.0,85.559,261.21,37.74,143.39,14.3,41.2113,115.47,44.96,202.69,38.53,193.44,113.94,136.26,8.0544,17.7023,56.52,21.51,73.21
2023-03-30,48.66,54198.94,164.09,20.15,43.03,19.38,562.29,65.0,91.73,38.76,9.79,106.38,46.73,172.4,338.426,91.38,142.37,18.84,38.8,149.21,86.5738,268.84,38.33,144.74,14.54,41.1524,112.62,45.13,200.15,38.84,190.39,115.37,137.1,8.2584,18.2911,56.66,21.92,73.4
2023-03-31,48.37,53904.0,163.38,20.03,43.11,19.0,551.2,65.55,90.58,38.53,9.92,103.0,46.89,171.55,337.0358,89.62,143.0,19.71,38.72,151.72,84.8029,266.95,37.99,144.83,14.51,41.2407,112.92,46.1,201.24,39.19,179.76,115.05,137.65,8.3459,18.1297,56.7,22.31,72.0
2023-04-03,,53883.65,163.44,19.95,43.3,19.02,552.1,64.7,90.0,38.29,9.76,103.89,47.0,172.01,337.0454,89.73,141.87,19.35,39.03,150.68,85.6087,268.18,38.79,146.89,13.96,40.4754,112.81,46.61,200.45,39.58,184.95,112.23,135.75,8.2876,17.8542,55.69,21.03,72.3
2023-04-04,48.64,54176.01,165.79,19.9,43.75,19.34,559.84,64.96,91.47,38.36,9.76,103.35,47.15,172.48,341.216,91.09,143.5,19.57,39.85,152.53,85.0218,267.44,38.01,147.75,14.24,40.5244,112.4,45.57,205.48,39.87,194.0,112.0,134.7,8.4407,18.4051,54.88,21.1,71.57
2023-04-05,,53498.39,164.97,19.83,42.74,19.25,556.23,63.96,90.53,37.84,9.61,102.62,47.19,171.51,335.7031,88.48,139.39,19.08,38.65,150.08,83.5792,266.68,37.49,149.6,14.08,40.2301,110.18,45.23,198.0,38.3,186.99,112.1,132.6,8.2876,17.9207,53.18,20.37,70.43
2023-04-10,,54246.53,166.04,19.8,43.24,19.47,567.5,63.68,91.27,38.67,9.81,105.35,47.2,170.31,342.1268,92.63,139.39,19.05,39.27,149.75,86.5041,268.15,37.7,149.39,14.05,39.8082,110.75,45.19,197.49,38.97,184.86,107.83,133.03,8.4698,18.8609,53.42,20.31,70.63
2023-04-11,49.0,54604.63,166.93,19.73,43.69,19.32,559.99,63.65,92.01,38.66,10.02,108.66,46.82,171.32,336.9495,94.24,139.67,18.74,39.09,150.07,91.5083,267.0,38.6,151.16,14.24,40.2399,112.15,45.19,204.99,39.75,188.18,109.42,131.2,8.4334,19.3073,53.4,20.56,71.21
2023-04-12,48.84,54333.12,173.35,19.74,43.53,19.45,552.0,63.06,90.81,37.68,10.22,108.65,45.51,169.32,336.5947,96.65,140.0,18.7,38.74,145.65,91.3094,268.2,39.16,150.83,14.2,39.9063,112.7,45.37,203.85,39.71,187.05,109.3,129.34,8.3969,18.3956,53.3,20.51,71.21
2023-04-13,,54695.78,166.46,20.17,43.87,19.5,549.32,63.47,91.8,38.52,10.76,109.4,45.55,169.17,335.5688,98.36,141.67,19.17,39.14,147.35,92.6524,264.58,40.13,150.73,14.54,40.1516,113.23,45.45,202.42,41.5,187.83,109.73,127.68,8.3897,18.709,54.36,22.71,70.65
2023-04-14,,54460.06,164.73,19.8,43.83,19.39,549.94,65.49,90.11,38.35,10.81,107.61,44.84,168.29,334.0444,95.82,143.0,19.48,38.82,147.57,90.8119,258.0,39.49,150.95,14.38,39.2489,111.13,46.37,203.09,41.19,186.34,110.29,132.76,8.3824,18.4431,53.05,21.74,70.64
2023-04-17,,54778.93,163.85,19.88,45.44,19.68,548.29,63.14,92.42,38.93,10.86,105.75,44.5,168.47,337.0358,98.16,144.41,21.02,39.31,150.49,91.18,256.25,39.71,150.61,14.53,39.5236,110.62,47.04,202.31,41.41,187.65,113.7,132.16,8.6229,18.3671,54.52,21.89,70.32
2023-04-18,,54385.52,164.25,19.64,45.95,19.59,536.39,61.0,91.16,38.9,10.68,105.63,43.46,168.07,319.8259,96.91,142.18,20.75,39.23,150.07,92.6823,259.68,39.82,150.5,14.85,38.9152,111.38,46.18,194.9,40.74,185.41,114.26,133.35,8.4625,17.6643,53.78,21.42,70.17
2023-04-19,48.84,54308.09,160.5,19.31,46.72,19.09,541.19,61.5,90.44,39.05,10.61,106.4,43.28,168.99,322.4146,96.99,142.79,20.99,39.19,152.59,92.4932,255.3,39.46,150.77,14.83,39.1507,108.63,45.5,194.45,40.87,185.0,116.99,133.52,8.3824,16.99,54.3,21.4,70.0
2023-04-20,48.79,54293.71,166.04,19.41,46.62,19.2,533.99,60.7,93.37,39.22,10.54,104.68,43.58,172.47,310.1327,99.82,142.13,20.73,39.96,153.03,88.6431,263.91,40.5,150.32,14.56,38.9839,108.37,46.56,188.05,41.02,188.23,116.21,132.81,8.5281,16.8761,54.75,21.3,70.54
2023-04-21,48.47,54175.28,162.88,19.23,46.06,19.32,510.12,60.14,92.22,39.47,10.35,104.7,43.11,171.17,301.0148,103.18,140.0,20.24,40.98,151.12,89.7772,261.91,40.18,150.68,14.83,38.6699,106.86,45.39,176.36,41.0,188.11,117.47,129.9,8.5136,16.7716,57.25,21.16,71.14
2023-04-24,,54713.7,165.79,19.33,46.34,19.26,510.5,60.9,93.29,39.28,10.42,108.0,43.17,171.92,302.9132,101.0,140.23,20.75,41.0,158.7,89.5385,260.1,40.6,152.1,15.14,39.033,107.68,46.33,182.71,41.05,189.83,117.2,132.02,8.5646,16.7526,58.27,21.29,71.81
2023-04-25,48.72,54371.09,167.79,19.02,46.08,19.16,507.08,60.04,92.35,38.9,10.54,107.68,43.28,172.07,300.3533,100.08,140.97,19.8,40.55,157.24,88.0362,264.59,40.7,152.63,15.27,39.033,106.48,46.55,185.86,40.08,185.86,119.03,124.09,8.3605,16.2303,55.81,19.7,72.6
2023-04-26,48.44,54023.32,170.17,18.11,45.49,19.02,495.84,59.68,91.97,38.95,10.49,106.71,42.91,172.39,298.5508,100.23,141.81,19.8,40.07,150.6,87.5587,269.57,40.39,151.0,15.15,38.3658,105.71,47.0,187.11,39.27,185.75,117.5,120.52,8.1637,16.1733,55.97,19.78,72.07
2023-04-27,,54442.17,170.15,17.4,46.11,19.14,512.45,58.41,93.49,38.97,10.63,106.11,42.85,172.0,300.8135,99.18,141.05,19.63,41.49,153.0,88.6729,279.98,40.48,148.85,15.27,39.1409,106.82,47.5,192.52,40.31,186.39,118.57,126.3,8.3313,16.8761,57.28,20.62,71.92
2023-04-28,,55121.22,171.75,19.05,48.43,19.39,515.07,59.12,96.5,39.62,10.81,106.3,41.62,174.88,306.5086,102.06,143.0,19.76,43.94,155.82,87.4791,282.34,40.64,148.92,14.93,38.562,110.48,48.92,197.24,41.4,187.11,119.39,131.63,8.3678,17.3794,56.8,21.14,72.47
2023-05-02,48.43,55179.43,168.6,19.17,49.31,19.24,518.17,59.0,95.58,40.08,11.46,105.39,41.08,176.17,309.5862,99.45,142.65,19.7,42.06,155.86,88.5337,279.05,40.8,152.07,15.41,38.6111,107.79,47.95,197.39,40.41,189.47,115.14,134.01,8.4625,16.8856,55.28,21.73,72.25
2023-05-03,49.27,54947.01,169.7,19.3,49.99,19.17,510.77,60.12,95.17,40.22,11.31,104.95,41.57,173.99,304.3322,101.03,142.7,20.02,42.17,155.89,87.9367,282.2,40.34,154.07,15.05,38.5718,107.58,46.52,194.9,41.0,189.04,114.09,133.43,8.3459,16.4582,56.25,21.44,71.91
2023-05-04,48.78,54667.21,173.14,19.46,51.14,19.09,498.1,60.17,97.62,40.3,11.33,105.21,41.82,172.37,298.7042,100.0,142.08,19.74,42.38,153.85,86.9618,284.0,39.78,155.22,14.66,38.4933,109.18,46.41,183.8,39.5,192.08,114.21,133.67,8.4625,16.1923,56.4,20.43,71.8
2023-05-05,,54937.39,178.46,19.89,51.4,18.86,500.38,61.4,98.97,40.71,11.7,103.32,41.95,174.39,301.6093,99.84,144.44,20.15,42.99,153.09,86.0564,284.98,39.68,156.75,15.16,38.6601,107.7,46.21,189.23,41.07,190.56,112.6,133.01,8.3605,16.3537,55.95,20.88,72.45
2023-05-08,,55033.12,175.62,19.63,51.19,18.66,499.48,59.8,97.8,40.7,11.66,104.76,41.63,176.35,306.6141,100.62,143.11,19.63,42.31,155.38,86.6534,281.95,39.67,159.98,14.8,38.2676,107.68,46.43,189.41,39.9,187.75,113.27,130.61,8.222,16.5057,56.07,21.22,72.66
2023-05-09,,55452.73,178.79,19.27,51.49,18.67,507.4,58.74,97.79,40.7,11.95,106.0,41.67,177.12,308.1385,101.02,143.25,19.77,42.95,157.89,87.5089,279.47,39.62,160.68,14.9,38.6503,107.95,46.86,192.68,40.26,186.5,116.56,131.98,8.2366,16.4962,56.21,21.0,73.58
2023-05-10,49.48,55534.68,179.94,19.54,52.98,19.22,509.14,59.65,98.55,41.09,11.62,104.23,41.67,176.49,311.1203,103.5,141.86,19.84,43.75,157.71,83.5692,279.22,39.24,158.7,15.08,39.1605,109.0,47.02,194.64,40.66,185.26,121.05,133.02,8.4115,16.3062,56.89,21.32,74.88
2023-05-11,48.93,55014.16,179.55,19.47,53.34,19.57,501.88,59.68,96.48,38.19,11.7,105.23,42.17,177.08,307.8317,103.0,141.41,19.79,43.15,152.7,79.6892,277.02,39.24,159.29,14.8,38.719,109.69,46.81,193.49,39.84,181.38,117.41,138.22,8.0981,16.1448,56.64,21.32,74.17
2023-05-12,48.91,54948.34,176.89,19.25,53.53,19.47,503.79,59.6,96.53,38.05,11.59,102.21,41.95,177.31,306.499,103.17,140.88,19.75,43.05,148.65,81.7884,277.37,39.45,155.84,15.2,38.5718,109.4,46.2,192.52,39.7,179.86,117.42,139.29,8.0981,16.1543,55.82,21.2,74.07
2023-05-15,,55261.42,177.64,19.08,54.45,19.91,508.42,59.77,96.3,38.1,11.48,102.65,42.65,177.31,312.1941,102.6,141.3,20.44,42.24,152.55,84.0567,277.75,39.19,155.0,15.48,39.3274,110.66,45.7,193.66,40.34,179.36,119.4,142.46,8.1127,16.1638,56.58,22.11,72.65
2023-05-16,49.32,55180.97,179.19,19.43,53.65,20.07,513.69,59.23,94.89,38.1,11.53,101.54,43.16,177.39,309.1452,103.69,141.84,19.66,42.69,148.71,83.5891,275.52,39.28,155.34,15.38,39.1409,110.14,45.9,198.73,40.45,178.6,119.06,141.59,8.0835,16.2873,56.26,22.61,72.78
2023-05-17,,55067.37,179.98,19.1,53.3,20.05,514.08,59.16,92.84,37.74,11.62,101.52,43.01,176.46,313.4117,103.35,143.1,19.71,42.31,148.19,83.818,274.44,38.99,155.82,15.5,39.1409,109.44,45.52,201.68,39.63,179.36,119.76,141.1,8.0471,16.6291,56.35,23.2,72.28
2023-05-18,49.28,55263.11,179.54,19.27,51.64,19.87,514.02,59.9,94.0,37.67,11.65,103.88,43.78,178.24,314.476,104.02,143.99,20.27,43.17,149.6,83.3305,276.78,38.9,156.89,15.38,38.7877,110.13,45.61,200.5,40.15,179.94,121.48,141.9,8.4844,16.9046,56.56,23.42,72.01
2023-05-19,,54296.05,176.78,19.25,53.0,19.27,504.77,58.99,92.81,37.47,11.5,103.47,43.35,178.22,305.3389,104.41,142.1,19.63,41.72,145.5,79.7987,272.16,38.4,157.47,15.2,39.0722,108.18,45.55,196.31,39.2,174.7,119.29,142.75,8.2512,16.8096,55.87,23.28,72.17
2023-05-22,47.74,53466.32,175.3,18.76,53.0,19.0,505.14,57.69,90.54,36.79,11.33,100.55,43.42,175.71,305.4731,103.04,139.15,19.08,41.48,143.07,77.4508,266.0,37.02,154.18,15.11,40.3576,105.39,45.42,191.01,38.4,169.99,118.23,144.0,8.0762,16.3442,54.93,22.87,70.42
2023-05-23,47.69,53123.22,172.36,18.94,51.86,19.19,499.83,57.72,90.83,36.81,11.08,99.13,43.5,174.48,298.4933,102.29,138.56,19.26,40.79,141.71,76.9533,262.5,37.0,153.07,14.83,39.2489,105.49,42.75,189.37,38.9,171.24,117.84,143.85,8.1928,16.2398,53.0,22.63,71.29
2023-05-24,47.68,53393.4,175.4,18.94,51.47,18.98,503.72,56.89,92.47,36.8,11.0,98.23,43.71,173.47,299.7876,101.1,137.83,19.33,40.25,145.77,83.2608,263.0,36.49,151.92,14.84,38.7681,104.06,42.0,187.56,38.23,168.2,116.05,143.13,8.0544,16.0403,53.46,22.62,70.51
2023-05-25,48.0,53744.68,175.0,18.81,50.46,19.51,498.39,56.7,93.49,36.88,11.1,95.66,42.32,173.99,299.0877,101.62,139.37,19.6,40.37,148.31,83.6389,262.5,36.8,152.26,15.02,38.0125,104.0,42.21,187.51,38.9,168.51,115.52,141.09,8.3459,15.7744,54.0,23.15,70.0
2023-05-26,48.34,54025.45,176.4,18.81,51.62,19.67,508.9,57.41,93.72,36.8,11.09,94.59,41.92,173.57,304.3226,104.96,138.99,19.7,40.79,150.99,81.5895,276.75,36.78,150.0,15.02,38.2284,103.81,42.03,191.47,38.97,172.67,118.69,143.01,8.4334,16.1258,55.07,24.15,68.69
2023-05-29,,54212.67,180.55,18.91,50.87,20.18,506.0,57.44,93.57,36.94,10.94,93.49,42.22,173.77,315.684,110.6,138.49,19.6,40.61,151.83,81.5795,274.74,36.16,146.0,15.08,38.1205,103.98,42.12,194.09,37.85,173.85,118.25,142.38,8.6518,16.0403,55.79,24.12,68.84
2023-05-30,47.6,53341.85,175.3,18.01,50.39,19.42,494.5,56.13,92.62,36.65,10.57,93.12,42.09,173.24,298.5412,111.34,138.08,19.05,40.35,148.0,79.2814,277.84,36.03,148.6,14.61,37.463,102.57,41.9,186.03,38.26,171.06,116.32,140.79,8.4644,16.0498,56.35,23.98,68.28
2023-05-31,47.13,52736.26,178.8,17.66,51.45,18.72,496.32,55.64,94.84,37.19,10.62,91.82,41.77,178.63,298.7809,103.02,135.92,19.04,39.33,142.14,78.4954,272.84,36.15,146.63,14.88,37.7672,103.42,41.1,182.91,37.39,172.19,119.55,137.8,8.112,16.1068,56.01,24.32,67.29
2023-06-01,,52724.03,172.19,17.51,51.23,18.97,490.87,55.61,93.48,36.49,10.64,94.6,40.85,177.62,289.0207,107.28,138.64,18.5,41.0,141.39,81.5795,266.78,35.67,146.45,15.13,38.0518,104.38,40.81,183.91,37.0,173.18,117.97,137.78,8.1795,15.632,57.38,24.87,66.66
2023-06-02,,53232.71,173.95,17.64,50.99,19.16,492.66,54.02,92.51,37.65,11.13,93.91,40.82,179.69,298.0714,113.08,138.99,18.99,41.35,141.0,81.7188,267.25,36.34,146.6,15.33,38.562,105.0,41.35,184.41,37.21,175.69,118.49,134.12,8.1195,16.1543,57.03,25.0,67.23
2023-06-05,47.72,53536.05,177.24,18.06,51.08,19.13,486.48,55.1,92.61,37.23,11.17,93.81,40.29,181.31,291.7723,112.11,139.5,19.0,41.78,142.2,82.3058,268.32,36.49,148.14,15.0,38.2971,104.62,41.46,181.88,37.59,174.99,117.5,135.9,8.1495,16.4582,57.5,25.03,69.22
2023-06-06,48.26,54432.19,179.11,18.31,51.12,19.5,499.36,54.99,92.27,37.92,11.64,94.85,40.81,180.42,303.0187,114.91,142.68,19.98,43.17,145.65,83.3603,274.99,36.59,147.62,15.04,38.3363,105.3,41.74,189.1,39.02,176.16,118.55,137.74,8.4119,17.161,57.58,25.13,69.51
2023-06-07,48.61,54291.44,181.09,18.29,51.11,19.36,497.8,54.9,91.74,37.85,11.93,93.4,41.26,180.92,300.9573,113.85,145.72,19.57,43.28,143.76,82.7733,274.5,37.9,151.05,14.78,38.2284,107.38,41.91,187.61,37.7,179.6,117.88,138.0,8.4944,17.028,58.02,25.16,69.52
2023-06-08,48.2,54338.18,179.9,18.24,52.88,19.55,494.19,54.48,93.22,37.7,11.99,93.15,40.82,182.53,298.3782,115.6,147.09,19.62,43.54,139.61,83.8279,278.7,38.19,153.03,14.98,38.0518,108.3,41.73,184.74,38.15,181.32,117.98,136.92,8.5094,16.914,57.81,25.34,68.22
2023-06-09,48.63,54512.14,179.0,18.35,55.54,19.34,493.42,55.9,94.15,37.58,12.06,94.82,41.4,185.74,295.5019,115.87,148.99,20.19,44.09,141.0,84.6139,278.96,38.52,153.05,14.63,38.5816,108.87,41.45,187.77,37.76,183.15,118.72,138.98,8.5994,16.4582,57.94,25.41,67.43
2023-06-12,48.58,54278.12,177.67,17.74,57.49,19.12,502.91,55.61,92.65,37.32,11.98,94.2,41.35,186.5,303.661,116.35,149.52,20.03,43.56,142.0,82.1565,274.6,39.0,152.21,14.35,38.7582,109.97,40.92,188.67,37.46,186.59,118.0,136.83,8.3595,16.5912,58.28,25.1,66.99
2023-06-13,48.65,54574.75,178.0,17.84,57.36,19.08,505.23,55.69,91.5,37.2,12.33,92.23,41.64,188.46,307.5249,117.63,151.4,19.66,44.0,143.19,83.8578,273.0,39.41,152.08,14.14,38.5914,110.55,41.19,187.86,37.63,185.96,118.8,138.64,8.4194,16.9615,57.71,25.09,66.72
2023-06-14,,55145.43,178.24,17.57,58.04,19.16,509.55,55.55,93.62,37.16,12.47,93.8,41.99,189.2,313.4692,119.25,154.99,19.44,44.48,143.33,86.0664,275.07,39.3,151.71,14.2,39.1507,111.0,41.96,190.85,38.17,181.61,119.53,135.2,8.5019,17.3129,57.52,25.5,68.48
2023-06-15,49.3,55344.25,179.55,17.6,58.58,19.02,512.51,55.5,92.76,37.09,12.53,97.7,41.85,188.6,314.8882,119.79,157.27,18.77,45.1,145.15,85.937,274.0,39.5,151.2,14.19,39.1017,111.38,43.74,191.95,38.14,181.96,118.65,138.83,8.4344,17.5124,57.62,25.05,69.99
2023-06-16,,54842.51,178.99,17.36,58.25,18.79,508.0,55.01,92.14,36.75,12.4,98.48,42.38,189.96,316.6332,118.8,151.71,18.23,43.71,144.51,86.4842,277.0,39.88,150.07,14.17,38.8858,112.0,42.56,190.15,38.43,185.99,118.76,134.08,8.277,17.3414,57.77,25.04,68.18
2023-06-19,,54931.06,179.15,17.25,59.29,18.91,504.4,55.74,91.91,36.9,12.4,98.27,42.25,191.1,309.5095,118.91,152.56,18.17,43.86,143.44,85.1212,274.68,39.9,151.55,14.07,38.9545,112.23,42.08,191.6,38.59,183.36,118.34,135.64,8.2395,16.933,57.89,24.82,69.06
2023-06-20,48.49,54365.68,178.9,17.57,59.84,18.88,496.33,54.5,91.84,36.62,12.11,98.1,41.87,189.78,304.0541,120.87,151.23,18.06,43.72,140.41,84.0468,276.15,40.0,151.46,14.43,39.0526,110.54,41.29,180.29,37.5,180.07,119.01,131.02,8.2545,17.0755,57.8,24.54,67.57
2023-06-21,,54063.91,178.99,17.5,59.89,18.75,488.25,54.54,92.42,36.3,12.05,98.82,41.88,187.23,302.942,120.5,148.09,17.9,43.39,139.31,83.2907,272.45,40.0,151.24,14.45,38.8073,109.51,41.21,182.0,36.53,180.5,120.0,127.38,8.262,16.6291,57.72,24.17,68.6
2023-06-22,47.99,53563.31,176.51,17.03,59.71,18.56,486.0,52.75,91.37,35.88,11.83,99.01,41.69,188.47,301.8586,119.89,145.27,17.84,42.15,137.25,83.1713,274.18,39.46,151.51,14.23,38.2676,107.34,40.92,178.6,36.7,176.57,119.5,124.68,8.1795,16.6007,56.41,24.27,67.74
2023-06-23,,53341.91,178.0,17.01,58.2,18.52,479.31,51.9,91.82,35.7,11.87,98.89,42.1,185.83,294.3706,120.42,143.01,18.22,41.68,137.55,82.7236,269.02,38.93,149.36,14.13,37.3551,106.55,40.5,180.0,36.5,175.05,119.77,122.02,8.2245,16.4012,55.07,23.96,67.64
2023-06-26,47.8,53335.74,177.74,16.83,57.44,18.47,479.01,51.62,90.65,35.53,11.82,97.75,42.04,184.88,294.3131,120.3,143.59,18.27,41.62,137.38,83.7682,268.59,39.31,147.03,13.82,37.6397,104.69,40.21,179.5,36.41,175.8,120.43,124.79,8.187,16.5342,56.12,23.95,68.37
2023-06-27,,53926.91,177.38,17.06,57.59,18.78,481.84,51.65,91.02,35.82,12.04,98.0,42.9,188.76,296.0005,121.96,147.07,18.83,41.84,139.57,83.7981,272.43,39.4,144.87,13.83,38.3363,106.22,40.35,182.67,36.82,176.0,121.94,124.78,8.1345,17.0375,55.85,24.19,69.79
2023-06-28,47.77,53460.06,175.9,17.1,56.14,18.67,476.22,52.63,90.71,35.76,11.9,97.55,41.85,187.56,292.8941,120.17,146.14,18.33,40.8,139.63,83.1116,270.16,38.71,143.72,13.72,38.1695,104.54,40.07,182.64,36.61,173.51,122.75,123.21,8.0971,16.8381,56.94,24.21,68.5
2023-06-29,47.9,53585.22,176.0,17.27,56.7,18.82,474.01,52.87,91.17,35.75,11.97,96.5,42.25,189.03,291.4751,121.5,149.12,18.88,41.48,142.43,81.7387,270.7,38.5,142.57,13.7,38.1597,104.63,40.13,182.79,36.52,174.0,125.11,125.2,8.0971,16.8191,55.02,24.11,68.13
2023-06-30,47.71,53526.1,175.68,17.01,55.75,18.58,478.49,52.29,91.94,35.58,12.1,97.54,41.94,189.41,295.3485,123.7,145.94,18.31,40.51,140.82,81.878,274.85,38.19,142.94,13.18,36.4033,104.43,39.66,182.0,36.65,171.78,126.62,124.02,7.9396,16.6766,55.56,23.97,67.89
2023-07-03,48.23,54399.1,177.53,17.14,56.82,18.61,493.19,53.12,93.0,35.71,12.17,98.04,42.2,193.59,312.5584,125.52,147.44,18.42,41.34,142.49,84.8327,279.17,38.31,144.12,13.8,37.6298,104.8,40.39,185.71,37.27,175.0,128.67,125.84,8.0746,17.2464,58.1,24.0,68.81
2023-07-04,48.25,53930.86,178.72,17.01,56.49,18.53,483.42,53.06,92.45,35.18,12.07,97.24,41.53,188.02,302.7502,123.85,145.85,18.76,41.17,141.39,84.0468,282.52,38.52,140.51,13.74,37.2374,103.83,40.0,181.92,36.95,171.36,130.12,125.49,7.9846,17.0945,59.5,24.13,68.95
2023-07-05,47.98,54039.66,178.0,16.6,58.3,18.54,483.42,52.87,90.92,35.09,11.89,97.43,41.23,190.5,304.4281,124.08,151.0,18.62,40.77,146.64,82.8231,285.61,38.64,142.73,13.6,37.6004,104.76,41.48,180.99,37.4,170.63,131.2,124.74,7.9246,16.8286,60.5,23.75,68.55
2023-07-06,,53407.7,175.24,16.4,57.74,18.5,481.1,51.25,88.9,34.69,11.35,98.26,41.25,190.2,301.3504,124.57,147.84,18.1,39.51,144.67,80.9527,280.74,37.93,140.4,13.26,37.0902,104.22,40.05,184.18,37.46,169.75,132.99,121.76,7.7822,16.0973,60.08,22.98,68.25
2023-07-07,48.22,53904.29,175.67,16.53,58.11,18.58,487.02,51.8,88.84,34.64,11.53,97.44,41.23,190.62,306.8154,123.19,145.23,18.88,41.26,147.7,82.8728,278.89,38.5,139.96,13.35,38.5031,105.58,40.54,183.85,37.84,171.31,135.38,124.32,7.6997,16.1448,60.42,23.28,68.87
2023-07-10,,53655.35,176.37,16.24,58.8,18.3,486.38,52.49,87.51,34.76,11.69,95.99,40.67,186.15,304.965,122.14,145.28,19.1,41.05,146.2,83.8478,283.99,38.5,138.16,13.31,38.2774,104.4,40.58,184.87,38.19,170.77,135.22,124.71,7.5872,15.8124,59.17,22.91,68.96
2023-07-11,48.08,54138.14,176.24,17.39,57.5,18.81,484.2,53.53,89.64,35.02,11.9,94.82,40.89,186.36,302.2037,123.96,147.21,18.81,41.0,146.51,84.4447,286.26,38.7,138.15,13.5,38.1499,105.88,40.6,186.68,38.46,175.87,132.87,126.44,7.7297,15.9264,59.78,23.52,69.5
2023-07-12,48.27,53956.71,176.95,17.34,58.0,18.44,479.85,52.87,88.32,35.32,11.93,94.55,41.51,183.9,299.6726,124.72,147.5,18.73,41.27,146.5,84.7631,292.0,39.6,139.93,13.55,38.4639,105.65,40.5,185.3,39.05,175.6,134.71,128.4,7.6697,16.0593,59.85,23.27,68.55
2023-07-13,48.5,54244.01,176.73,17.42,58.86,18.34,489.82,55.23,89.71,35.34,12.37,97.26,40.49,182.07,301.6093,127.4,151.21,19.0,41.68,146.51,85.4197,294.2,39.84,143.3,13.76,38.6405,106.77,41.32,186.81,39.79,176.82,135.77,132.13,7.6472,16.1543,59.47,23.57,68.2
2023-07-14,,53770.8,176.88,17.2,58.65,17.95,481.96,54.88,89.63,35.42,12.27,96.26,39.61,181.33,295.6649,125.9,151.0,18.77,40.86,147.89,85.36,291.05,39.99,141.34,13.63,38.9937,106.63,41.47,186.26,39.04,173.05,134.78,131.52,7.5423,15.2616,58.26,22.65,67.75
2023-07-17,,53623.27,173.76,17.17,58.18,17.84,484.0,54.55,88.71,35.08,12.35,95.74,39.92,181.4,296.7387,126.44,151.78,18.87,41.29,147.36,84.584,289.76,39.57,140.06,13.59,40.2203,106.6,41.03,187.5,38.01,171.53,133.5,132.0,7.5947,15.2331,58.15,22.51,67.9
2023-07-18,47.88,54036.27,175.66,17.23,58.05,17.8,489.71,55.87,90.5,35.1,12.53,95.87,39.21,181.91,301.2354,129.48,152.92,18.74,42.29,148.0,85.0616,291.5,39.9,140.51,13.66,39.3568,105.95,40.97,195.47,38.44,172.94,132.59,131.75,7.7222,15.7079,58.07,22.86,68.74
2023-07-19,,53740.16,174.21,17.31,56.84,17.58,477.0,55.94,87.77,34.5,12.48,95.47,39.04,180.95,300.1328,128.8,153.25,18.42,42.05,150.21,83.8777,285.79,38.85,139.66,13.65,39.1311,106.49,40.57,194.0,37.74,172.21,132.58,132.0,7.6022,15.8504,57.85,22.96,68.43
2023-07-20,47.65,53561.37,174.55,17.38,56.0,17.49,470.73,55.94,87.04,34.0,12.62,96.26,38.46,182.48,293.6323,128.15,152.49,18.55,42.25,148.57,83.8777,291.8,39.23,139.55,14.04,38.9545,105.26,40.11,188.98,38.09,170.44,130.0,131.49,7.6172,15.6605,57.74,23.09,68.21
2023-07-21,47.89,53702.16,177.0,17.31,55.97,17.52,468.12,55.47,88.72,34.82,12.61,97.02,38.81,184.58,294.2651,128.11,152.68,18.39,42.08,146.3,85.161,292.99,39.63,141.79,13.91,40.0142,104.89,39.7,187.23,38.19,172.51,123.15,130.29,7.6097,15.651,56.89,23.48,68.71
2023-07-24,,53518.91,173.88,17.29,56.27,17.65,452.82,56.3,86.85,34.85,12.47,95.25,38.91,181.94,286.6621,129.97,154.83,18.13,42.0,148.44,85.5092,290.16,39.71,137.73,14.03,39.1998,105.89,40.91,179.22,38.55,175.84,122.75,130.04,7.7597,15.423,57.25,23.05,68.27
2023-07-25,,54013.58,172.03,17.21,57.1,17.73,437.5,56.51,87.87,35.25,12.62,96.13,39.05,183.51,284.6295,130.7,153.0,18.2,42.13,151.6,89.439,296.96,39.79,138.96,14.15,40.2301,104.44,41.81,176.58,39.25,175.29,122.42,131.71,7.6397,14.9577,57.55,21.59,68.64
2023-07-26,48.57,54502.09,173.66,17.36,57.73,17.68,458.59,56.57,87.95,35.2,12.76,97.22,40.16,184.29,298.5604,132.0,158.9,18.55,41.6,154.99,87.5288,296.01,39.98,143.35,14.26,39.1507,105.5,42.12,183.25,39.71,177.28,122.03,133.01,7.5722,15.1286,59.9,21.84,69.53
2023-07-27,48.5,54753.39,172.4,17.3,58.55,17.81,476.01,54.71,86.94,35.06,12.79,96.25,40.66,187.03,301.0532,132.09,157.01,19.86,40.85,156.5,87.5487,294.54,40.16,141.33,14.85,40.1221,105.84,42.24,187.74,38.0,176.29,122.16,133.1,7.5198,15.9074,60.56,20.81,69.87
2023-07-28,48.87,54910.93,172.77,17.3,58.97,17.95,473.93,52.97,88.75,35.45,12.82,97.71,42.24,190.04,303.2104,133.0,161.09,20.5,40.98,156.81,86.0465,296.42,39.73,141.47,14.94,39.7297,105.55,42.34,188.58,37.98,175.28,122.11,133.49,7.6247,16.3442,61.0,20.8,70.09
2023-07-31,48.72,54819.05,168.01,17.27,58.28,17.56,475.08,50.79,87.03,35.5,12.76,98.09,43.78,189.72,305.4635,133.19,162.07,21.78,40.78,158.78,86.6633,299.1,39.49,141.09,15.01,41.0052,104.77,42.46,188.76,38.03,174.18,123.42,129.83,7.7297,16.8476,60.71,20.13,69.75
2023-08-01,48.16,54210.62,163.76,17.37,57.77,17.22,467.06,51.21,83.53,35.22,12.88,96.0,44.45,189.65,299.8643,129.43,155.62,20.62,39.47,155.04,84.8725,298.34,39.35,141.21,14.53,40.7698,104.53,42.14,184.56,37.5,171.63,123.13,128.34,7.5947,16.2778,60.14,19.64,70.47
2023-08-02,,53283.56,162.9,17.43,56.62,16.96,462.68,49.79,83.06,34.7,12.88,96.41,44.87,187.28,295.6553,125.9,154.35,20.35,38.91,151.1,82.7634,291.32,38.83,140.5,14.43,38.4246,104.51,41.83,182.23,36.89,168.87,123.82,123.86,7.5647,15.575,58.94,19.39,69.2
2023-08-03,47.46,53445.09,163.71,17.16,57.28,16.99,465.38,49.92,87.03,34.17,12.97,95.5,45.12,189.49,296.7675,129.02,156.77,20.65,39.28,149.01,85.9271,288.26,38.48,140.0,14.38,38.2676,105.72,40.9,183.27,37.5,169.42,123.16,127.08,7.5722,15.8124,57.94,19.25,67.41
2023-08-04,,53991.42,163.99,17.25,58.42,17.06,467.08,50.99,89.61,35.03,13.09,95.27,45.66,189.47,297.3524,132.49,161.33,21.3,40.18,153.0,84.9024,290.97,38.86,138.8,14.49,39.5432,105.7,42.45,186.31,37.67,171.96,127.85,130.37,7.6472,15.9549,58.43,19.59,69.07
2023-08-07,47.99,54032.83,163.46,17.3,58.87,17.1,469.05,51.45,89.11,35.4,13.41,95.2,45.05,192.29,297.3044,128.52,164.0,21.66,40.0,149.35,84.7233,294.22,39.16,140.0,14.92,40.0535,104.82,43.0,189.79,37.25,170.39,131.55,128.4,7.6547,15.8884,58.57,20.0,68.3
2023-08-08,47.61,53663.02,162.47,17.2,58.5,17.09,469.45,50.1,87.59,36.1,13.54,95.48,45.67,193.06,297.5153,127.89,161.7,21.73,38.69,146.68,84.0667,292.05,39.5,138.57,14.51,39.3274,105.11,44.27,188.53,37.15,167.98,130.27,125.43,7.6097,16.0118,58.2,19.57,67.81
2023-08-09,48.15,54220.74,162.64,17.42,58.56,17.52,467.33,50.67,89.56,35.97,13.56,95.23,47.0,192.49,297.8509,129.03,160.0,22.01,38.36,149.39,85.3302,297.43,39.67,140.33,14.87,38.9545,105.34,43.81,188.77,37.57,169.16,133.98,125.26,7.6547,16.0403,57.97,19.34,68.25
2023-08-10,47.98,53889.03,160.07,17.25,60.91,17.18,469.87,50.36,89.47,35.48,13.35,95.04,46.28,191.49,297.6208,129.66,163.0,21.95,37.64,150.07,83.7284,296.32,39.11,140.75,14.65,38.6601,105.13,44.12,190.52,37.39,167.32,134.17,124.55,7.7222,15.6984,58.51,19.17,68.45
2023-08-11,47.4,53242.16,155.7,17.1,62.73,16.42,466.68,51.94,88.61,35.5,13.23,95.94,46.05,190.08,293.9679,127.93,160.25,22.09,37.28,148.46,82.2759,298.89,39.5,140.35,14.65,39.1802,106.9,43.53,187.68,37.17,169.12,134.11,128.03,7.6397,15.4325,58.92,18.34,67.93
2023-08-14,47.28,53282.04,153.57,17.17,63.2,16.18,462.57,52.06,88.45,35.64,13.56,95.57,46.23,192.11,296.3361,128.44,161.82,22.15,36.95,149.98,80.0375,294.68,39.42,141.03,14.37,38.9054,107.26,43.26,187.76,36.75,166.15,135.0,126.3,7.6397,15.2046,58.98,17.84,68.83
2023-08-15,47.61,53568.32,158.45,17.15,66.0,16.04,470.97,52.33,89.56,35.77,13.68,94.7,46.48,192.71,302.5105,132.09,160.26,21.4,37.7,149.97,79.4007,295.99,39.8,142.33,14.15,38.2382,106.57,43.23,190.72,36.43,169.4,131.74,125.0,7.6847,15.385,60.43,17.62,69.73
2023-08-16,47.82,53827.71,162.36,17.43,64.47,15.88,472.81,52.75,90.85,35.13,13.83,95.45,46.81,199.67,301.3408,134.59,159.18,21.77,37.54,148.39,80.4652,295.72,39.99,143.94,14.29,37.2864,106.6,41.97,191.22,36.61,168.59,133.14,123.66,7.7297,15.3281,62.17,17.38,69.18
2023-08-17,47.6,53201.44,163.6,17.21,61.4,16.66,457.12,52.1,89.99,35.1,13.2,96.81,47.26,195.78,290.5739,132.9,159.11,21.63,37.04,146.49,80.5946,285.69,38.8,144.97,13.93,37.8261,105.99,41.45,186.49,36.62,167.0,129.98,123.42,7.6847,14.9957,61.02,16.91,67.17
2023-08-18,47.5,53194.39,162.51,17.4,59.11,16.62,457.34,52.0,88.81,34.67,13.3,96.9,47.61,197.7,290.5259,133.94,157.47,21.71,37.0,145.34,81.1816,280.96,38.26,147.84,13.74,37.777,105.47,40.51,187.99,36.94,166.53,126.83,123.61,7.6922,15.0621,60.61,16.85,67.34
2023-08-21,,53109.76,163.07,17.02,58.77,16.37,453.99,52.08,88.49,34.31,13.53,94.8,48.1,194.5,289.548,129.73,157.96,21.34,36.83,145.61,81.6989,280.27,37.24,145.51,13.63,38.7386,105.0,40.12,185.82,37.07,161.78,127.98,122.59,7.6397,14.8627,61.72,16.42,68.16
2023-08-22,,53127.93,163.57,17.17,60.31,16.14,451.44,52.17,88.63,34.02,13.63,95.04,47.6,193.99,290.7752,130.0,160.08,21.01,36.68,146.78,83.1812,283.42,37.38,145.44,13.65,36.7762,106.08,39.9,182.98,37.15,164.66,126.45,121.97,7.6022,14.5303,62.83,16.38,68.13
2023-08-23,47.76,53635.34,164.94,17.0,60.67,16.21,453.85,53.13,89.53,34.15,13.68,95.01,47.7,194.98,290.6889,135.5,165.29,21.37,37.62,147.44,83.9175,290.69,39.8,146.08,13.72,37.6298,107.0,40.01,183.75,37.99,166.7,131.45,124.22,7.8946,14.6538,63.97,16.22,68.58
2023-08-24,47.39,53109.83,162.36,17.14,60.01,16.17,454.89,52.36,88.73,34.3,13.45,95.2,48.2,193.58,291.849,132.89,165.46,21.33,36.7,144.46,81.291,289.78,39.71,144.66,13.6,37.8653,106.63,39.8,183.21,37.64,164.7,132.88,123.18,8.0446,14.3879,62.77,15.77,67.78
2023-08-25,,53191.53,165.28,17.15,59.89,15.85,461.05,53.17,86.85,34.24,13.66,95.37,48.45,195.59,293.9871,137.39,165.05,21.21,36.45,145.15,81.1816,293.02,39.97,146.0,13.51,37.2275,106.36,39.88,185.91,37.6,165.54,132.38,124.93,7.9996,14.008,63.25,15.57,67.9
2023-08-28,,53442.64,163.51,16.79,58.91,15.83,458.31,54.02,87.9,34.25,13.84,94.81,47.85,196.36,297.3524,137.49,167.0,21.16,36.62,145.8,81.48,294.0,39.86,145.54,13.7,38.0812,105.9,40.52,188.58,37.72,166.4,133.93,124.83,8.202,14.3119,63.81,16.24,68.49
2023-08-29,48.44,54261.33,164.44,16.93,60.0,15.95,467.44,54.92,88.23,34.69,14.03,95.35,47.33,199.53,302.2133,138.09,168.33,21.36,37.49,148.58,84.5044,298.61,39.85,147.65,13.95,37.6102,109.14,41.45,194.76,38.75,170.93,133.44,126.72,8.5019,14.4543,64.27,16.8,69.17
2023-08-30,,54390.74,165.81,16.93,60.58,16.29,485.09,55.61,87.98,34.47,13.92,96.09,46.99,197.22,309.6438,140.15,166.44,21.52,37.54,148.38,82.4948,296.19,39.86,149.31,14.05,37.3845,109.85,42.0,199.48,38.73,169.5,133.91,126.43,8.7268,14.6443,63.58,17.0,68.89
2023-08-31,48.11,53020.98,166.5,16.78,60.22,16.4,464.15,53.68,83.89,34.12,13.59,95.57,46.02,190.9,298.9247,134.78,163.67,20.77,38.2,144.73,81.0821,283.62,38.4,144.7,13.83,36.1482,106.04,41.27,197.75,37.95,162.83,134.14,125.62,8.4644,14.4923,63.04,17.0,67.22
2023-09-01,47.71,53145.36,164.57,16.51,59.9,16.07,460.68,53.01,84.62,34.25,13.76,94.5,46.49,190.79,291.245,132.01,165.8,21.01,36.89,145.37,82.1864,291.0,38.65,144.72,14.11,36.2758,106.47,40.85,195.46,39.12,165.64,134.59,125.0,8.7043,13.9035,62.96,16.62,67.18
2023-09-04,,53030.52,162.97,16.47,60.04,15.98,463.0,52.8,84.0,34.54,13.8,101.8,46.8,188.8,293.0667,135.92,165.83,21.07,36.72,145.64,82.0769,290.59,38.23,141.11,14.03,36.4524,103.36,41.0,201.15,39.69,164.02,134.16,125.66,8.8168,13.7421,63.27,16.6,67.28
2023-09-05,47.58,52932.5,161.98,16.43,60.3,15.97,463.0,53.54,83.91,34.23,13.45,106.0,47.0,190.1,293.4214,136.51,162.4,20.43,36.48,144.37,81.2015,286.25,38.31,145.07,14.1,35.9716,99.0,41.0,204.46,39.78,162.74,135.0,123.68,8.7268,13.3242,63.01,16.14,67.58
2023-09-06,,52971.19,162.2,16.48,60.21,16.04,451.06,54.19,84.47,33.08,13.28,108.31,46.82,192.42,289.8356,133.72,167.61,20.24,35.98,144.46,82.843,288.08,38.27,146.41,14.34,36.0893,98.2,41.18,206.66,38.89,163.99,134.02,123.25,8.4419,13.3717,62.93,16.23,67.31
2023-09-07,,52482.97,161.5,16.4,60.45,15.85,447.02,53.69,83.15,33.41,13.02,108.99,46.8,189.7,291.1395,137.39,167.86,20.52,35.6,142.51,82.1267,293.18,37.87,144.77,14.3,35.9225,99.05,41.18,203.17,38.73,165.0,130.3,121.49,8.6444,13.0203,62.67,16.06,66.93
2023-09-08,,52505.11,160.48,16.13,60.34,15.89,446.08,53.12,83.68,33.06,12.7,108.94,46.5,189.45,296.2498,136.73,169.66,20.71,35.86,143.88,82.1764,285.83,38.22,143.24,14.3,36.5701,100.0,41.4,203.62,38.47,164.85,130.95,121.3,8.6144,13.1723,63.89,18.0,66.89
2023-09-11,,52267.49,159.13,16.28,60.81,15.64,440.6,54.22,84.62,33.05,12.2,110.6,46.0,190.7,295.7704,136.86,167.14,20.57,36.0,143.25,82.2958,290.84,38.37,142.43,14.5,36.0108,100.82,41.0,207.2,38.48,165.1,133.0,120.1,8.6818,12.289,63.39,17.36,66.53
2023-09-12,46.75,51860.45,158.32,16.23,60.19,15.84,442.62,55.25,83.9,33.0,11.98,110.15,45.65,186.78,296.0388,138.9,167.36,20.72,36.32,142.65,80.8632,284.9,37.75,137.34,14.3,35.5104,99.01,40.47,210.48,37.79,164.35,134.1,123.29,8.4419,11.7857,63.71,17.11,65.8
2023-09-13,46.64,51522.18,157.14,15.9,60.0,15.57,442.03,54.66,82.6,33.18,11.85,107.86,44.5,186.87,295.1664,136.88,166.15,20.6,36.14,142.83,81.2512,280.98,37.69,137.36,14.21,35.4319,98.81,40.01,209.62,38.33,161.25,134.58,121.72,8.322,11.3678,62.27,16.16,64.85
2023-09-14,46.72,51755.68,158.77,16.38,60.4,15.61,445.62,56.32,82.19,33.48,11.74,105.66,44.75,186.76,297.6304,137.76,165.9,20.82,36.66,146.05,80.7239,286.42,37.55,138.02,14.2,35.0492,98.99,40.55,209.97,38.8,161.72,135.01,122.4,8.4269,11.2729,62.32,16.2,64.11
2023-09-15,46.53,51351.6,159.18,15.99,59.86,15.45,442.09,55.32,81.9,34.0,11.67,105.57,44.42,183.63,299.4041,145.0,164.45,20.4,36.01,147.22,80.0574,285.03,37.15,135.83,13.81,35.1277,98.41,40.78,205.5,39.89,157.44,134.45,123.59,8.232,10.6746,61.62,15.41,63.44
2023-09-18,46.29,51685.31,158.74,16.19,60.52,15.64,439.46,54.88,82.63,33.98,11.92,105.38,44.41,187.65,295.8471,138.19,160.69,20.34,35.87,147.0,79.9678,290.91,37.57,136.49,13.92,35.3436,99.01,40.61,206.41,39.17,161.72,135.96,122.81,8.2695,10.8265,61.45,14.64,64.92
2023-09-19,,52219.76,160.05,16.3,61.69,15.66,436.38,56.28,82.7,34.15,12.21,104.53,44.71,188.44,296.1635,140.68,162.94,20.81,35.57,148.23,82.3456,289.98,37.78,139.26,14.06,35.0296,98.34,41.9,205.02,39.54,161.75,138.79,127.0,8.2545,10.9595,61.62,14.59,65.74
2023-09-20,47.55,52507.23,161.6,15.96,62.21,15.57,436.9,57.64,83.35,34.28,12.2,106.42,44.03,187.63,295.5595,143.5,167.86,20.9,36.5,151.18,84.0567,293.72,38.29,138.91,14.39,36.4328,97.77,41.9,207.81,39.92,160.6,139.7,127.15,8.322,10.931,62.15,14.91,65.76
2023-09-21,47.0,51954.01,161.15,15.79,62.02,15.3,442.87,57.56,82.05,33.74,11.72,105.59,43.75,186.01,294.3418,138.16,167.31,20.78,35.83,149.14,82.1864,299.74,38.08,136.33,14.28,35.5398,95.45,40.96,207.47,39.6,160.03,136.3,126.91,8.307,10.7695,60.8,14.35,66.6
2023-09-22,,51677.48,161.45,15.78,64.06,15.17,439.7,57.55,82.44,33.37,11.51,105.88,43.26,187.72,291.9545,137.05,167.65,20.53,35.71,146.31,80.893,304.7,37.41,135.59,14.31,35.6772,94.27,40.7,204.99,39.05,157.04,139.99,127.5,8.4044,10.4846,60.5,13.65,66.85
2023-09-25,46.73,51367.46,160.42,15.27,64.24,14.87,439.02,56.3,83.02,33.3,11.62,104.83,42.53,192.06,295.9909,130.03,164.81,20.57,34.95,143.89,81.1816,305.73,37.75,135.95,14.29,35.844,92.47,39.8,209.75,38.38,157.57,132.87,124.0,8.352,10.0668,59.29,12.96,66.49
2023-09-26,,51107.8,159.99,15.15,63.4,14.68,441.03,56.2,85.07,33.41,11.48,104.49,42.9,188.53,291.2833,129.73,163.81,20.8,34.73,144.14,79.9778,308.01,37.28,134.9,14.13,36.0108,92.16,39.25,208.99,38.15,156.73,132.8,124.33,8.4044,10.0478,58.65,12.34,66.02
2023-09-27,,51427.27,157.29,14.75,63.34,14.85,442.1,56.63,85.8,33.87,11.63,104.42,43.26,189.38,292.4243,129.81,166.65,20.79,34.79,147.51,81.48,302.1,37.19,133.87,13.9,36.5309,91.36,39.4,208.19,37.39,158.59,130.5,123.3,8.6893,10.5701,58.04,12.84,66.01
2023-09-28,,51554.95,158.05,14.89,63.42,15.11,450.99,56.63,84.82,33.06,11.62,104.35,42.56,189.09,292.8845,129.16,168.69,20.97,34.81,147.76,81.9078,297.36,36.08,137.63,13.63,36.3052,91.69,39.36,208.0,37.12,158.12,131.31,125.09,8.6593,10.3707,58.37,12.53,66.11
2023-09-29,46.73,50874.98,158.77,14.93,63.6,15.05,427.05,54.61,83.78,32.63,11.35,102.02,41.62,189.98,274.3323,126.53,164.07,20.45,34.26,146.07,81.9377,297.68,34.7,136.12,13.4,35.8342,91.22,38.5,189.45,36.18,155.27,131.22,124.96,8.5169,10.0383,57.36,11.76,65.78
2023-10-02,45.71,51260.37,160.15,14.49,62.99,15.02,432.57,53.63,82.99,33.25,11.43,102.06,41.59,195.76,282.3189,125.57,164.63,20.36,34.51,149.99,82.9922,293.0,34.63,137.37,13.54,36.2954,91.9,39.25,188.44,36.02,157.21,132.23,124.16,8.5919,10.2947,56.77,11.18,65.83
2023-10-03,45.52,50366.39,157.95,14.06,63.36,14.72,425.59,53.27,81.89,32.87,11.05,102.5,40.93,194.94,275.2144,126.13,165.1,20.36,34.41,144.53,79.8385,291.84,34.55,136.93,13.58,35.9225,91.13,39.24,191.71,35.53,156.0,131.89,125.91,8.322,9.8863,56.2,11.19,64.9
2023-10-04,45.86,50732.69,158.1,14.05,64.21,15.19,435.06,52.85,81.28,33.3,11.27,102.7,41.15,195.34,281.7724,123.67,166.12,20.4,34.0,143.85,79.7788,288.71,35.49,136.77,13.62,36.0795,90.67,38.83,200.91,35.59,155.23,135.58,126.07,8.262,9.8958,56.64,12.0,65.58
2023-10-05,44.17,49454.59,157.71,14.28,63.59,15.29,361.95,52.77,82.81,33.0,10.68,103.42,40.56,191.77,218.5128,128.71,162.83,20.29,34.39,141.57,77.3413,287.35,35.66,137.85,13.73,35.8833,90.27,38.62,148.3,35.53,148.0,135.82,126.18,8.3295,9.9338,57.46,11.61,65.02
2023-10-06,43.88,49666.5,157.73,14.69,63.91,15.05,383.29,53.77,82.39,33.25,10.64,102.75,40.28,190.58,230.8905,129.17,163.39,20.69,35.03,144.24,78.8436,286.11,34.62,136.06,13.57,36.1874,90.3,38.66,148.2,35.76,151.49,134.95,128.19,8.5544,9.8863,58.27,12.39,63.8
2023-10-09,,49297.15,154.93,14.35,63.31,15.16,375.4,54.49,81.47,33.12,10.77,100.0,40.0,188.16,230.7947,129.91,160.86,21.7,35.06,147.12,76.7942,283.0,33.65,135.41,13.43,35.9225,88.84,38.65,148.77,35.26,152.93,135.56,128.95,8.4719,9.9053,58.22,11.74,60.62
2023-10-10,44.93,50289.86,156.49,14.27,64.9,15.2,399.1,56.1,82.3,33.58,10.94,103.01,40.29,190.92,241.6096,133.34,163.67,22.22,36.39,151.2,78.1074,285.63,34.91,137.4,13.45,36.4033,88.8,38.43,159.02,35.65,156.64,138.71,134.74,8.3445,10.3042,59.22,12.25,62.56
2023-10-11,44.92,50344.74,154.34,13.97,63.81,15.16,396.21,56.68,79.81,33.66,11.48,103.87,39.91,192.73,243.5367,133.55,162.62,21.44,36.78,152.76,77.998,285.65,33.89,136.28,13.37,37.0902,88.85,38.71,153.34,35.9,155.39,140.63,138.79,8.187,10.3517,59.26,12.27,61.76
2023-10-12,44.36,49745.16,152.01,13.86,62.42,15.1,391.88,55.59,78.92,33.25,11.14,102.56,39.51,193.19,236.1446,133.03,155.49,21.15,36.0,149.29,76.3763,288.91,32.99,136.16,13.24,36.0599,88.41,38.06,148.73,35.97,157.28,137.45,134.0,8.202,9.7818,58.13,12.26,61.39
2023-10-13,44.18,49379.58,150.35,13.74,61.0,15.13,388.2,55.13,78.22,32.55,11.14,104.37,39.53,191.19,232.856,127.06,156.78,21.28,35.7,150.51,76.5256,287.38,32.89,132.66,13.26,35.6674,87.98,38.18,150.35,35.11,157.24,137.46,132.17,8.0971,9.4779,56.79,12.1,59.93
2023-10-16,,49823.08,151.49,13.61,61.92,15.3,390.1,55.25,78.61,32.95,11.55,105.4,40.0,190.69,235.7994,129.81,161.25,21.29,36.54,149.89,76.9235,290.96,33.45,134.02,13.37,35.8636,87.33,38.0,149.41,36.74,156.71,137.99,131.79,8.187,9.7154,57.07,12.37,60.87
2023-10-17,44.54,49666.01,155.21,14.03,62.19,15.39,393.37,54.86,78.47,32.47,11.54,104.42,40.33,190.42,229.8455,128.21,160.74,21.22,36.45,148.77,76.7046,293.95,35.06,134.96,13.4,35.5202,88.84,38.01,150.13,36.57,158.5,136.44,130.77,8.187,8.9746,57.43,12.09,60.07
2023-10-18,44.17,49274.78,156.69,13.99,61.51,14.92,390.49,57.14,77.59,28.95,11.14,104.14,39.61,188.54,229.9318,131.41,156.63,20.62,35.6,149.07,75.859,289.97,35.15,132.44,13.07,34.8726,90.38,37.46,155.62,36.96,158.11,137.28,127.39,8.2395,8.9651,55.4,11.3,60.31
2023-10-19,,48804.61,154.27,13.97,61.65,15.09,381.58,56.42,75.09,30.58,11.07,104.45,39.85,185.64,224.3422,128.4,152.72,19.28,35.62,147.55,75.6202,285.49,34.22,129.54,13.11,34.7843,89.33,35.5,154.99,35.83,151.3,136.54,127.3,8.127,8.3003,56.33,11.2,60.25
2023-10-20,43.48,48275.91,153.17,14.0,59.73,15.34,381.72,55.07,73.39,29.63,10.94,101.54,40.7,183.19,220.4496,129.21,153.11,18.8,35.11,143.11,74.2175,288.47,33.45,126.73,13.01,34.5881,88.72,35.75,156.02,36.37,148.75,132.15,123.6,8.2845,8.2244,54.92,10.83,59.58
2023-10-23,,48197.88,154.56,13.8,59.25,15.21,383.93,53.57,74.9,29.66,10.84,100.98,40.94,183.15,216.3652,124.56,151.5,18.61,34.21,143.26,74.3567,292.33,32.79,129.73,12.94,34.6371,87.59,35.69,153.0,34.85,150.32,137.49,125.55,8.0296,8.0724,55.01,11.23,60.3
2023-10-24,,48278.8,154.61,12.45,59.02,15.31,375.57,55.05,73.76,29.54,10.82,102.46,39.73,182.38,202.5685,120.31,159.1,19.37,35.01,145.6,74.4463,297.7,33.53,133.09,13.08,34.6175,87.84,35.95,146.6,34.45,152.46,138.34,129.9,8.0671,8.2054,56.1,10.85,60.01
2023-10-25,,48766.33,159.36,11.86,61.8,15.22,385.01,55.38,75.29,29.15,11.05,103.7,40.37,183.8,201.3413,119.98,159.88,19.57,35.55,148.0,76.4161,303.5,34.4,134.9,13.02,34.9413,89.44,35.93,141.25,33.68,151.55,139.89,133.4,8.0146,8.0724,56.48,10.91,60.47
2023-10-26,43.55,49173.43,167.48,11.06,62.67,15.2,383.76,54.63,75.1,29.02,11.33,105.13,32.81,189.84,191.3222,120.57,167.89,19.36,36.0,146.15,77.1225,322.0,33.89,138.27,13.36,35.4417,89.67,35.42,139.25,30.24,151.67,144.97,136.15,8.172,7.9774,56.98,10.69,64.02
2023-10-27,43.51,48973.85,167.3,10.06,61.97,15.12,380.0,54.81,72.62,28.7,10.78,105.26,31.84,192.99,187.9569,119.74,162.22,19.3,36.24,147.32,75.7098,318.99,33.85,135.98,13.32,35.2357,89.94,34.98,128.36,28.95,147.51,148.05,137.17,8.2695,8.0819,56.64,10.78,66.59
2023-10-30,,49277.36,165.72,10.45,61.7,15.05,391.63,54.91,70.01,28.0,10.76,106.04,32.52,202.16,197.046,116.78,155.67,18.93,36.19,150.6,75.2919,314.94,33.5,139.87,13.55,35.2258,91.86,35.2,135.89,29.31,147.5,149.0,137.65,8.4344,7.5026,56.07,10.98,64.82
2023-10-31,43.62,49061.88,161.78,10.61,59.84,14.91,390.0,54.89,73.18,28.07,10.79,105.02,31.9,203.84,201.8111,115.56,160.86,19.1,37.21,146.05,74.4861,314.02,33.04,137.06,13.42,35.2847,91.79,35.35,138.21,29.26,148.57,149.03,136.64,8.3969,7.797,56.54,10.28,64.6
2023-11-01,44.18,49787.84,167.22,11.52,60.18,14.8,395.0,54.83,75.85,28.4,10.95,103.87,33.15,209.54,204.534,116.99,165.66,19.43,37.26,151.08,73.0435,316.8,34.81,136.81,13.59,35.5987,91.77,34.19,138.56,30.9,154.96,148.9,135.71,8.5694,7.892,57.03,10.22,65.22
2023-11-03,45.8,51266.73,168.55,12.87,62.68,15.15,397.83,57.77,78.67,29.29,11.68,99.61,33.42,210.93,214.6011,127.89,169.22,20.6,39.16,156.82,74.7049,313.82,35.01,142.16,14.15,35.4613,92.0,34.25,143.27,31.71,162.28,142.62,142.31,8.7643,8.4048,60.59,11.36,66.82
2023-11-06,45.95,51633.63,168.3,13.08,62.23,15.27,411.21,57.96,82.25,30.1,11.84,101.85,32.25,211.22,222.5205,133.48,169.93,20.06,40.01,153.43,75.7794,323.03,34.67,144.0,14.51,36.5014,92.76,34.25,149.23,32.83,168.78,144.0,144.0,8.6668,8.5472,60.83,11.01,66.95
2023-11-07,45.49,51209.85,165.68,12.99,61.46,14.97,403.11,56.7,80.78,30.1,11.93,101.6,32.72,211.96,218.2348,127.99,170.34,19.79,39.53,152.8,75.1128,319.01,34.38,144.65,14.64,36.2561,92.6,34.05,143.6,32.6,169.78,140.57,144.37,8.337,8.3193,61.07,11.83,65.99
2023-11-08,45.49,51016.3,173.72,12.95,60.81,14.98,396.01,56.77,80.04,29.9,12.14,101.43,33.02,207.27,216.6145,127.97,170.0,19.57,39.35,153.56,74.5657,319.14,34.14,145.53,14.39,36.3052,93.02,33.95,136.0,32.33,166.02,143.23,143.96,8.4344,8.1484,60.91,11.82,65.61
2023-11-09,45.38,51071.03,172.3,13.07,61.15,15.15,383.34,53.95,80.69,30.14,12.29,101.43,32.61,212.35,218.2827,125.51,169.98,19.3,39.2,153.05,74.9636,324.86,34.42,147.1,14.39,36.1286,93.1,33.99,134.98,31.34,164.68,144.64,142.44,8.4494,8.1104,60.02,11.25,64.65
2023-11-10,45.52,51258.24,176.38,13.05,61.0,15.23,385.62,55.64,80.5,30.09,12.28,100.36,31.8,209.72,214.9654,124.6,169.47,19.07,39.06,157.85,73.0634,321.59,34.08,145.76,14.28,36.2758,92.34,34.34,135.77,31.21,163.35,144.84,140.8,8.3819,7.9869,60.94,11.13,67.13
2023-11-13,,51090.91,178.64,13.14,61.07,15.26,386.11,56.22,79.84,30.02,12.12,100.31,31.96,211.13,213.9587,127.15,173.85,19.0,39.52,155.01,73.0236,312.24,33.18,146.21,13.89,36.2856,92.22,34.13,130.23,31.62,160.47,146.04,139.56,8.4944,7.9204,61.03,10.71,66.22
2023-11-14,46.73,52511.37,179.42,13.14,61.15,15.43,388.03,57.55,82.69,30.34,12.32,101.1,32.06,219.04,217.4103,132.98,178.0,19.25,40.96,159.23,75.7098,318.6,34.19,147.54,13.83,36.5799,94.49,34.76,132.0,32.42,162.4,152.84,142.03,8.5619,8.1674,62.6,11.36,69.58
2023-11-15,46.92,52796.47,178.6,13.37,61.88,15.33,391.49,59.0,83.25,30.5,12.19,100.86,31.11,220.33,219.673,134.5,178.82,17.99,41.64,162.72,77.3513,326.69,34.46,145.78,13.91,36.3052,94.51,34.59,136.83,33.27,171.8,147.28,146.84,8.7118,7.9679,63.4,11.55,68.77
2023-11-16,,52469.36,179.61,13.2,60.22,15.24,390.83,58.68,83.71,30.21,11.89,100.73,30.3,217.77,225.0612,137.82,177.49,18.51,41.84,161.57,77.023,323.47,33.88,146.8,14.06,36.1776,94.12,34.52,138.0,32.96,167.94,142.23,145.11,8.7718,7.7495,62.95,11.53,67.96
2023-11-17,47.15,52685.1,178.26,12.98,60.37,15.21,397.4,58.62,83.44,30.74,12.07,100.38,29.99,218.19,233.786,136.85,176.57,19.15,41.37,161.22,77.789,325.0,34.19,145.36,14.12,36.2463,94.78,34.92,146.52,33.41,168.81,143.99,148.35,8.7793,7.5786,63.17,11.72,68.3
2023-11-21,,52504.29,172.76,13.3,60.49,15.15,394.66,57.69,84.98,31.11,11.79,101.81,29.99,212.87,234.0641,137.41,178.66,18.71,41.45,161.76,77.8089,327.0,34.22,145.5,14.51,35.7851,95.27,35.98,143.57,33.41,167.06,143.48,148.98,8.6144,8.6802,64.07,11.58,68.02
2023-11-22,,52670.01,174.02,13.47,60.68,15.14,405.36,58.26,85.0,31.27,11.66,101.69,29.69,214.53,236.95,136.22,178.3,18.7,41.94,162.55,78.0378,326.11,33.92,147.12,14.7,36.0599,95.51,36.12,147.25,32.8,168.98,144.13,149.98,8.6518,8.2338,64.23,11.71,69.79
2023-11-23,47.44,53059.54,173.7,13.98,60.23,15.26,401.66,57.04,85.36,31.21,11.84,101.89,29.98,217.27,242.4245,138.37,182.21,18.71,41.08,163.41,77.023,330.0,33.95,146.8,14.61,36.158,96.4,36.09,151.34,34.0,169.39,149.5,151.69,8.8543,7.5976,63.96,12.22,69.75
2023-11-24,47.29,52938.42,173.93,14.1,59.72,15.31,403.81,57.4,85.88,31.05,11.88,101.53,30.0,214.72,239.9893,137.71,182.0,18.74,42.03,163.18,76.8937,334.81,33.94,150.29,14.8,36.0206,96.84,34.89,152.48,33.75,169.0,152.28,149.01,8.8768,8.2338,63.89,12.45,69.62
2023-11-27,46.98,52220.49,173.28,13.8,60.53,15.21,398.93,57.01,85.98,31.65,11.53,101.81,29.9,212.09,243.2299,140.11,179.34,19.15,41.43,159.58,73.4216,326.7,34.05,146.73,14.43,36.4033,97.34,36.77,152.62,34.7,166.29,152.12,149.84,8.9517,8.2718,63.81,13.13,66.52
2023-11-28,47.16,52359.0,174.49,13.54,60.35,15.21,393.51,56.41,86.0,31.43,11.66,101.81,29.37,213.5,245.2145,141.11,175.19,19.1,41.54,159.35,72.4267,324.44,34.0,145.84,14.22,36.0795,97.78,37.56,152.29,36.06,165.14,155.08,149.54,9.0492,8.5947,61.51,13.72,67.16
2023-11-29,,52792.81,173.89,13.46,60.85,15.47,391.05,55.37,86.52,33.33,12.06,102.09,29.18,214.74,243.2395,149.02,175.45,19.69,41.7,157.63,75.0929,321.12,34.2,144.99,14.26,36.0206,99.89,37.84,152.18,36.06,167.51,157.63,150.36,9.2066,9.4495,61.96,13.9,67.1
2023-11-30,48.38,54060.01,177.1,13.08,60.79,15.77,410.04,55.64,87.28,33.0,12.07,102.12,29.42,220.92,254.2653,157.54,170.48,20.04,42.6,161.62,79.3808,321.13,35.01,146.87,14.16,36.4524,101.44,41.31,155.36,37.02,171.08,158.9,150.51,9.484,10.5606,65.47,13.93,68.38
2023-12-01,,53901.43,174.4,13.01,59.77,15.96,402.92,56.19,87.27,33.66,12.39,100.71,29.22,218.3,251.8588,157.02,172.42,20.69,41.33,159.79,78.9729,317.93,35.22,147.46,14.16,36.1384,101.91,44.06,157.38,38.02,169.74,164.1,146.84,9.3416,10.6841,63.92,13.71,67.33
2023-12-04,,54053.63,177.61,12.41,60.27,16.01,404.43,54.75,87.41,33.87,12.3,101.64,30.19,220.15,251.1014,157.48,174.82,19.98,41.63,160.25,80.0772,317.76,34.8,150.23,13.87,35.9323,102.99,45.94,156.18,37.29,173.88,166.95,149.99,9.544,11.1969,63.46,13.87,66.12
2023-12-05,48.72,54120.91,180.53,12.66,60.49,15.94,406.7,55.05,88.93,33.79,12.11,102.01,31.24,219.68,249.2893,163.18,175.91,19.91,42.29,160.0,78.4059,318.0,34.41,151.69,13.68,36.4131,102.96,45.2,156.96,36.73,174.79,166.94,148.07,9.5815,10.9025,62.81,14.26,66.86
2023-12-06,48.83,54100.37,180.53,12.93,61.47,16.07,418.96,54.84,89.0,33.78,12.14,102.58,31.15,218.74,249.7783,160.82,178.41,20.0,42.06,160.79,78.4258,322.88,35.01,153.46,13.77,36.8056,102.02,44.99,154.85,36.8,173.53,163.08,148.97,9.649,10.722,62.4,14.87,66.34
2023-12-07,48.9,54456.78,181.0,13.16,61.9,16.0,411.02,54.16,88.94,33.73,12.24,102.17,31.51,222.83,250.2289,164.74,181.5,20.09,42.36,163.85,79.3211,321.51,34.54,153.96,13.67,36.8841,102.85,43.32,156.0,36.66,169.84,168.47,150.64,9.709,10.6271,64.05,14.76,65.9
2023-12-08,48.74,54393.01,181.26,13.12,61.98,15.85,402.15,53.75,87.16,33.49,12.33,102.4,31.5,222.65,245.2337,160.56,180.0,20.17,42.64,166.5,79.6892,321.49,34.82,153.64,13.39,36.8351,102.87,42.36,155.13,36.21,172.26,169.64,151.42,9.649,10.6081,64.29,14.57,66.11
2023-12-11,,54439.12,183.76,12.78,61.47,15.87,400.76,54.83,87.05,33.09,12.44,101.11,31.53,222.76,239.7304,163.3,188.98,19.9,43.54,165.63,79.3709,316.63,34.4,156.87,13.23,36.7762,102.65,40.44,154.55,37.67,166.21,169.0,153.01,10.0463,10.4371,63.82,14.27,66.06
2023-12-13,49.29,55167.86,187.21,12.46,61.6,15.77,394.42,56.47,88.39,32.73,12.91,101.5,31.97,224.53,243.2395,166.92,193.89,20.3,44.23,169.3,80.7836,312.09,36.33,161.27,13.19,36.8252,104.97,40.44,151.69,37.65,172.56,169.9,155.7,9.9114,10.5131,66.75,14.81,67.89
2023-12-14,51.79,57036.42,188.98,13.0,61.93,16.26,494.65,54.69,88.14,33.95,13.52,103.88,32.56,224.65,286.595,170.18,197.87,22.4,45.2,171.58,84.6736,312.2,37.26,165.2,13.43,37.6887,109.16,42.69,173.0,39.08,178.69,169.51,165.81,10.0164,10.988,67.15,16.05,69.85
2023-12-15,52.15,57130.08,186.37,13.35,61.22,16.09,506.12,56.63,88.54,34.16,13.48,101.5,32.61,222.99,293.1434,180.93,196.56,22.69,45.38,171.83,87.9566,310.42,37.04,166.5,13.52,37.62,110.12,43.61,179.28,38.9,175.02,169.44,161.82,10.1213,10.8455,67.79,15.99,68.81
2023-12-18,52.63,57732.81,187.0,13.4,62.19,16.31,509.97,57.23,89.25,34.78,13.57,102.74,32.82,226.25,296.1731,178.96,198.49,22.86,45.91,174.41,88.5934,316.8,37.39,168.12,13.6,37.8261,110.41,41.79,185.52,39.92,181.55,168.49,160.98,10.4362,10.7031,67.87,15.92,70.31
2023-12-19,52.59,57694.34,188.99,13.41,63.05,15.92,508.29,56.32,87.3,34.62,13.61,103.4,32.32,226.46,292.1367,178.99,203.99,22.46,45.6,173.65,90.0061,312.89,37.03,168.48,13.65,40.132,112.6,42.2,182.95,38.56,184.0,169.18,158.96,10.4587,10.8265,67.68,15.93,71.29
2023-12-20,,56909.37,187.69,13.07,63.01,15.7,503.85,56.95,86.73,34.25,13.43,103.06,32.11,223.43,289.0686,176.16,202.16,22.29,44.64,170.27,87.2403,306.7,36.57,164.75,13.7,41.2015,114.8,41.6,182.03,37.26,179.02,168.75,156.72,10.3687,10.7885,66.5,15.41,70.54
2023-12-21,52.1,57487.7,190.11,13.0,64.38,15.89,507.8,57.97,88.16,35.06,13.79,103.99,32.42,223.9,286.8155,180.51,204.62,23.24,45.72,171.91,89.051,315.35,37.6,163.52,13.75,40.8777,115.08,41.07,179.76,38.24,183.15,170.41,159.9,10.5337,11.0924,66.85,15.79,70.47
2023-12-22,,57313.47,184.54,12.53,64.85,15.72,504.77,57.68,88.66,34.6,13.95,104.0,32.22,222.69,289.1645,181.12,200.5,23.21,45.44,167.45,92.1152,313.28,38.15,161.9,13.51,41.7608,114.27,39.72,176.11,37.72,183.99,171.24,162.15,10.5861,11.007,67.25,16.1,70.7
2023-12-25,,57313.47,,,,,,,,,,,,,,,,,,,,,,,,,,,,,,,,,,,,
2023-12-26,,57745.79,187.97,12.45,64.46,15.77,508.52,57.48,88.24,34.75,13.8,103.87,32.78,223.55,289.385,183.46,204.59,23.6,45.85,173.29,92.0854,313.84,37.99,162.19,14.12,42.1729,115.01,37.11,179.34,37.57,183.81,167.05,162.5,10.901,10.779,67.26,15.82,71.1
2023-12-27,52.42,57554.47,185.76,12.48,64.11,15.67,500.28,57.93,87.68,34.74,13.75,102.89,32.71,222.62,285.5979,183.72,203.69,24.01,46.0,168.11,93.2891,317.35,38.44,162.01,14.47,42.0453,115.14,37.99,180.64,37.56,184.26,169.52,162.02,10.7286,10.798,67.5,16.25,72.09
2023-12-28,,57464.42,184.44,12.8,63.99,15.58,495.1,56.8,87.33,35.28,13.43,102.69,32.69,221.56,284.1885,188.27,202.22,24.05,45.84,171.63,93.4881,312.2,38.23,161.15,14.34,42.2906,116.04,37.16,180.89,37.32,183.67,170.57,161.35,10.5562,10.836,67.42,16.16,71.49
2023-12-29,52.16,57386.25,184.97,12.68,64.35,15.74,498.99,56.7,85.86,35.11,13.21,102.77,33.25,221.46,285.5691,189.22,201.02,23.67,46.51,171.1,93.896,310.75,38.05,161.23,14.14,42.9775,116.17,37.85,179.59,37.59,183.26,171.91,162.39,10.1888,10.817,67.34,16.0,71.39
2024-01-02,,56980.44,183.06,12.52,63.37,15.72,486.09,57.82,86.99,35.8,13.01,103.5,33.94,220.3,280.7465,186.51,198.43,23.01,45.43,168.22,92.9907,313.58,37.6,158.54,14.36,42.3103,113.94,39.18,175.94,37.64,183.09,167.97,159.67,10.6461,10.8645,66.05,15.35,71.86
2024-01-03,51.03,55726.64,182.5,12.48,63.94,15.51,481.92,56.88,84.68,34.6,12.66,102.4,33.32,217.23,273.3736,179.87,195.36,22.36,44.46,163.05,89.5484,310.5,37.11,156.4,14.21,40.7403,110.78,38.02,171.0,36.33,179.85,162.3,156.37,10.3012,10.5701,65.66,15.13,69.8
2024-01-04,50.26,55406.96,181.16,11.96,62.51,15.49,474.67,56.75,84.77,34.26,12.66,101.12,33.0,215.32,273.9201,178.19,193.09,22.49,43.89,164.12,87.9964,306.15,37.53,154.26,14.09,40.3086,111.99,37.91,169.99,35.62,173.27,160.11,156.33,10.1138,10.2567,63.97,14.78,70.06
2024-01-05,,56192.78,180.95,12.1,62.88,15.4,483.64,58.93,88.34,34.41,13.01,102.4,33.36,213.45,273.3256,182.8,200.49,23.94,46.3,170.47,90.5334,326.17,37.74,152.97,14.34,41.643,112.38,38.19,169.3,34.99,177.94,160.5,161.38,10.2713,10.0288,64.81,14.92,69.54
2024-01-08,50.71,56175.67,179.21,12.18,62.62,15.37,482.66,59.64,86.11,34.42,13.06,101.25,33.6,216.12,275.8568,183.56,197.65,23.86,46.3,166.5,91.3889,317.44,37.27,151.67,14.36,40.7599,113.46,38.74,170.17,35.79,180.31,163.12,157.94,10.0538,9.8958,65.33,15.37,70.11
2024-01-09,49.76,55105.58,177.4,12.15,61.83,15.24,474.49,58.63,84.43,33.49,13.25,100.6,33.35,216.76,261.7629,174.52,194.49,23.42,44.35,164.59,87.4194,310.02,36.54,152.9,14.12,40.1418,112.1,38.35,161.17,35.11,175.26,162.59,154.97,9.9339,9.4969,65.22,14.76,67.74
2024-01-10,49.74,55318.67,177.79,11.99,61.42,15.28,480.39,58.22,84.13,33.24,13.36,100.37,33.4,218.25,263.7763,176.18,192.5,23.21,44.62,165.8,86.0863,309.01,37.35,153.98,13.79,39.9259,112.17,37.76,161.04,35.05,176.75,160.75,154.88,9.9339,9.288,64.71,14.73,69.51
2024-01-11,,55438.75,180.48,11.96,61.37,15.56,479.38,58.88,84.71,33.49,13.25,100.56,32.94,218.62,260.3727,176.14,193.99,23.18,44.84,164.8,84.5144,311.01,37.83,151.88,13.94,40.6128,113.65,37.94,160.0,35.45,175.16,161.22,156.12,9.9714,9.0126,64.67,14.86,69.92
2024-01-12,,55607.07,181.37,11.98,61.89,15.72,473.94,59.42,85.5,33.67,13.22,101.44,32.02,219.2,257.7744,173.61,190.42,23.33,45.0,165.0,85.5888,311.12,37.41,157.0,14.17,39.2489,113.96,39.35,158.63,35.24,173.94,163.33,155.23,9.9489,8.9651,65.17,14.31,70.98
2024-01-15,,55501.11,183.81,11.99,61.29,15.92,468.0,59.59,84.74,33.9,13.05,101.01,32.07,217.71,260.1809,169.4,190.21,23.25,44.75,164.99,86.335,312.48,37.39,155.79,14.32,39.975,113.58,39.7,157.89,34.34,173.03,163.04,155.59,9.9264,9.0696,65.97,14.49,70.57
2024-01-16,50.03,55124.58,184.07,11.71,61.3,15.73,464.0,59.38,87.01,33.1,12.8,102.81,31.07,223.56,250.3344,167.86,186.54,22.32,44.29,164.2,83.5692,311.58,37.53,157.34,14.11,38.6994,112.52,39.66,156.77,34.43,167.29,161.63,154.31,9.7914,8.9081,64.84,14.11,70.21
2024-01-17,49.35,54711.69,184.63,11.28,62.3,15.41,469.26,59.74,85.9,32.5,12.86,101.13,30.55,221.78,248.5319,162.27,183.42,21.8,43.68,165.02,83.1614,308.01,37.56,156.37,13.77,36.786,111.0,39.46,156.46,34.04,167.46,162.42,151.43,9.5815,8.6137,63.55,13.39,68.73
2024-01-18,49.3,54707.89,184.09,11.36,64.13,15.45,471.0,60.56,84.5,33.52,12.74,101.11,31.85,227.7,250.2768,153.29,184.0,21.41,43.55,163.99,83.2409,303.27,37.9,156.41,13.58,39.239,113.0,39.92,156.66,34.21,168.14,164.79,151.85,9.7839,8.4998,63.13,14.1,68.23
2024-01-19,49.88,55452.1,183.9,11.36,64.07,15.76,478.78,62.04,84.25,33.0,12.79,102.59,31.31,228.25,255.0227,158.74,188.82,22.47,45.26,167.36,84.5144,305.99,38.54,155.76,13.68,39.396,112.33,41.24,158.06,34.84,172.36,166.39,153.12,9.8814,9.0316,64.3,14.2,68.36
2024-01-22,49.57,54723.06,179.78,11.16,64.39,15.68,469.32,61.36,78.31,33.25,12.82,101.49,31.52,231.42,241.5712,153.37,189.79,21.85,45.06,166.49,81.7984,301.5,38.38,154.27,13.47,38.3265,112.48,43.0,153.18,34.02,168.61,167.5,153.52,9.8214,9.326,64.48,13.92,65.9
2024-01-23,,55502.9,181.61,11.17,63.99,15.92,474.4,63.26,78.06,32.96,13.03,102.5,31.52,235.54,250.8521,158.93,189.83,22.37,46.68,167.68,84.4845,301.34,37.89,156.97,13.77,39.2489,115.63,43.5,154.13,33.81,167.67,170.62,152.85,9.8289,9.5729,65.04,14.28,67.37
2024-01-24,49.83,55419.55,180.57,11.07,65.0,15.46,474.52,63.76,77.4,33.2,13.39,103.53,31.59,228.5,247.9758,163.03,187.79,22.48,48.81,168.73,86.8523,299.5,37.1,154.75,13.88,39.239,117.23,44.06,152.8,33.11,168.6,170.57,154.0,9.8964,9.421,64.88,14.45,66.6
2024-01-25,50.19,56160.07,183.39,11.12,64.96,15.31,490.08,63.85,76.94,33.72,13.98,106.68,32.23,233.11,255.4734,161.47,195.38,22.37,48.59,170.32,87.0612,304.37,37.8,156.56,14.15,40.7011,117.99,47.28,156.53,33.57,168.87,169.96,156.54,9.8514,9.5919,66.75,14.15,69.28
2024-01-26,51.02,56855.88,186.9,11.65,66.77,15.45,502.73,64.55,79.04,34.33,14.14,107.74,33.09,233.85,261.0438,165.55,197.12,22.95,49.02,170.87,87.7477,310.65,38.48,157.47,14.58,39.9161,118.46,46.78,159.61,33.83,169.79,174.71,159.63,10.0838,10.3802,66.33,13.97,70.7
2024-01-29,,57175.73,190.0,11.82,68.0,15.51,505.59,64.44,79.54,35.22,14.32,111.86,33.5,234.66,264.0543,168.07,196.0,22.33,50.05,171.16,89.1206,313.66,38.56,159.54,14.15,39.7983,117.08,44.58,158.65,34.16,170.0,177.82,159.28,9.8964,10.4561,66.09,14.29,70.35
2024-01-30,51.39,57537.14,191.61,11.78,67.39,15.57,501.18,65.13,77.59,34.52,14.35,114.47,32.2,235.82,260.7753,165.99,198.0,22.97,50.49,175.78,88.2551,317.73,38.89,160.23,14.13,39.7591,118.9,44.45,159.73,33.97,169.6,184.63,161.21,10.0538,10.2567,65.4,13.86,71.92
2024-01-31,,57372.76,195.68,11.53,67.53,15.53,500.99,65.69,78.26,34.98,14.27,116.43,32.06,233.07,256.9499,161.18,199.86,23.37,50.88,175.01,88.265,322.0,39.08,163.58,14.09,39.4844,120.73,44.0,157.31,34.26,169.4,190.68,159.29,10.0913,9.8293,65.4,13.71,71.09
2024-02-01,51.96,57828.08,199.49,11.51,68.3,15.52,509.45,66.11,78.52,35.95,14.37,117.71,32.34,239.97,258.1483,155.02,197.05,23.31,49.93,176.62,90.7323,315.01,38.77,167.54,14.09,39.7395,126.91,43.67,158.0,34.25,170.0,189.97,159.12,9.9789,10.0288,64.7,13.73,71.73
2024-02-02,52.33,58226.77,196.12,11.45,66.77,15.49,519.0,66.99,77.9,35.04,14.73,118.35,31.99,241.52,268.3592,155.23,197.59,23.0,50.67,181.0,88.7426,314.2,38.7,175.17,14.1,39.5628,124.23,42.0,160.89,34.21,173.6,189.0,161.52,10.2788,10.1427,64.81,13.9,71.61
2024-02-06,52.61,58679.58,192.55,11.55,67.09,15.36,530.85,67.66,81.4,35.14,14.8,120.56,32.26,237.65,274.0735,161.3,201.63,24.0,53.4,185.2,88.7923,316.99,38.85,167.24,14.1,40.2301,125.95,42.75,164.49,34.4,179.0,193.55,161.89,10.2788,10.2092,64.53,13.45,73.0
2024-02-07,52.47,58711.87,194.08,11.44,67.47,15.2,539.79,67.3,79.46,36.03,14.91,123.13,32.95,237.46,271.0533,153.41,198.93,24.33,53.33,189.18,89.439,317.1,39.89,166.52,13.99,41.6921,125.53,42.69,161.66,33.99,181.0,202.49,166.99,10.2938,10.2852,64.39,13.11,71.68
2024-02-08,52.23,57762.44,194.77,11.17,66.08,14.87,535.5,67.16,79.57,36.13,13.66,121.99,32.58,239.47,271.2163,153.8,191.64,23.38,52.94,184.95,86.6534,313.51,39.0,167.82,13.33,42.0846,125.0,41.95,164.22,33.42,182.6,194.96,167.4,10.3537,9.9053,63.9,12.9,71.43
2024-02-09,,57327.5,194.42,11.15,66.58,14.65,521.04,67.5,78.57,36.08,13.12,119.87,32.67,242.58,268.9536,151.08,188.95,23.1,52.93,184.51,84.972,313.55,37.83,166.51,13.15,41.7902,125.26,40.49,160.79,33.35,182.63,191.27,168.5,10.0388,9.6964,62.87,12.79,72.05
2024-02-12,51.9,57418.55,194.06,10.94,65.65,14.65,509.32,67.59,78.81,36.11,13.34,119.34,33.03,241.81,260.5452,151.99,193.82,23.89,53.66,184.24,85.7878,316.0,38.42,167.34,13.13,41.8,126.35,39.66,158.2,33.76,183.6,187.31,165.0,10.1513,9.9718,63.02,12.86,71.15
2024-02-13,51.17,56906.99,191.04,10.65,65.08,14.56,507.31,66.83,78.03,35.99,13.11,119.71,32.49,241.21,258.1579,149.53,190.05,23.78,53.84,182.16,84.2856,316.39,37.93,167.14,13.15,41.5449,125.29,40.93,157.98,33.06,178.5,194.06,161.32,10.1063,9.7913,62.15,12.21,70.62
2024-02-14,,57248.47,192.03,10.71,65.05,15.03,507.83,66.99,77.66,36.09,12.99,121.65,31.98,243.51,255.5213,153.91,187.66,24.0,55.16,184.03,85.161,314.49,37.74,167.58,13.12,41.6823,126.89,40.03,156.0,32.82,178.12,196.57,160.2,9.7914,9.7249,62.71,12.45,70.85
2024-02-15,51.46,57251.89,189.3,10.84,66.75,15.27,510.71,67.0,78.68,36.0,13.15,124.2,32.22,241.96,255.2912,149.71,187.11,24.19,54.45,184.3,85.559,315.01,38.05,171.36,13.27,40.7305,125.93,43.56,156.0,33.33,178.68,195.02,162.92,9.8889,9.8768,63.53,12.67,68.7
2024-02-16,51.33,57132.11,189.65,10.75,67.46,15.58,515.76,67.52,77.62,35.87,13.39,124.68,33.35,227.51,254.8118,149.67,183.92,24.5,54.14,187.26,86.2057,314.41,37.82,171.51,12.62,41.9178,125.32,46.28,154.6,32.84,179.45,193.12,164.72,9.8739,10.7505,61.89,12.83,68.0
2024-02-19,50.98,57490.05,191.0,11.05,67.34,15.85,522.67,66.88,79.14,35.2,13.22,125.34,32.43,226.1,248.4264,152.62,191.34,24.1,55.07,187.64,87.5487,314.65,38.6,178.07,12.77,41.9865,126.46,47.18,155.0,33.39,180.01,192.55,164.25,9.8964,10.817,61.53,12.8,68.06
2024-02-20,51.21,57227.67,191.53,10.94,67.9,15.76,513.14,66.83,76.11,35.11,13.43,126.13,33.09,225.67,252.5875,154.33,186.49,24.06,54.48,187.32,86.325,312.54,38.18,171.71,12.54,41.5645,127.27,46.39,152.08,33.14,185.0,192.61,163.4,9.9189,11.12,60.82,12.95,68.81
2024-02-21,50.97,57021.03,192.01,10.91,67.0,15.99,504.17,66.12,74.75,35.83,13.56,129.01,33.54,226.32,249.1263,147.7,184.99,24.21,53.41,183.96,85.6684,310.01,38.25,171.74,12.55,40.5833,127.18,46.0,151.33,33.42,182.35,191.75,163.15,9.664,11.35,60.79,12.6,68.79
2024-02-22,51.22,57148.73,194.67,10.68,65.26,16.26,514.19,65.32,72.87,35.7,13.71,130.17,32.88,228.25,254.064,147.98,185.68,26.4,53.38,182.83,85.6087,300.52,37.9,172.66,13.82,41.6038,125.23,43.86,151.59,34.05,184.11,191.9,164.0,9.4466,10.93,60.5,12.6,68.73
2024-02-23,50.8,56659.8,192.02,10.63,64.64,16.53,510.0,66.85,73.63,35.84,14.0,132.52,37.09,203.4,252.0601,147.6,184.67,26.4,53.97,183.31,85.0019,299.07,38.23,169.65,14.27,42.114,123.97,45.48,151.5,33.62,183.3,193.95,165.51,9.664,10.94,59.95,12.63,69.5
2024-02-26,50.38,56194.72,189.69,10.6,65.47,16.56,509.0,66.39,72.68,35.85,13.85,133.16,37.0,202.79,249.2318,147.27,185.08,25.38,53.43,178.9,84.5442,305.1,37.9,168.91,14.1,41.2015,120.94,44.02,150.71,32.87,181.01,195.82,165.31,9.6265,10.8,59.49,12.51,69.04
2024-02-27,,56241.03,189.66,10.92,65.94,16.51,494.31,64.64,73.29,35.45,13.63,131.29,37.97,208.41,244.6009,151.01,180.14,25.12,53.48,178.51,85.0317,307.14,37.6,170.7,13.91,40.809,121.26,43.16,150.28,32.61,182.26,192.22,165.03,9.6115,10.71,59.62,12.55,67.82
2024-02-28,,55350.61,183.51,10.95,64.78,16.17,479.99,61.88,72.28,35.52,13.19,131.38,39.66,212.61,238.3689,147.23,182.74,24.96,51.52,176.71,82.0272,306.08,36.66,165.15,13.36,39.1213,123.09,43.58,147.49,31.98,178.13,190.83,157.81,9.2591,10.15,59.36,12.42,67.74
2024-02-29,49.82,55414.0,183.74,10.97,65.52,15.99,500.01,63.09,71.31,36.9,13.04,130.91,39.82,212.22,241.6096,147.63,178.76,25.62,51.79,176.3,82.6838,303.61,37.89,166.06,13.19,38.3069,124.88,43.75,147.72,31.49,177.94,191.5,159.0,9.4466,10.17,59.84,12.36,68.08
2024-03-01,49.75,55536.32,185.98,10.92,66.68,15.89,488.06,63.96,71.58,36.85,13.35,132.5,39.71,212.28,240.7371,147.1,181.03,25.4,52.14,176.43,82.6838,302.51,37.4,164.68,13.76,39.2096,125.86,44.99,149.1,31.73,180.37,194.28,161.32,9.3866,10.17,60.86,12.39,67.57
2024-03-04,49.55,55462.49,184.91,11.65,66.89,16.12,485.27,63.88,71.72,36.76,13.23,132.5,40.12,210.22,232.3287,146.03,182.5,25.4,52.16,178.93,83.7682,298.43,37.25,162.7,13.93,39.19,129.55,47.02,147.3,31.44,178.23,195.07,160.9,9.2666,10.12,61.69,12.11,67.24
2024-03-05,49.28,55476.25,184.04,11.42,67.69,16.14,492.95,65.12,72.48,37.59,13.11,132.7,40.01,207.55,228.7621,147.91,184.63,25.91,52.97,180.02,83.2111,293.03,37.32,164.58,14.39,39.1017,129.49,47.03,145.21,31.56,185.32,199.0,162.25,9.2141,10.06,62.25,12.32,66.79
2024-03-06,49.28,55284.51,179.9,11.61,67.45,16.21,495.81,64.88,71.9,37.11,13.26,134.47,40.17,205.58,229.3661,147.99,185.88,25.99,51.71,178.5,81.679,300.0,37.58,162.86,14.08,38.5424,132.9,47.66,145.43,31.99,183.91,199.0,158.45,9.0792,10.01,61.73,12.71,66.75
2024-03-07,49.15,55049.49,181.13,12.01,67.71,15.95,490.24,64.49,72.0,37.25,13.34,132.99,40.48,204.46,228.1964,143.48,187.99,25.85,51.54,176.19,83.4101,297.01,38.29,162.38,14.04,38.9251,131.52,47.53,142.5,31.46,180.93,199.64,160.02,8.9967,9.95,62.26,12.45,66.85
2024-03-08,49.16,54935.99,181.25,12.49,66.99,16.06,496.43,64.42,71.69,37.79,13.3,133.97,41.05,205.18,228.0047,139.49,187.54,26.25,50.97,172.0,83.9672,292.91,37.73,161.2,14.01,39.1213,132.78,47.43,142.75,31.62,180.82,196.77,161.36,9.1242,9.96,62.46,12.41,67.12
2024-03-11,,55076.12,181.32,12.08,67.68,15.93,495.3,64.9,71.98,37.65,13.66,133.75,40.07,205.01,228.8867,142.51,184.74,26.95,51.43,173.99,84.1662,292.51,37.76,161.87,14.19,38.6896,133.63,47.54,140.63,32.5,178.62,196.99,161.27,9.0567,10.0,61.88,12.31,66.72
2024-03-12,49.16,54898.95,182.45,11.71,68.38,16.05,496.37,62.14,71.82,37.96,13.56,134.47,41.24,204.96,230.0468,143.34,184.24,26.74,50.18,170.41,83.8379,288.5,37.36,165.09,14.13,38.3854,131.99,47.29,140.53,32.44,177.2,196.98,161.12,8.9967,9.71,62.27,12.02,67.08
2024-03-13,,55848.72,184.3,11.94,69.99,16.27,508.98,64.39,70.95,37.81,13.6,134.23,41.25,207.59,232.367,146.51,188.17,26.77,51.5,174.88,89.7971,289.67,37.95,166.76,14.3,38.6013,133.48,47.02,142.73,32.5,178.6,196.99,161.9,9.0942,9.85,63.3,12.35,67.41
2024-03-14,50.45,56059.26,185.11,11.99,72.0,16.2,512.53,64.27,71.62,37.49,14.1,133.86,41.32,209.26,238.6662,150.06,193.27,26.73,51.12,173.65,89.9165,293.5,38.17,166.75,14.55,38.1106,134.5,47.2,144.13,33.31,179.97,196.7,163.32,9.0042,9.7,63.67,12.01,67.17
2024-03-15,50.31,56228.4,187.93,12.0,74.43,15.73,510.85,64.72,71.18,37.49,14.08,130.01,40.85,213.81,239.1935,143.0,197.02,25.79,48.99,170.0,96.5125,295.28,37.95,164.27,14.79,37.571,141.04,48.14,146.13,34.39,174.28,199.4,168.82,9.1467,9.55,64.07,11.82,66.49
2024-03-19,50.07,55548.07,184.0,11.67,77.38,15.63,506.85,64.65,73.75,37.11,13.91,132.71,40.03,211.13,235.9624,143.65,193.0,25.75,49.69,170.1,91.6377,287.03,37.83,161.95,14.8,37.7378,138.62,47.9,144.17,32.96,177.48,196.96,160.58,8.8768,9.7,63.44,11.43,65.5
2024-03-20,50.61,56618.01,183.58,12.24,78.58,15.99,510.0,63.67,77.65,37.24,14.08,132.5,39.96,213.95,240.3728,150.67,194.99,26.26,51.45,175.3,94.6621,292.12,38.17,164.11,14.84,38.2774,139.71,48.86,144.9,34.15,179.86,196.0,160.07,8.9742,9.97,63.43,11.92,67.98
2024-03-21,50.75,56657.44,180.81,12.36,78.96,15.69,509.99,63.24,76.32,37.45,14.18,130.22,39.85,217.98,241.0055,147.24,196.45,26.61,50.79,175.03,96.1245,293.72,37.87,162.22,15.21,38.1499,140.56,48.54,147.7,33.71,176.84,194.44,159.99,8.9592,9.86,62.9,12.18,67.59
2024-03-22,50.95,56610.54,183.69,12.48,79.29,15.41,517.2,62.94,73.88,37.09,14.43,130.87,39.99,216.65,248.3593,144.77,198.16,26.84,50.66,172.88,97.4477,296.0,37.75,161.87,14.99,38.5129,140.87,49.0,153.83,33.9,176.99,192.18,161.62,9.0267,10.08,63.5,12.18,66.93
2024-03-25,50.74,56552.54,181.12,12.61,78.99,15.37,519.59,64.14,77.7,37.02,14.42,132.1,40.13,215.41,246.7773,144.51,197.98,26.84,50.47,170.04,97.6168,299.76,37.31,158.16,15.46,38.1106,141.35,48.5,156.42,34.71,172.67,188.68,160.77,9.1542,10.26,63.22,11.99,67.01
2024-03-26,51.17,57209.7,183.69,12.64,82.4,15.23,524.92,63.63,79.2,36.91,14.66,133.01,39.68,217.59,253.4599,144.81,199.75,27.28,50.62,177.44,97.5074,305.94,37.68,160.16,15.51,38.1499,145.05,47.88,160.39,34.53,175.53,194.99,163.18,9.1017,10.34,63.6,12.05,67.12
2024-03-27,,57369.01,181.73,12.21,81.95,15.6,525.6,64.59,78.7,37.17,14.69,134.05,39.08,216.15,256.9019,149.18,197.9,28.41,51.07,176.66,97.7959,311.91,38.74,160.16,15.69,38.3461,144.22,46.2,163.76,34.73,176.41,193.01,163.75,9.2291,10.36,64.76,12.17,67.2
2024-04-01,51.41,57653.23,180.03,12.49,82.7,15.6,528.67,64.01,77.45,37.0,15.08,134.0,40.23,215.47,257.5922,147.91,199.99,27.62,50.94,175.68,99.4773,310.37,38.79,160.32,15.4,37.2962,148.49,48.71,163.21,34.95,177.61,195.5,164.67,9.6565,10.37,65.6,12.5,66.02
2024-04-02,51.52,57581.81,180.87,12.81,82.42,15.44,536.63,64.1,76.53,36.47,15.0,132.06,39.44,212.79,259.7591,147.06,199.89,27.69,51.07,179.14,98.6316,314.33,38.7,157.74,15.43,37.1883,148.67,48.47,165.97,35.0,175.95,193.94,164.22,9.5815,10.41,65.47,12.8,66.21
2024-04-03,51.98,57503.39,178.53,12.86,81.39,15.35,535.75,64.4,73.96,35.9,15.13,131.24,39.2,206.72,261.8875,144.5,200.41,27.24,50.2,177.9,101.5466,315.12,38.53,155.02,15.59,37.0607,147.88,49.65,171.37,35.32,178.0,195.7,163.35,9.5815,10.94,64.81,13.09,66.58
2024-04-04,52.2,57882.76,177.37,13.11,79.0,15.5,544.66,64.87,71.93,35.53,14.71,130.0,37.5,213.27,269.7015,144.5,197.98,27.84,50.8,181.99,101.5864,320.35,38.59,158.91,15.91,37.885,146.56,49.7,175.09,36.08,182.65,196.65,164.0,9.8964,10.87,65.41,12.98,65.01
2024-04-05,52.27,58092.44,176.23,13.24,79.25,15.35,541.28,64.7,73.53,35.4,14.6,129.08,36.6,211.46,271.13,147.83,196.09,28.5,51.94,182.57,103.1682,324.08,38.13,157.57,15.53,38.4639,146.2,49.5,175.77,38.15,194.55,199.93,161.36,9.7989,10.89,66.0,13.01,66.62
2024-04-08,52.3,57989.94,173.87,12.95,79.02,15.62,539.89,64.16,72.13,35.39,14.5,129.01,35.01,210.43,270.2384,146.45,197.4,28.0,51.78,178.23,105.1281,326.66,38.13,156.48,15.85,37.6495,143.81,52.0,172.78,37.89,184.99,200.46,161.49,9.7914,11.02,66.99,12.77,66.0
2024-04-09,51.88,57571.15,170.22,13.27,76.2,15.52,537.38,62.8,70.71,35.03,14.39,129.11,34.71,211.6,261.8588,145.02,192.66,27.8,50.92,174.5,108.3416,324.62,38.89,155.76,15.73,37.1,142.31,51.5,173.17,37.93,181.09,198.77,159.57,9.7165,10.97,65.65,12.51,65.76
2024-04-10,51.13,56636.54,169.5,12.7,75.65,15.23,531.8,61.31,69.16,34.19,14.12,126.7,34.3,206.56,257.4292,138.34,189.09,27.37,49.5,173.87,105.924,318.18,38.41,154.35,15.29,36.1678,140.35,51.43,169.65,36.78,181.45,194.13,156.41,9.559,10.9,63.19,12.66,65.17
2024-04-11,,56830.32,170.72,12.42,76.28,15.24,527.51,61.6,69.19,34.49,14.35,128.1,34.02,206.3,259.9029,141.13,193.44,27.37,49.62,174.28,104.8894,320.17,38.5,156.27,15.41,36.315,138.73,48.8,167.63,36.21,180.22,193.02,155.38,9.499,11.08,60.71,12.34,65.88
2024-04-12,51.08,56565.92,169.12,12.06,73.73,15.09,526.04,62.5,68.7,34.56,14.26,123.56,34.56,207.35,260.2384,143.65,192.67,27.4,50.83,175.62,102.7802,316.47,38.3,161.94,15.13,35.5889,138.52,49.1,166.09,36.35,180.58,190.72,156.58,9.3566,10.81,59.4,11.74,64.91
2024-04-15,50.81,55984.0,165.21,12.23,74.26,15.05,525.09,62.93,66.98,33.59,14.06,120.56,33.72,205.01,256.9786,137.85,189.12,27.09,49.86,173.82,103.5662,316.38,37.93,159.0,14.6,35.0198,134.11,48.59,166.05,34.91,177.5,188.09,154.28,9.3716,10.61,58.1,12.04,65.36
2024-04-16,,55797.25,165.42,12.13,74.82,15.02,526.47,59.89,67.68,33.64,14.35,118.58,32.5,203.73,257.6018,137.01,191.67,27.07,49.38,170.79,103.8248,318.06,37.76,158.92,14.31,34.6666,137.46,49.69,164.95,35.02,175.4,191.2,152.81,9.1842,10.29,59.38,12.03,63.4
2024-04-17,50.07,55415.69,167.98,12.18,75.12,15.33,513.76,61.08,66.12,33.43,13.89,117.37,32.14,201.28,252.4053,136.76,189.04,26.89,49.01,172.0,102.1236,311.63,37.78,156.29,14.1,33.6461,138.87,49.01,161.16,33.53,175.1,195.05,151.88,9.1392,9.83,59.51,12.74,63.62
2024-04-18,50.3,55739.43,172.19,11.87,73.97,15.13,526.79,60.88,66.98,33.12,13.78,117.0,31.83,203.0,254.9269,139.24,187.71,26.8,49.57,174.82,103.4667,333.77,37.82,159.45,14.45,34.4605,140.52,49.12,160.29,33.09,175.28,192.34,150.96,9.0342,9.72,60.0,13.33,63.19
2024-04-19,50.43,55862.85,168.61,12.07,73.69,15.64,525.51,60.91,69.0,33.65,13.66,116.89,31.95,204.83,255.0132,138.9,186.68,25.97,49.25,173.03,102.5216,328.62,36.38,160.2,15.11,34.5096,140.63,48.85,160.15,32.49,174.05,195.74,149.55,9.0717,9.59,60.03,13.31,64.28
2024-04-22,51.25,56551.9,173.35,12.26,74.25,15.82,540.1,61.4,70.86,33.9,14.04,118.79,31.99,202.99,263.6517,140.93,195.41,26.54,50.16,181.89,100.2035,337.22,36.69,162.95,15.4,34.8039,142.28,49.0,162.77,32.82,176.91,208.01,154.99,9.0117,9.86,61.96,13.67,64.09
2024-04-23,51.26,56633.75,170.49,12.09,76.91,15.83,574.69,61.15,69.12,34.04,14.01,124.1,33.03,197.5,289.989,141.18,198.16,27.03,49.13,178.58,99.0097,342.65,37.17,160.51,15.11,35.7557,141.4,49.33,173.32,31.97,180.3,210.57,150.01,9.0342,10.08,61.96,14.32,65.03
2024-04-24,,56463.99,171.48,12.81,74.26,15.65,578.74,62.32,69.26,34.1,13.85,128.28,33.03,198.87,289.2124,134.44,192.8,26.8,48.56,175.31,99.8354,340.71,36.78,163.33,14.64,35.1375,138.77,50.6,172.66,31.4,176.66,213.88,151.85,9.1392,9.95,60.72,14.73,65.92
2024-04-25,52.3,57071.78,165.21,12.71,74.45,15.7,597.15,62.06,70.36,33.47,14.04,128.86,35.08,198.26,298.1673,131.67,196.24,26.8,47.01,174.87,102.7802,338.1,36.5,169.58,15.8,36.5309,138.26,49.2,183.4,32.15,174.29,212.51,151.0,9.6265,10.2,61.6,15.01,67.67
2024-04-26,52.62,57833.85,168.78,12.46,73.46,16.16,608.86,65.06,68.69,33.43,14.19,128.79,34.82,204.73,301.849,138.99,197.89,28.39,48.83,173.0,106.1429,345.48,36.68,170.66,16.34,36.7958,137.23,50.8,188.89,29.91,178.5,221.37,154.49,9.679,10.81,62.1,14.72,66.65
2024-04-29,52.84,57827.86,169.14,12.65,72.97,16.56,605.99,66.1,70.12,32.97,13.79,130.39,34.32,201.59,301.8298,139.99,199.13,28.07,48.66,169.05,108.2819,344.68,36.09,171.1,16.59,36.6388,136.35,50.5,189.07,28.85,174.41,222.99,153.89,9.5965,10.7,62.54,14.43,66.98
2024-04-30,52.0,56727.98,166.66,12.69,71.7,16.32,589.9,63.32,71.62,32.1,13.55,126.14,34.81,201.48,300.0561,134.0,192.94,27.48,47.21,169.92,105.3172,336.01,35.76,169.59,16.62,35.9618,136.97,50.0,189.26,28.04,171.59,224.0,154.06,9.4016,10.07,60.67,14.03,63.85
2024-05-02,,56677.05,168.18,13.18,72.1,16.01,570.44,65.62,72.6,32.44,13.33,123.88,34.04,200.03,298.9439,141.02,194.5,27.15,48.31,173.29,104.4516,337.19,36.45,165.77,17.07,35.687,136.39,50.59,186.32,28.58,181.4,211.71,160.37,9.4091,10.26,60.99,14.31,63.31
2024-05-03,52.1,57135.26,167.18,13.41,72.83,16.45,575.2,66.79,70.0,32.91,13.59,124.42,34.17,201.54,299.9698,142.01,199.98,26.79,48.6,173.54,104.5412,339.99,36.8,167.22,16.57,36.2267,141.97,50.41,184.4,29.12,183.13,207.83,159.96,9.6715,10.83,61.28,14.39,64.24
2024-05-06,52.21,57282.95,164.92,13.08,73.7,16.69,582.34,67.19,69.82,33.73,13.45,124.11,34.56,201.84,299.8739,145.72,202.45,26.59,48.54,173.7,105.4465,337.87,36.72,164.1,17.02,36.0206,144.62,51.57,183.52,29.46,184.92,213.89,158.98,9.5965,11.02,61.3,14.27,65.74
2024-05-07,52.13,57108.32,165.99,12.76,72.92,16.55,565.99,65.6,71.24,33.8,13.23,123.99,34.71,202.99,301.3121,146.16,205.86,26.53,48.98,173.01,103.9442,336.45,36.14,168.46,17.25,36.2856,146.08,50.8,183.36,28.91,184.89,203.29,156.87,9.664,11.1,60.17,14.18,65.51
2024-05-08,52.07,57081.0,167.34,12.83,73.52,16.65,578.63,62.88,70.73,33.42,13.1,124.44,34.6,201.4,300.8135,146.42,200.0,26.02,49.21,174.43,101.1984,334.6,35.67,167.92,17.26,36.8841,143.29,51.41,179.41,29.04,185.59,208.51,155.81,9.544,10.95,60.17,14.09,66.48
2024-05-09,52.38,57846.08,173.16,12.8,73.12,16.97,581.39,62.8,72.6,32.16,13.21,124.33,34.1,203.31,306.9976,149.58,199.41,26.33,50.63,175.71,103.5164,333.71,36.2,169.95,17.53,36.992,144.61,52.85,185.18,29.11,189.64,207.28,155.04,9.604,11.18,61.7,14.24,68.52
2024-05-10,52.74,57718.04,171.89,12.69,70.91,16.95,585.15,62.03,69.84,31.86,13.32,124.52,33.93,202.87,301.5326,149.35,200.8,26.24,50.71,175.62,103.2677,331.95,36.47,168.2,17.33,36.9136,144.03,53.1,186.6,29.11,189.86,201.89,156.23,9.5065,11.14,61.52,14.48,69.07
2024-05-13,52.74,57731.12,171.62,12.94,71.3,16.73,589.23,63.89,70.36,31.89,13.35,124.52,33.94,205.35,302.3475,148.1,199.68,26.3,49.86,177.64,101.7854,330.52,36.68,169.77,17.25,37.3649,144.12,52.92,186.43,29.1,184.35,204.79,155.75,9.5365,11.15,60.79,14.42,68.39
2024-05-14,52.58,57231.74,171.09,13.0,70.46,16.75,591.8,62.63,69.66,31.74,13.28,122.97,34.15,203.22,302.7119,143.61,193.46,26.28,48.96,174.11,102.9891,328.81,36.58,169.37,16.91,36.6977,142.92,51.21,182.65,29.35,182.25,202.49,153.56,9.3866,11.08,59.77,14.7,67.13
2024-05-15,52.93,57454.65,168.84,12.69,70.45,16.66,579.36,63.97,70.56,31.4,13.17,124.57,33.82,203.18,306.01,150.62,197.89,26.7,49.37,175.0,103.785,326.92,36.57,167.51,17.14,36.4229,141.44,54.12,183.21,29.45,187.95,202.6,158.0,9.634,11.2,61.35,14.55,67.93
2024-05-16,,57462.17,167.4,12.9,70.66,16.5,593.93,63.55,71.46,31.73,13.08,123.55,33.8,201.17,311.5709,148.88,200.91,26.4,49.34,175.69,104.949,325.75,37.56,163.76,17.04,36.1874,143.39,54.06,184.94,29.54,191.49,202.45,157.4,9.4316,11.12,61.63,14.29,68.3
2024-05-17,53.01,57583.08,167.42,13.26,70.22,16.34,586.94,63.55,69.89,31.97,12.89,124.45,33.1,199.03,308.5028,149.71,196.73,26.39,48.85,175.23,112.0126,324.67,36.7,162.01,16.9,35.6772,142.55,54.35,183.85,29.53,188.85,203.66,155.51,9.4091,11.1,61.44,14.6,67.99
2024-05-20,52.92,57393.28,166.98,13.64,70.04,16.42,588.02,64.13,69.82,31.97,13.03,124.29,32.81,196.85,313.5076,143.63,193.02,25.69,48.48,170.1,114.3904,323.55,36.43,161.05,17.15,35.4908,143.73,56.33,188.02,30.02,188.96,201.5,153.6,9.0267,11.29,62.02,14.12,68.24
2024-05-21,,56760.72,167.08,14.46,69.25,16.34,577.96,62.5,69.94,31.67,12.86,121.15,32.71,195.49,310.8422,138.01,190.36,25.31,47.5,167.2,113.5248,320.77,35.61,161.47,16.64,34.5488,143.34,51.64,177.26,29.6,185.61,195.46,145.2,9.0867,10.91,62.06,13.67,66.96
2024-05-22,52.07,56432.03,165.42,15.39,69.82,16.45,583.32,61.78,70.29,31.94,12.69,121.51,33.11,194.93,312.5488,141.59,187.86,24.56,47.69,166.19,107.9436,325.0,35.71,159.58,16.94,34.7549,136.44,52.93,174.92,29.8,188.88,198.01,147.99,9.3641,10.71,62.71,14.02,66.65
2024-05-23,52.1,55918.38,166.0,14.95,68.72,16.4,581.56,60.93,68.05,31.6,12.76,120.93,33.01,196.48,312.846,142.34,187.12,24.69,46.98,160.02,105.5758,322.0,36.36,161.13,16.93,34.5782,135.41,52.34,173.93,29.84,185.02,196.1,146.15,9.0792,10.58,60.99,13.4,66.42
2024-05-24,,55413.12,162.72,14.3,68.21,16.2,556.51,60.69,66.16,31.15,12.72,123.55,32.53,194.93,310.219,137.51,185.49,24.64,45.83,164.71,103.4866,321.85,35.76,158.07,16.67,33.548,135.58,52.14,169.53,29.45,183.84,197.81,145.25,9.0867,10.57,59.69,13.1,65.2
2024-05-27,51.22,55452.88,163.08,13.79,68.48,16.16,568.69,61.32,66.0,31.9,12.62,122.3,32.2,193.0,302.0216,135.0,181.8,24.86,45.51,166.99,104.959,324.29,35.85,155.34,16.65,33.4106,131.2,52.9,170.62,28.96,186.1,197.01,145.18,9.0717,10.62,59.81,13.35,65.02
2024-05-28,50.77,55184.95,161.87,13.82,67.63,16.13,545.52,59.48,66.35,31.21,12.74,125.47,32.55,196.76,293.1817,136.88,183.11,25.3,46.3,162.74,104.76,320.0,35.17,157.98,17.0,33.8325,130.68,51.87,166.15,28.51,181.73,203.95,142.2,8.9667,10.63,58.65,13.44,64.45
2024-05-29,52.99,55212.64,161.77,14.02,68.21,15.94,558.48,60.35,65.39,31.04,12.71,126.02,31.96,197.29,299.8835,135.0,185.12,25.93,46.39,160.99,104.9988,321.58,35.5,160.19,17.68,34.4703,133.43,52.65,166.62,28.53,184.0,215.12,144.3,8.9967,10.87,58.46,13.5,63.82
2024-05-30,51.18,55352.56,164.29,14.34,68.17,16.09,571.69,58.8,65.49,31.47,12.97,127.46,31.64,197.75,303.6035,138.56,185.63,26.41,46.6,156.41,105.1679,326.08,36.07,161.15,18.56,35.9421,133.32,53.39,167.56,28.67,190.39,220.84,145.47,8.9892,11.1,58.86,13.55,63.59
2024-05-31,,55179.24,173.93,14.59,67.25,15.74,572.72,58.75,63.8,30.84,12.79,125.47,31.22,194.37,306.221,130.88,185.55,26.21,45.4,161.17,104.1432,330.32,35.68,158.45,17.71,36.7173,129.0,53.6,174.02,27.81,186.33,217.74,146.98,8.8468,11.2,59.24,13.53,63.75
2024-06-03,47.59,51807.55,162.6,12.89,62.15,15.25,535.93,52.45,64.03,29.41,12.16,121.94,31.51,187.46,277.2566,126.18,169.41,22.87,42.04,143.06,97.3681,328.49,33.69,156.88,15.69,34.5684,118.93,48.06,157.56,25.01,173.72,207.5,127.97,8.4269,10.57,55.45,12.86,60.07
2024-06-04,48.9,53485.62,172.5,14.6,64.47,15.95,555.2,54.51,68.56,30.23,12.35,123.26,33.33,199.27,275.5596,132.93,179.51,23.58,44.6,148.65,94.7616,343.66,34.91,161.99,17.23,34.8334,122.43,50.0,161.32,25.81,178.36,200.98,128.98,8.6743,10.65,59.0,12.25,61.52
2024-06-05,49.79,54410.51,177.94,15.36,68.53,15.7,575.34,56.4,70.66,31.16,12.44,125.67,33.72,199.5,279.5193,139.8,185.84,24.25,47.04,155.34,97.8059,350.01,35.56,163.26,17.8,35.2357,123.57,51.1,161.68,27.1,181.99,205.76,132.0,8.7568,10.63,58.54,12.55,62.75
2024-06-06,50.85,54477.25,179.03,14.2,67.5,15.91,578.54,56.56,69.71,31.69,12.37,125.2,34.11,201.55,285.2623,139.86,178.87,24.44,46.52,148.36,98.94,350.38,35.1,165.37,17.41,34.9217,126.35,49.4,166.64,26.71,181.86,204.57,139.59,8.7193,10.67,58.53,12.79,63.41
2024-06-07,49.19,52977.32,174.47,13.84,63.26,15.87,565.96,53.07,67.89,31.8,12.16,124.3,35.02,198.64,283.8529,133.51,173.94,23.67,44.35,139.16,94.9705,334.02,33.48,165.51,16.61,34.2741,125.46,48.66,163.57,26.13,175.17,199.3,135.3,8.3969,10.39,56.59,12.78,62.39
2024-06-10,49.25,53122.58,177.54,13.68,62.14,15.53,568.49,52.1,70.9,32.72,12.19,128.18,36.0,200.27,288.8577,139.61,179.12,23.84,43.27,138.6,95.7166,334.34,33.65,161.66,17.7,36.2954,125.55,48.92,167.02,26.56,175.51,200.0,135.12,8.0596,10.3,57.15,13.03,62.46
2024-06-11,49.36,53134.06,177.78,13.71,61.6,15.75,568.03,52.17,69.42,31.72,11.9,127.35,37.04,202.81,288.292,145.46,177.16,23.09,44.0,136.87,95.458,346.82,33.2,161.96,17.34,35.216,125.99,48.8,162.5,27.14,176.94,194.25,135.75,8.0596,10.41,58.05,13.03,62.19
2024-06-12,,52975.89,177.07,13.88,61.3,15.81,568.88,52.98,69.33,32.54,12.37,126.18,36.7,203.13,290.4396,141.45,179.45,22.44,43.2,135.88,94.1447,337.76,33.24,161.68,16.49,35.4221,124.75,48.77,162.49,26.72,174.56,183.19,129.44,8.0071,10.29,58.05,13.05,61.0
2024-06-13,48.63,52275.65,179.21,13.09,61.11,15.56,564.6,51.44,67.53,31.73,12.19,123.9,35.88,197.53,293.9583,135.7,176.82,23.19,42.09,132.65,93.9259,341.08,32.64,158.23,16.38,35.0787,123.8,48.18,163.33,26.9,172.97,182.59,127.85,7.8571,9.76,56.67,12.68,60.96
2024-06-14,48.8,52222.94,178.01,13.58,60.86,15.65,564.04,50.89,67.05,31.15,11.83,123.19,34.65,195.53,294.7062,133.51,175.11,23.66,41.82,137.01,93.0703,340.36,32.29,156.77,16.31,35.1474,123.51,48.41,158.7,27.07,177.19,185.19,126.37,7.8571,9.77,55.89,12.44,60.78
2024-06-17,48.55,52397.2,178.61,13.76,59.93,15.67,565.44,52.49,66.71,31.2,12.05,122.24,35.0,200.43,288.8673,129.39,173.37,23.35,41.43,140.01,93.3289,328.94,32.05,156.49,16.3,34.3722,122.99,47.94,157.7,26.73,172.15,187.12,128.89,7.6922,9.86,55.6,12.28,61.26
2024-06-18,49.23,53236.46,179.83,14.28,60.59,15.6,575.76,52.51,69.69,31.71,11.96,123.25,35.0,198.88,292.4435,134.77,175.99,23.77,43.65,144.06,97.1493,339.78,32.12,157.6,17.35,35.4613,123.96,48.92,160.46,26.99,174.88,188.6,132.49,7.8122,10.17,56.57,12.22,62.25
2024-06-19,49.35,53323.37,178.25,14.0,59.81,15.71,563.42,53.1,70.29,31.63,11.96,124.26,35.71,204.59,288.4358,135.9,173.13,24.0,43.35,146.01,95.0103,338.7,31.87,156.79,17.46,35.9323,123.44,49.0,162.39,26.85,174.05,190.99,132.5,7.7372,9.98,57.01,12.42,62.58
2024-06-20,49.31,53333.03,181.17,14.12,59.76,15.46,574.44,53.92,70.54,31.87,11.77,125.27,35.02,198.17,290.3054,137.99,171.75,23.54,43.72,146.9,99.4773,342.9,31.85,155.36,16.81,35.9421,122.92,48.5,162.03,27.29,178.03,181.55,132.42,7.9621,10.54,57.28,12.07,62.31
2024-06-21,49.05,52788.5,180.51,13.75,62.14,15.31,575.5,54.46,68.0,31.5,11.39,127.01,34.6,193.0,282.3285,133.35,175.01,23.67,42.82,151.77,96.4031,331.63,32.19,151.58,16.63,37.8359,129.0,47.93,156.0,27.59,175.69,182.67,132.0,8.157,9.89,56.67,11.55,62.07
2024-06-24,48.57,52512.91,181.15,13.92,62.9,15.12,576.46,53.6,65.77,31.17,11.45,128.48,34.04,194.91,282.3476,133.3,172.71,23.59,43.3,150.02,95.6569,334.65,32.55,151.99,17.11,37.1687,126.64,46.44,156.1,27.13,173.99,182.98,132.14,8.0896,10.05,56.9,11.91,60.66
2024-06-25,47.98,52604.05,180.57,13.02,62.9,15.3,556.0,53.84,64.72,30.79,11.55,128.0,33.73,198.05,277.8031,132.86,170.57,23.22,43.64,151.66,94.3437,331.46,32.33,154.57,17.12,37.414,127.0,45.26,157.97,26.08,171.48,182.5,132.75,8.0146,9.74,56.13,12.05,62.83
2024-06-26,48.55,52468.01,178.5,12.97,62.49,15.51,547.81,55.44,65.41,30.71,11.6,126.21,33.23,194.35,270.3726,130.95,170.01,23.31,43.98,149.2,95.9952,333.97,32.0,153.48,16.75,36.992,130.57,45.9,156.11,26.21,169.95,186.16,137.33,8.0221,10.04,55.26,11.84,62.09
2024-06-27,48.27,52310.96,181.74,13.62,63.83,15.44,547.13,54.25,65.37,31.0,11.72,126.58,33.35,194.91,273.805,128.96,171.38,23.31,43.02,141.87,95.6271,332.11,31.7,156.49,16.94,35.9814,131.83,45.78,153.16,25.84,169.36,193.97,134.8,8.1945,9.91,55.29,11.73,62.05
2024-06-28,48.78,52440.02,179.9,13.13,63.6,15.59,551.55,55.8,64.61,30.93,11.7,126.79,33.0,196.39,275.665,125.81,172.46,22.67,43.39,142.38,98.2038,335.11,31.55,157.36,17.18,34.9413,131.48,46.17,155.25,25.52,169.3,185.98,136.96,7.9921,10.04,54.84,11.59,62.49
2024-07-01,49.12,52883.97,177.1,13.33,64.74,15.72,554.33,55.8,66.58,31.18,11.55,126.86,31.85,198.63,273.6037,131.02,172.98,23.53,44.11,147.46,100.492,328.66,31.3,152.28,17.08,35.5791,132.91,45.92,154.95,25.5,167.51,188.83,138.73,7.9846,9.9,55.46,11.53,62.73
2024-07-02,48.2,51947.89,176.27,13.12,63.41,15.5,537.03,55.4,63.16,30.79,11.21,126.12,31.51,195.99,268.6277,126.13,168.32,22.73,43.69,147.18,101.1188,323.77,30.94,148.48,16.57,35.5006,131.95,43.26,150.37,24.06,164.87,186.48,135.35,8.0596,9.57,53.95,11.4,61.7
2024-07-03,49.0,52796.26,178.13,13.39,64.18,15.8,543.72,57.73,63.4,31.63,11.11,128.56,31.31,196.12,271.5807,130.3,167.02,22.39,45.22,147.21,105.7648,340.75,30.64,152.47,16.83,36.6781,134.79,44.5,153.74,24.36,163.01,186.61,139.88,8.3744,9.66,54.65,11.63,61.56
2024-07-04,49.2,52654.85,176.75,13.3,62.96,15.93,541.95,56.86,63.29,30.94,11.1,127.6,32.05,191.92,270.9575,131.16,168.52,22.44,44.7,147.26,105.3669,339.52,30.24,153.79,17.07,35.9716,133.99,45.99,154.09,24.42,164.87,182.73,138.69,8.4719,9.72,54.63,11.57,61.55
2024-07-05,48.71,52333.16,177.0,13.13,62.02,15.75,532.83,56.8,63.0,30.76,11.15,125.7,31.25,192.7,266.3554,127.87,166.16,22.43,43.59,148.37,106.0733,337.78,30.28,148.41,16.91,35.6183,134.34,44.6,151.3,23.96,163.63,181.55,139.61,8.247,9.47,54.12,11.2,61.62
2024-07-08,48.94,52907.69,176.37,13.27,61.99,15.85,540.96,57.01,63.42,31.48,11.35,127.35,31.48,198.2,268.177,131.62,170.92,22.96,44.42,147.24,107.6253,340.49,31.11,150.8,17.84,36.992,136.0,45.85,150.79,24.49,167.08,184.16,142.88,8.4719,9.79,54.58,11.28,61.83
2024-07-09,49.63,53331.81,176.72,12.99,61.38,16.18,542.92,57.29,63.72,31.37,11.21,127.92,30.78,201.03,274.083,131.76,167.99,23.11,43.36,147.09,108.9385,350.18,31.07,149.3,18.3,36.3543,135.55,46.85,154.07,23.7,167.54,185.3,141.06,8.3295,9.61,54.48,11.21,64.06
2024-07-10,50.12,54279.88,179.38,13.04,61.87,16.32,557.73,58.61,64.0,32.18,11.89,128.08,31.17,204.44,279.6918,135.19,167.22,23.2,45.35,149.41,111.3162,351.35,31.32,151.72,18.88,36.3052,137.19,46.92,162.38,23.81,169.31,181.37,144.15,8.3969,9.25,56.04,11.31,64.39
2024-07-11,50.49,54422.59,179.45,12.76,62.13,16.47,550.01,58.79,64.01,31.66,12.14,129.73,31.64,204.99,275.6363,128.21,163.65,23.21,44.89,148.82,111.0576,348.79,32.55,153.49,18.87,36.1482,139.39,45.9,162.5,24.22,167.63,174.32,143.93,8.4569,9.18,57.74,11.39,65.41
2024-07-12,51.19,54953.11,179.41,13.08,63.43,16.22,558.99,58.75,64.95,31.94,12.16,134.88,31.54,206.82,283.5461,134.08,164.99,23.43,45.52,149.01,110.9979,352.52,33.01,157.94,18.53,36.2071,142.5,47.0,165.67,24.82,174.44,175.5,144.79,8.5169,9.29,57.13,11.69,68.03
2024-07-15,50.7,54311.99,179.44,12.94,61.86,16.09,553.99,56.73,64.87,31.92,11.94,137.7,31.62,206.28,279.8836,131.25,161.07,23.4,44.1,148.0,109.1176,351.18,32.97,153.23,17.93,35.795,140.75,47.12,161.98,24.48,173.84,170.0,144.45,8.4719,9.11,56.7,11.82,67.2
2024-07-16,50.7,54368.0,181.0,12.72,61.52,16.2,557.92,56.83,64.94,31.52,12.06,144.0,31.71,208.49,284.0159,131.75,159.0,22.95,43.91,148.13,105.6554,360.56,33.15,155.56,18.13,35.5987,139.87,48.59,161.54,24.43,174.99,166.68,145.61,8.367,9.2,57.17,11.96,65.82
2024-07-17,50.28,53744.78,178.66,12.46,61.59,15.97,553.04,56.61,64.73,31.59,11.47,139.63,31.4,208.39,279.5289,127.0,156.42,22.5,43.74,147.49,105.158,348.52,33.09,155.88,17.77,34.9707,138.23,47.57,160.38,24.87,175.75,169.28,143.9,8.322,8.82,55.65,11.68,64.78
2024-07-18,49.75,53043.0,177.26,12.15,60.89,15.65,554.01,55.23,63.67,30.51,11.38,142.24,31.9,208.8,280.037,126.07,155.69,22.46,43.31,148.09,101.2183,342.5,32.99,154.48,17.67,34.1465,138.76,46.56,157.28,25.39,169.74,167.76,137.89,8.2245,8.76,55.24,11.44,63.51
2024-07-19,50.52,53678.52,178.46,12.19,62.12,15.88,556.4,57.14,65.08,30.2,11.16,145.4,31.9,210.0,281.1492,128.28,155.93,22.78,43.99,149.13,102.7205,343.0,34.06,160.1,17.74,34.9217,138.16,46.59,159.7,25.52,170.0,161.65,140.88,8.2395,8.68,55.3,11.2,63.65
2024-07-22,50.65,54006.92,183.46,12.0,61.86,15.82,567.57,58.88,64.93,30.4,11.53,145.92,32.4,212.9,287.2784,130.01,157.36,23.21,44.4,150.89,103.3573,345.69,33.7,165.68,17.35,35.01,138.53,47.21,162.72,25.88,174.49,163.9,141.72,8.247,8.66,55.77,11.33,63.56
2024-07-23,,53707.74,184.15,11.96,61.44,15.73,567.52,56.96,65.08,30.3,11.77,144.98,31.22,212.08,289.8904,126.55,157.45,23.29,45.05,149.15,101.7257,339.08,33.02,160.0,17.64,34.1858,134.32,46.15,162.6,24.74,172.99,163.65,138.79,8.0971,8.5,55.69,11.68,63.5
2024-07-24,50.03,53168.41,180.85,11.75,58.2,15.78,570.0,55.66,65.45,29.9,11.38,143.68,30.15,204.2,293.2585,126.3,157.01,22.3,46.39,144.54,102.7106,347.39,32.7,157.2,17.4,34.2152,135.03,46.56,161.81,24.34,173.5,167.89,135.85,7.9621,8.44,54.97,11.09,62.76
2024-07-25,49.57,52931.87,181.22,12.11,55.4,15.76,559.68,55.79,69.02,29.23,11.73,140.39,31.68,200.06,287.1017,122.01,155.86,21.53,45.66,143.85,101.2481,346.95,33.06,156.87,17.74,33.9306,131.9,45.6,160.76,24.1,167.6,162.12,132.84,8.112,8.3,54.36,11.69,63.0
2024-07-26,49.85,52819.58,183.79,12.17,55.12,15.6,559.71,54.92,67.55,28.54,11.8,139.54,31.4,201.89,288.879,120.54,155.01,22.12,44.93,141.94,102.7205,343.54,33.27,161.51,18.9,34.6371,131.52,43.7,160.14,24.68,169.64,166.24,134.44,8.127,8.33,54.24,11.86,61.25
2024-07-29,49.54,52515.78,183.22,12.44,54.6,15.57,549.97,53.88,68.19,28.33,11.93,138.86,31.19,203.08,281.2296,118.23,154.92,21.73,43.74,139.99,102.0142,339.24,32.68,163.87,18.87,34.0974,130.5,43.89,156.6,24.55,170.6,167.59,130.25,8.0896,8.24,52.9,11.73,62.02
2024-07-30,49.25,52325.42,180.52,12.5,55.23,15.44,554.6,52.81,64.93,28.48,11.75,138.47,30.44,202.77,285.8644,118.08,156.21,21.92,43.99,140.07,102.4619,339.35,32.53,166.65,18.95,34.0876,129.67,43.2,155.57,24.34,169.99,163.84,131.1,7.9321,8.19,52.71,11.51,61.68
2024-07-31,,53093.97,183.59,12.45,56.18,15.52,562.54,55.97,66.74,29.22,11.87,138.6,30.79,205.25,292.3256,121.61,157.59,22.08,45.48,141.4,104.8098,347.08,33.2,169.43,19.14,34.5782,126.54,44.0,158.79,24.33,174.06,171.86,131.5,8.0746,8.23,53.99,11.49,61.83
2024-08-01,49.45,52417.48,182.75,12.0,55.36,15.45,548.68,53.35,65.46,28.72,11.76,136.97,29.6,205.74,289.8708,119.38,158.61,21.77,44.68,139.73,100.2433,347.3,32.4,165.9,18.76,33.391,130.55,43.56,156.75,23.7,170.74,171.37,130.67,7.7897,7.96,54.54,11.0,60.74
2024-08-02,49.05,52242.38,182.86,11.88,55.23,15.71,534.0,52.69,67.0,28.71,11.58,138.5,29.5,207.87,288.1229,119.76,156.98,21.33,43.67,135.83,100.6015,352.6,31.8,167.39,18.88,32.8807,129.5,43.31,155.14,23.37,169.96,166.38,129.09,7.6997,7.7,54.8,10.65,60.2
2024-08-05,48.71,51776.48,186.65,11.65,54.4,15.59,527.35,51.81,65.1,28.89,11.65,138.28,29.91,207.0,288.6826,116.05,155.35,21.11,42.5,132.72,100.6512,351.94,31.93,165.23,18.51,33.3027,128.0,43.37,151.5,23.15,169.0,163.4,125.45,7.7222,7.68,54.98,10.48,59.3
2024-08-06,49.22,52399.63,189.1,11.48,55.01,15.85,532.52,51.82,66.99,28.24,11.96,141.49,30.0,208.63,286.7776,118.32,153.95,20.84,43.88,133.9,100.0543,365.89,32.67,165.99,18.41,32.6747,128.44,44.95,152.68,22.74,172.51,165.0,125.41,7.5872,7.72,55.12,10.66,60.84
2024-08-07,49.45,52680.9,188.57,11.0,55.02,16.11,520.51,52.14,67.57,28.82,11.97,140.57,29.93,211.88,284.7352,115.7,154.33,20.45,43.7,137.02,102.442,372.07,33.5,166.77,18.36,32.6649,130.91,43.5,151.98,21.86,172.54,168.01,126.4,7.5498,7.72,55.65,10.35,60.84
2024-08-08,49.56,52876.55,187.79,11.43,55.03,16.01,522.55,52.1,68.58,29.95,12.05,141.39,30.2,209.51,286.0313,118.55,160.99,20.98,43.94,135.04,104.1929,379.62,34.23,164.53,18.53,32.8611,130.81,43.95,153.52,21.8,178.19,166.05,126.62,7.6247,7.85,56.36,10.42,61.8
2024-08-09,49.62,53051.54,188.0,11.34,55.0,16.14,511.53,51.96,69.08,29.57,11.97,141.27,30.08,210.29,283.4292,119.04,160.63,21.08,45.15,137.2,104.5511,373.01,34.62,166.23,18.82,32.9494,132.94,42.8,150.66,21.59,176.98,169.67,127.66,7.7222,7.89,56.4,10.4,62.33
2024-08-12,49.78,53040.35,186.48,11.36,55.0,16.19,513.77,51.89,68.61,29.56,11.91,145.41,31.0,210.0,286.7776,118.7,155.52,21.07,44.2,138.0,105.5161,372.32,34.2,166.05,18.78,32.3803,133.39,42.56,154.45,21.0,173.99,165.39,127.5,7.8496,7.75,56.37,10.18,62.61
2024-08-13,50.4,53674.2,186.99,11.43,55.67,16.03,522.27,52.2,70.25,30.07,12.04,151.65,31.57,211.19,297.3336,120.84,157.55,21.42,46.06,140.2,106.6403,373.56,34.62,167.94,19.35,33.0181,134.81,42.51,156.95,21.5,176.96,165.01,127.84,8.0221,7.73,57.65,10.64,63.51
2024-08-14,50.73,53718.95,188.07,11.44,56.12,16.09,524.43,52.69,70.01,30.22,12.03,151.69,31.27,211.59,298.4235,117.5,157.07,21.71,46.37,141.79,104.9292,378.5,34.53,168.81,19.49,33.3812,134.29,42.42,155.2,21.63,181.13,168.15,128.49,8.2845,7.41,56.99,10.59,62.61
2024-08-15,50.87,54264.92,188.69,11.31,56.19,16.03,524.19,53.81,69.47,30.88,12.67,146.24,31.3,210.29,299.8572,120.79,159.46,21.36,47.4,143.6,108.2321,382.63,34.61,169.02,19.55,33.3615,134.77,42.6,155.66,22.12,178.86,166.52,129.75,8.6069,7.48,57.5,10.57,63.13
2024-08-16,50.82,54083.78,187.04,11.36,56.36,16.04,525.25,53.54,69.89,30.64,12.42,148.44,31.52,210.56,304.7473,120.2,157.68,21.21,47.55,143.77,107.4362,375.04,34.4,166.97,19.79,33.44,135.61,42.68,153.91,22.45,181.24,164.8,132.31,8.5394,7.35,56.1,10.54,63.12
2024-08-19,50.83,54104.68,185.29,11.49,57.26,16.22,531.61,53.17,70.41,30.28,12.42,149.44,31.32,211.99,306.4853,120.75,155.66,21.56,47.72,141.61,105.9041,380.86,34.16,167.74,19.79,33.3321,135.56,42.61,154.0,22.72,180.47,164.24,133.97,8.7718,7.53,55.5,10.57,62.9
2024-08-20,50.56,53961.0614,186.04,11.86,57.99,16.29,531.01,52.37,70.4,30.52,12.43,148.51,30.72,209.79,306.4264,121.0,153.11,21.95,47.51,143.94,102.9792,379.0,33.52,170.19,19.83,33.126,138.78,42.73,153.18,22.03,181.59,165.12,131.4,8.8168,7.89,54.44,10.59,62.67
2024-08-21,50.42,53864.73,179.32,11.94,56.41,16.47,530.97,51.65,69.14,30.61,12.46,148.74,31.33,207.72,302.1255,119.14,149.86,21.59,47.46,142.04,105.4564,375.0,33.01,170.58,19.52,32.8709,138.17,43.06,150.49,22.12,181.1,160.73,130.0,9.1767,7.82,55.25,10.73,64.07
2024-08-22,,53316.2,176.0,11.88,56.07,16.42,527.09,50.33,68.52,30.55,12.38,147.46,32.59,208.24,303.4707,118.74,149.65,21.57,47.47,136.01,103.5761,373.97,32.98,171.14,19.5,32.7532,127.79,43.0,148.88,22.07,181.12,155.69,128.48,8.8993,7.72,54.74,10.72,63.2
2024-08-23,50.25,53490.92,174.08,12.07,56.51,16.5,527.24,51.07,68.74,30.64,12.49,147.29,32.18,205.73,312.2297,121.67,153.66,21.6,46.34,137.0,105.924,370.68,32.62,170.44,19.49,32.7041,126.75,43.3,147.91,22.39,183.04,155.48,129.16,8.8543,7.77,55.44,11.25,63.26
2024-08-26,49.93,53171.31,177.56,12.1,55.38,16.6,529.6,49.5,70.2,30.25,12.19,146.05,32.32,204.04,309.3133,120.19,152.0,21.55,46.73,134.61,104.4815,370.15,32.17,169.83,19.4,33.3517,122.76,43.2,147.94,21.89,179.1,157.62,126.6,8.5994,7.83,55.57,11.2,62.8
2024-08-27,49.32,52474.31,176.04,12.34,55.28,16.5,522.01,48.74,67.76,30.33,11.81,145.01,32.73,206.34,304.1384,116.52,152.03,21.46,45.51,132.9,101.6859,372.3,32.49,170.18,18.98,33.9993,116.69,43.26,146.08,21.5,174.76,156.06,126.5,8.5394,7.96,52.8,11.22,62.52
2024-08-28,,52439.87,172.49,12.45,56.65,16.41,532.01,48.91,68.11,30.44,11.74,145.46,32.42,204.8,327.7248,116.3,151.94,21.65,46.3,133.0,98.7908,367.48,32.94,170.42,18.88,33.7933,116.01,42.97,151.0,21.06,178.48,155.25,126.5,8.5844,7.89,53.48,11.34,61.55
2024-08-29,50.39,53138.96,174.01,12.66,55.91,16.35,533.57,49.18,69.5,30.05,11.93,147.41,32.09,205.77,345.5275,117.16,151.6,21.42,47.03,135.9,101.1188,371.99,32.67,168.0,18.74,33.3321,116.41,42.78,158.9,21.29,180.01,157.67,126.16,8.6968,7.96,54.17,11.4,62.65
2024-08-30,50.03,51985.87,177.59,12.68,54.1,16.28,527.72,49.08,70.71,30.3,11.99,149.83,31.76,202.51,341.4622,120.66,151.0,21.42,46.8,136.55,100.6313,362.46,32.33,166.46,18.99,32.8709,113.96,42.3,157.86,21.19,184.01,157.74,125.23,8.6069,7.85,53.98,11.21,62.68
2024-09-02,50.64,52493.38,177.49,12.78,55.76,16.53,529.99,50.54,70.25,30.61,11.98,151.1,31.98,205.0,343.6716,117.98,152.96,21.29,46.74,138.25,102.7902,369.7,32.75,166.15,19.19,32.7139,115.04,42.96,156.99,21.39,182.07,155.1,132.1,8.5619,7.51,54.67,11.2,63.25
2024-09-03,49.86,51589.42,178.08,12.48,54.39,16.14,526.4,49.24,68.94,30.33,11.8,146.9,32.48,199.79,337.7898,116.0,147.89,20.05,45.69,137.86,99.8752,364.06,32.45,170.03,18.99,33.283,115.62,41.42,153.9,20.29,180.14,155.59,125.7,8.5094,7.15,52.68,11.2,61.89
2024-09-04,54.15,51811.37,176.91,12.59,53.72,16.08,529.17,48.11,70.99,29.92,11.47,149.07,32.77,204.9,343.5734,117.57,144.61,20.66,46.01,139.38,100.4622,376.0,32.68,174.02,19.5,32.8219,112.21,41.1,159.59,20.35,179.51,156.42,125.54,8.5244,7.13,52.38,11.15,60.79
2024-09-05,50.15,51661.48,179.76,12.67,52.92,16.28,525.66,46.45,69.88,30.01,11.66,149.34,31.61,202.91,339.6064,116.48,144.55,20.97,45.73,139.05,100.0841,370.25,32.27,172.26,19.26,33.6559,112.57,42.77,159.62,20.0,179.25,153.72,122.0,8.4869,7.09,52.24,11.7,59.95
2024-09-06,49.42,51083.44,179.13,12.41,51.96,16.18,516.06,44.67,69.19,29.91,11.39,147.29,31.03,203.1,327.607,115.5,145.32,21.07,44.45,137.02,98.741,373.06,32.05,171.69,19.74,33.44,110.15,42.32,158.92,19.54,177.52,153.09,118.77,8.3744,7.34,51.76,11.82,59.61
2024-09-09,,51136.05,179.12,12.39,53.21,16.23,519.52,44.76,69.1,30.24,11.28,145.74,30.83,203.43,330.6805,114.95,144.09,21.31,44.66,134.74,99.4574,370.39,32.03,169.57,19.7,34.8824,108.86,42.05,164.95,19.04,174.68,151.77,120.02,8.337,7.33,51.94,12.13,60.78
2024-09-10,49.46,50973.11,177.88,12.85,51.34,15.69,526.32,44.05,68.27,30.9,11.24,145.79,31.63,200.06,330.8867,115.95,145.11,21.83,44.85,134.59,100.0244,369.65,31.84,168.15,20.47,37.62,110.51,41.19,165.93,19.64,174.33,151.81,116.74,9.7689,7.47,51.29,12.41,60.12
2024-09-11,49.49,51195.76,178.3,13.36,51.48,15.97,529.71,43.55,67.99,31.3,11.4,145.01,31.4,200.65,329.345,115.28,147.17,23.04,44.39,134.54,100.2632,371.22,31.7,167.62,21.46,37.6004,110.94,40.89,164.99,19.47,180.0,152.73,115.99,10.0538,7.49,53.28,12.66,61.0
2024-09-12,50.48,51999.73,178.9,13.3,52.61,16.19,543.01,44.8,69.34,30.87,11.66,147.6,32.18,200.76,329.1977,117.85,150.0,22.42,45.94,138.5,102.2828,369.6,32.3,166.58,21.31,38.5424,113.84,40.2,168.68,20.3,185.27,156.75,118.74,9.9414,7.12,52.86,12.75,61.32
2024-09-13,50.48,52016.85,179.99,13.7,53.03,16.2,540.79,46.21,68.68,30.79,11.59,147.79,31.57,200.52,329.1486,116.82,146.8,21.85,44.86,142.0,102.631,365.43,31.72,168.21,21.08,37.7083,115.29,40.41,172.39,19.73,178.51,159.76,121.03,9.9714,7.17,52.95,12.47,60.79
2024-09-17,50.6,52273.53,181.32,13.95,52.52,16.0,554.59,46.32,67.87,31.62,11.75,151.0,32.03,198.18,342.9646,119.01,147.38,21.82,46.67,140.22,102.6708,365.0,31.84,174.29,21.16,39.239,112.92,40.98,175.82,19.15,178.89,156.0,120.98,10.2188,7.63,53.1,12.94,61.95
2024-09-18,,52582.89,181.87,12.66,52.92,16.3,560.22,47.57,68.45,31.48,11.98,150.37,32.32,197.46,347.2656,118.89,148.08,22.1,46.07,140.58,103.9641,364.99,32.39,175.16,20.89,38.9937,114.6,40.38,175.3,19.16,178.24,155.15,123.11,10.4287,8.19,54.0,12.94,61.1
2024-09-19,51.02,52918.04,184.31,12.35,53.25,16.16,556.61,47.16,69.79,31.47,12.33,150.26,32.15,197.33,346.9415,121.75,150.68,22.47,46.8,139.38,105.4863,371.1,32.33,177.1,21.45,38.5228,115.65,40.3,175.29,19.39,179.52,158.39,120.01,10.3237,8.86,53.63,12.66,61.12
2024-09-20,51.8,52190.48,189.0,12.0,52.24,15.6,562.59,46.1,66.43,31.8,12.65,150.73,31.59,193.0,351.0755,118.49,147.72,21.76,44.76,135.61,102.2231,365.44,32.01,175.0,20.8,38.9643,112.94,39.31,175.64,18.91,181.52,157.09,118.69,10.5637,8.41,53.54,12.47,60.8
2024-09-23,50.57,52422.24,186.53,11.98,52.32,15.58,569.44,45.18,68.33,31.66,12.53,152.9,31.73,194.6,347.8351,116.69,151.44,22.18,44.52,138.29,104.3621,370.45,32.48,174.51,20.76,38.9251,112.53,40.49,175.91,18.81,182.67,160.04,118.25,10.6911,8.46,53.83,12.35,60.49
2024-09-24,51.75,53653.95,189.94,12.16,53.12,15.81,565.26,46.48,69.85,32.85,12.58,155.76,32.78,195.14,349.0232,123.08,153.76,22.63,47.09,144.0,109.1375,373.02,32.82,178.61,21.21,39.3862,115.48,40.35,176.96,19.76,184.04,165.54,119.31,11.4558,8.86,54.22,12.13,61.79
2024-09-25,51.44,53190.93,188.55,12.29,53.38,15.87,560.11,46.68,68.65,31.92,12.51,151.41,32.06,196.92,346.4309,122.06,158.94,22.53,45.72,143.15,107.1477,368.99,32.18,176.85,22.34,38.3854,116.15,41.0,172.59,20.12,182.71,156.5,119.03,11.3884,9.09,53.58,12.36,60.57
2024-09-26,52.18,53590.52,189.94,12.5,52.86,15.98,562.53,47.06,69.19,32.48,12.58,154.39,31.82,197.17,346.6764,125.48,153.06,22.01,46.5,144.85,112.1022,366.0,31.83,180.33,22.49,39.1605,117.87,41.8,168.83,20.08,183.08,158.54,119.02,11.7857,9.33,54.03,12.71,59.61
2024-09-27,51.2,52778.17,186.26,12.74,54.33,16.18,561.53,46.02,68.15,32.09,12.26,149.17,31.8,195.73,344.0055,121.94,147.58,22.09,45.81,140.41,110.8287,362.3,31.8,178.37,22.4,38.8073,115.35,41.12,167.75,19.92,184.51,156.63,117.4,11.6208,9.73,52.76,12.9,58.36
2024-09-30,51.03,52477.3,183.97,12.76,54.2,16.17,556.41,46.1,67.71,31.87,12.05,147.48,31.0,194.13,335.0992,121.54,147.45,21.99,44.87,140.14,109.4359,364.86,31.9,173.98,22.65,38.7779,117.74,40.98,166.08,19.98,186.66,154.0,114.27,12.1006,9.96,53.07,12.4,59.41
2024-10-02,50.97,52199.66,183.21,12.64,53.59,15.82,531.91,46.47,66.98,31.93,11.54,146.48,30.08,191.26,327.8034,122.55,146.43,22.17,47.23,150.15,111.4257,365.87,32.19,173.1,23.08,38.2676,116.0,40.39,165.81,20.05,181.21,145.75,124.0,11.9806,10.32,51.44,12.37,57.61
2024-10-03,50.51,51674.54,178.59,12.5,52.4,15.73,523.37,46.55,65.74,31.86,11.65,145.62,31.07,191.3,318.8775,118.72,148.91,23.1,45.53,150.0,107.1477,356.38,31.89,171.12,23.04,37.6789,114.99,39.79,161.09,19.42,175.79,149.65,128.0,11.8682,9.85,52.09,11.8,57.79
2024-10-04,51.24,52609.87,185.21,12.67,53.56,15.99,535.0,47.49,67.34,32.34,11.44,145.14,31.78,192.12,325.5449,123.58,151.03,23.53,47.73,155.71,109.3762,362.94,32.45,170.89,22.5,37.8555,117.82,40.62,163.63,20.4,180.41,150.63,128.79,12.0106,9.99,52.75,11.95,58.99
2024-10-07,50.9,52039.87,184.89,12.59,54.0,15.57,537.82,46.08,66.21,32.0,11.42,144.52,31.1,191.64,326.6643,123.1,150.81,22.85,47.14,153.01,109.3265,334.0,32.17,168.01,22.67,37.3355,116.46,41.9,165.71,20.52,178.42,146.7,128.66,12.0256,9.75,51.51,12.03,57.92
2024-10-08,,51764.64,181.94,12.9,54.5,15.57,525.31,44.33,66.03,32.68,11.8,142.5,30.59,190.48,327.0571,121.59,153.37,23.52,47.03,150.49,106.4414,346.0,31.41,168.99,23.95,37.0804,118.0,41.89,162.92,20.59,173.51,148.74,125.01,11.4333,9.86,52.36,12.0,56.99
2024-10-09,,51869.14,185.91,12.84,53.2,15.74,536.48,44.28,64.65,32.7,11.81,140.14,30.01,191.68,330.1404,122.16,154.38,23.73,46.61,151.08,106.7299,347.99,30.79,168.25,23.76,37.2864,117.64,41.5,163.14,20.86,178.99,151.48,123.45,11.3892,9.71,52.77,12.13,56.57
2024-10-10,50.86,52391.29,178.71,13.09,53.66,15.72,539.61,42.68,64.5,32.93,12.01,143.58,29.5,192.01,337.4461,124.2,154.36,24.41,47.65,150.98,108.6002,350.74,31.0,171.75,23.78,37.3649,117.76,41.4,167.22,21.15,177.93,152.93,123.86,11.6625,9.44,52.31,12.17,59.66
2024-10-11,,52395.66,179.75,13.05,53.34,15.62,541.0,44.21,65.95,32.41,11.9,142.5,29.15,190.25,327.0669,124.77,150.89,24.0,47.63,150.24,112.1917,350.7,31.61,171.14,23.51,37.4827,118.52,41.2,164.25,20.47,180.1,154.07,125.43,11.7796,9.4,52.77,12.15,59.55
2024-10-14,50.44,52032.99,177.45,13.17,53.04,15.9,545.67,44.66,64.47,31.79,11.71,140.58,28.74,191.54,335.2072,123.88,148.38,25.31,46.71,145.83,109.605,350.43,31.14,168.6,23.7,37.2177,117.63,40.85,166.73,20.5,178.1,149.47,126.5,11.6859,8.86,51.32,12.27,58.71
2024-10-15,,52377.78,179.58,13.13,55.16,16.23,548.71,43.0,64.16,31.98,11.7,139.77,28.62,194.26,341.4132,122.91,146.62,24.99,46.26,148.97,109.2469,350.9,30.49,171.03,24.18,36.8449,116.35,41.52,168.32,19.61,174.7,149.05,127.51,11.4751,8.64,51.55,13.12,59.04
2024-10-16,51.02,52483.62,181.0,13.0,54.38,16.79,558.48,43.1,65.34,33.43,11.84,140.25,28.59,193.53,336.8275,121.89,146.1,24.89,46.86,144.15,108.7196,355.2,30.46,174.85,24.65,38.2284,114.88,41.12,172.45,19.51,173.0,151.01,128.5,11.2956,8.99,51.65,13.9,59.14
2024-10-17,,52463.66,177.19,12.53,54.37,16.89,550.65,46.38,65.4,33.59,11.78,140.45,29.78,190.89,337.6032,121.1,150.19,25.09,46.42,144.6,108.5604,354.06,30.65,172.15,24.99,37.0705,112.78,41.75,171.93,19.54,177.2,153.64,125.65,11.1629,9.36,51.41,13.65,59.52
2024-10-18,51.33,53027.42,179.91,12.56,55.1,17.05,557.0,46.99,65.5,33.96,11.9,140.49,30.0,194.75,339.0958,121.78,152.14,25.47,46.79,146.5,109.6349,358.0,30.5,172.8,24.52,37.1196,114.08,42.22,174.22,19.63,177.2,151.79,125.99,11.5454,9.55,51.61,14.19,59.78
2024-10-21,50.9,52814.82,176.95,12.74,54.91,16.93,558.12,45.44,64.66,33.43,11.78,139.35,29.36,196.65,341.3248,121.08,152.54,25.04,45.86,144.24,111.7639,356.14,29.62,172.56,24.69,36.9822,113.97,41.77,169.57,19.58,175.59,149.97,123.0,11.4361,9.39,51.9,14.02,60.1
2024-10-22,50.85,52368.69,174.71,12.66,53.72,16.72,551.3,45.13,64.6,33.18,11.66,139.38,29.56,195.2,342.2282,118.8,149.35,25.21,45.55,141.61,109.8538,355.28,29.02,169.46,24.42,36.5701,111.91,40.35,168.76,19.33,173.53,143.41,120.02,11.4751,9.32,51.38,14.27,60.48
2024-10-23,50.5,52142.13,175.79,12.5,50.82,16.5,529.55,44.43,64.4,32.58,11.71,136.51,28.73,193.66,335.8652,119.99,156.98,24.92,45.86,144.53,109.6349,353.0,28.45,168.86,24.49,36.5014,109.52,42.21,161.02,19.64,171.06,137.23,118.43,11.2175,8.95,51.34,13.97,61.4
2024-10-24,49.98,51795.56,172.81,12.57,51.36,16.46,532.81,42.58,64.17,32.31,11.96,135.77,28.13,191.61,335.4331,120.17,160.58,25.4,45.48,142.47,108.4709,350.66,28.87,169.64,25.37,36.2071,106.5,41.97,161.34,19.26,172.63,135.62,118.5,11.3971,9.25,50.73,14.02,59.15
2024-10-25,50.06,51784.33,174.0,12.4,50.26,16.67,534.52,43.68,63.1,32.02,11.94,131.3,28.03,193.3,338.8503,119.63,166.71,25.98,45.82,140.46,109.426,345.92,28.78,172.55,25.69,35.7851,105.81,42.32,164.83,19.06,172.5,142.12,118.71,11.5141,8.43,50.63,14.15,57.03
2024-10-28,50.39,51816.3,175.88,12.84,50.63,16.77,558.47,44.08,64.9,32.68,10.98,129.31,28.0,197.19,350.6827,119.86,164.04,25.73,45.56,141.67,108.2321,351.76,28.47,170.05,25.67,35.7851,105.6,42.54,173.48,18.92,180.01,138.31,115.68,11.1082,8.6,50.57,14.38,57.07
2024-10-29,50.19,51166.29,177.03,13.36,49.38,16.23,550.56,43.02,62.0,32.41,10.58,129.87,28.07,194.14,351.5861,117.87,160.02,25.43,46.02,139.0,105.347,350.4,28.74,170.18,25.51,35.5595,105.67,42.6,174.52,19.17,180.89,138.89,119.29,11.3814,9.83,50.21,14.76,55.86
2024-10-30,49.6,50877.24,172.19,12.91,48.82,16.06,537.1,43.9,61.93,32.42,10.6,127.35,27.31,193.49,343.9662,118.84,159.77,25.17,45.47,137.98,107.0283,347.22,28.57,170.75,26.0,35.6183,105.11,44.13,170.89,18.42,176.59,140.3,121.4,11.319,9.87,51.72,14.91,55.1
2024-10-31,49.34,50661.05,170.69,13.0,48.31,15.83,533.68,44.37,61.97,32.7,10.49,126.72,26.38,193.85,342.2576,120.59,164.11,25.6,44.48,139.65,104.4516,344.0,28.83,165.58,26.8,35.6968,105.21,44.17,166.88,18.33,174.34,139.05,127.29,11.2722,9.9,52.1,14.92,55.25
2024-11-01,49.43,50622.39,171.12,13.13,49.16,15.9,526.29,44.09,61.36,32.42,10.54,124.02,26.72,195.86,331.1518,122.88,161.34,25.34,43.54,141.95,103.984,346.17,28.96,165.47,26.49,35.7557,105.16,41.92,162.84,18.49,174.0,136.98,126.2,11.2097,10.02,51.34,14.92,55.85
2024-11-04,49.44,50882.54,171.03,13.35,50.45,16.19,530.03,44.68,62.83,32.47,10.47,125.99,26.8,196.31,333.2434,118.84,166.7,24.65,44.19,143.11,105.7648,345.01,28.8,162.24,26.8,36.2758,105.8,42.21,162.22,18.58,173.9,135.37,125.01,10.9287,9.77,51.9,15.03,56.4
2024-11-05,49.47,50831.51,171.81,13.47,49.36,15.93,533.55,44.78,62.78,32.43,10.62,124.73,26.81,193.78,339.2921,118.6,165.78,25.51,44.3,143.11,107.9138,343.51,28.78,163.57,26.84,35.2062,104.9,40.75,161.73,18.31,171.17,131.31,124.01,10.8896,9.75,51.08,14.98,55.77
2024-11-06,50.06,51732.46,174.47,13.96,50.28,16.15,530.9,43.88,63.4,32.96,11.55,127.93,26.28,194.0,345.7534,116.98,178.14,26.48,44.37,148.15,106.3817,348.68,28.69,165.51,26.51,35.7165,106.35,40.93,166.44,18.68,171.23,136.15,123.42,11.3658,9.84,50.39,14.79,56.0
2024-11-07,50.14,52311.08,176.15,14.35,50.14,15.77,531.87,42.07,66.51,32.94,12.1,130.09,26.14,192.21,355.8478,124.0,184.89,27.23,45.16,149.49,109.028,368.0,28.84,165.13,27.44,37.1098,106.31,40.59,168.92,18.54,176.74,133.95,123.02,12.2245,9.5,52.58,15.11,56.23
2024-11-08,50.03,51845.17,172.67,14.11,49.5,15.39,534.1,42.48,66.93,32.13,11.98,128.26,26.66,195.5,356.2406,119.83,188.04,26.4,44.09,146.1,105.9638,360.9,28.83,167.3,26.9,35.6576,105.82,40.15,167.73,19.22,173.34,133.13,125.69,12.1386,9.55,52.5,15.23,56.1
2024-11-11,,51449.43,171.09,14.19,48.64,15.63,533.35,42.08,65.3,32.52,11.58,126.7,26.5,195.29,356.4369,119.34,185.55,25.54,44.23,145.9,105.3271,355.37,28.67,166.42,27.27,35.4515,106.36,40.2,165.02,18.84,171.72,133.78,122.2,12.1074,8.95,52.84,15.43,55.38
2024-11-12,50.03,51096.64,172.4,14.1,47.83,15.72,535.5,40.87,62.82,32.2,11.24,127.01,26.43,191.71,357.0556,118.36,183.51,25.65,43.34,146.29,102.9792,350.22,28.38,165.35,27.49,34.6371,105.79,40.37,168.39,18.3,173.94,138.17,121.86,12.123,8.79,52.22,15.85,55.73
2024-11-13,49.86,50747.63,168.33,13.89,47.97,15.72,531.83,41.39,62.8,32.17,10.97,127.66,26.5,190.98,357.3992,118.05,179.57,25.52,43.73,144.02,101.8649,353.67,28.4,160.72,26.53,34.7058,104.99,40.07,168.64,18.37,172.06,142.58,121.22,12.3026,8.88,51.61,15.94,56.46
2024-11-14,49.31,50553.31,167.99,13.5,47.59,15.39,540.14,41.97,62.64,32.37,10.96,128.56,26.22,186.23,365.5985,117.09,178.95,26.05,44.27,143.31,102.2032,356.35,28.09,158.64,26.82,34.7058,105.9,39.13,168.32,17.89,173.85,143.5,122.38,12.1621,8.92,51.46,16.67,54.95
2024-11-15,49.05,50469.4,170.46,13.55,48.1,15.47,532.69,41.54,63.15,32.44,11.21,128.16,25.88,184.09,364.4693,117.75,178.43,26.42,44.75,140.4,101.467,349.97,28.36,158.37,26.74,35.4417,105.96,39.57,160.78,17.82,177.0,143.1,121.18,12.0996,8.5,51.53,16.54,55.06
2024-11-19,49.11,50222.4,174.03,13.49,47.57,15.16,544.17,41.47,61.11,33.93,10.9,126.26,25.1,179.55,368.7211,116.93,172.14,26.36,44.97,141.97,102.9693,345.57,28.29,158.44,27.1,34.6371,104.75,39.91,162.24,17.75,178.08,140.63,119.4,11.639,8.0,51.51,16.62,53.76
2024-11-20,,50168.88,173.75,12.99,47.32,15.25,542.2,40.55,61.39,32.68,11.03,127.54,25.06,176.28,369.0746,115.38,177.35,25.86,44.98,142.2,104.3223,339.67,27.46,158.97,26.08,34.382,100.71,39.65,165.19,17.5,181.88,142.58,116.51,11.522,7.94,50.9,16.39,53.16
2024-11-21,48.97,50174.64,172.12,13.64,47.33,15.54,540.92,40.95,61.0,32.91,11.07,129.55,24.91,176.32,370.6261,117.66,176.0,25.06,44.86,143.74,103.2976,344.98,27.78,158.86,26.16,33.9601,102.15,38.74,167.7,17.41,183.0,142.67,115.47,11.3736,8.23,49.87,16.39,52.05
2024-11-22,49.18,50430.02,177.33,14.01,47.01,15.48,540.04,40.71,60.81,32.99,11.33,130.49,25.35,178.42,377.9809,119.6,174.58,25.04,45.54,140.5,101.7953,342.01,28.28,161.87,26.19,34.2152,102.7,39.26,167.26,17.33,187.0,144.85,114.19,11.7015,8.4,49.81,15.97,53.52
2024-11-25,48.89,50207.18,176.01,14.03,45.57,15.04,536.28,43.5,60.32,33.6,11.67,131.23,25.38,179.44,376.05,117.19,170.7,25.19,47.0,139.11,99.4971,340.96,27.69,162.53,25.46,32.7434,103.06,38.71,168.22,18.56,191.37,144.89,116.5,11.7483,7.98,50.13,15.9,53.27
2024-11-26,48.83,49721.85,174.88,13.87,46.06,15.37,533.0,41.8,59.72,31.36,11.22,126.68,26.0,181.0,375.37,116.23,175.4,24.29,45.25,133.5,99.4872,340.17,27.84,163.09,26.07,31.772,100.14,38.27,163.39,18.24,188.8,141.32,114.95,11.639,7.98,49.43,15.79,53.43
2024-11-27,48.85,49787.82,174.53,13.66,45.03,15.19,539.0,43.92,59.99,31.8,11.18,124.96,26.26,176.6,383.51,122.07,174.26,24.64,46.64,133.64,99.1887,345.19,27.68,163.99,26.02,32.1644,102.48,38.4,167.4,18.04,186.21,145.28,114.88,11.6547,7.92,48.05,15.86,54.38
2024-11-28,,49941.27,173.33,13.81,45.02,15.13,530.64,42.72,60.22,31.84,11.23,126.51,27.02,178.44,375.95,122.1,175.9,25.54,46.9,135.99,99.5966,346.38,27.55,160.46,26.45,32.1841,102.99,38.2,166.03,18.32,187.13,147.99,115.81,11.7171,7.97,49.38,15.98,53.31
2024-11-29,48.67,49812.64,172.26,13.9,44.99,15.09,516.22,42.4,59.65,31.86,11.06,131.81,26.32,178.51,376.99,121.56,181.59,25.62,48.1,133.81,98.3431,347.0,27.21,162.22,27.0,32.1056,102.99,38.96,157.06,18.24,193.25,153.37,113.15,12.0059,7.9,48.31,15.52,53.91
2024-12-02,49.23,50414.17,172.48,13.57,44.36,15.19,521.04,42.85,60.87,31.63,11.66,133.09,26.07,179.17,371.75,126.5,181.98,25.89,48.95,137.55,101.1486,343.79,27.91,164.31,26.63,32.2037,101.93,38.63,159.67,18.53,188.65,157.29,119.2,12.4977,8.09,48.73,15.68,54.16
2024-12-03,49.69,50828.06,172.02,13.79,45.87,15.25,523.94,42.89,59.69,32.17,11.66,132.57,25.18,181.85,371.65,126.76,178.26,26.57,48.82,142.22,102.621,344.0,28.23,165.74,27.0,31.9878,102.66,38.6,165.15,18.11,183.82,160.4,120.58,12.607,8.0,49.39,15.94,54.98
2024-12-04,50.23,51249.8,176.59,13.29,45.09,15.36,530.7,43.53,58.95,32.08,11.74,132.73,25.12,183.94,375.96,121.77,185.51,26.22,47.9,142.95,104.9192,344.29,27.96,167.53,27.06,32.3018,102.79,37.81,169.24,17.99,183.12,166.74,121.04,12.7241,7.99,48.95,16.55,56.52
2024-12-05,50.79,51756.84,186.4,13.43,45.75,15.29,539.54,43.36,59.03,32.01,11.8,132.38,25.12,186.2,397.2,122.44,190.72,26.66,48.39,140.49,104.4317,343.88,27.77,167.89,26.59,33.2634,101.86,37.5,176.49,18.01,185.49,169.54,125.54,12.6304,7.98,50.41,17.04,57.19
2024-12-06,50.38,51348.8,181.85,13.24,46.17,15.06,537.51,44.45,58.8,32.18,11.75,132.01,25.74,182.39,387.5,122.16,184.04,25.81,47.9,141.81,101.268,341.8,27.57,165.31,26.89,32.8709,103.52,37.4,183.61,17.74,188.39,174.99,124.44,11.9825,7.89,49.98,17.06,57.32
2024-12-09,49.56,52190.68,183.01,13.9,46.59,15.24,536.58,44.49,58.6,34.48,11.85,136.18,25.66,183.31,399.7,121.1,188.82,26.55,47.67,142.96,107.7446,350.0,27.59,166.9,26.91,33.4793,105.52,37.31,184.79,18.31,189.18,179.34,125.14,12.3806,7.9,51.31,16.91,57.44
2024-12-10,50.45,51377.28,180.01,14.0,47.1,15.16,535.27,44.3,57.85,33.37,11.52,133.35,25.41,179.56,395.72,117.6,187.68,26.53,48.29,139.56,104.8496,345.0,27.46,164.64,27.0,33.4302,105.32,36.72,185.13,18.36,188.65,172.88,122.58,12.2167,7.73,50.76,16.96,57.16
2024-12-11,,51289.74,182.98,13.94,45.82,15.3,535.15,44.18,58.45,33.85,11.12,132.14,25.9,179.85,382.83,116.27,185.79,26.44,48.44,140.0,105.4763,354.37,28.0,164.05,27.3,33.4793,102.94,37.34,183.94,17.91,186.18,171.92,121.98,12.1699,7.67,50.33,17.18,57.12
2024-12-13,50.74,51619.75,182.46,13.65,44.57,15.13,548.56,43.57,58.02,35.22,11.28,135.32,25.29,177.95,378.83,117.34,191.5,26.88,47.87,143.91,105.4365,345.45,28.65,163.76,27.41,32.9396,103.98,36.43,183.59,17.03,186.58,163.92,125.24,11.9591,7.79,50.78,16.86,61.59
2024-12-16,50.38,50849.43,178.95,13.41,44.27,14.69,558.23,43.66,56.96,34.5,11.17,132.44,25.43,175.01,377.47,118.28,189.22,25.63,45.83,140.65,102.9494,332.43,28.3,163.39,26.85,33.077,102.81,35.39,186.9,16.67,179.59,161.63,129.39,11.9279,7.59,51.63,16.93,59.86
2024-12-17,49.68,50500.34,176.43,13.81,45.13,15.11,556.02,43.45,55.88,34.2,11.34,131.11,25.5,178.12,378.79,119.67,187.08,24.62,46.07,135.51,100.5816,333.03,28.13,165.18,26.71,33.4302,100.32,35.12,185.43,16.38,178.03,165.51,130.68,11.803,7.45,52.28,16.87,57.69
2024-12-18,49.51,49968.44,175.8,13.75,44.18,14.63,548.0,43.57,55.71,33.87,11.35,126.05,25.37,176.73,372.3,117.61,185.46,24.36,44.4,135.71,98.9002,331.56,28.0,160.87,26.63,32.6452,101.66,34.65,182.73,15.31,177.66,168.02,122.72,11.5922,7.3,51.25,16.52,58.06
2024-12-19,48.52,49254.47,174.09,13.58,43.25,14.52,534.54,42.31,55.82,33.81,11.29,128.49,24.85,172.1,365.2,114.92,180.08,24.08,43.7,132.46,97.3283,331.13,28.0,160.02,25.57,33.0672,100.0,34.1,181.65,15.19,176.6,163.34,118.14,11.6468,7.14,51.6,16.35,58.01
2024-12-20,49.0,49586.21,175.41,13.79,45.3,14.35,527.69,43.09,55.74,33.68,11.31,128.05,24.45,174.69,364.64,111.4,184.11,24.64,43.75,137.36,98.552,335.92,29.47,160.06,25.72,34.1171,100.83,34.55,179.93,14.47,175.49,167.07,120.42,12.0996,7.01,52.14,15.94,57.5
2024-12-23,48.69,49450.89,174.65,13.43,44.79,14.21,531.89,42.76,55.89,33.64,11.19,126.18,24.1,176.49,368.36,112.01,186.14,23.89,43.76,137.55,99.527,331.73,28.6,159.25,25.64,32.3214,99.64,33.96,181.73,14.9,176.5,165.57,119.57,11.803,7.07,51.75,15.77,56.37
2024-12-24,,49316.62,174.41,13.33,43.51,14.37,535.7,42.25,55.54,33.7,11.34,125.31,23.97,175.77,365.05,112.32,184.41,24.5,43.19,135.76,98.9002,332.66,28.64,158.65,25.46,32.1056,100.54,33.62,180.65,15.05,175.73,170.94,117.59,11.7093,7.0,52.46,15.65,56.31
2024-12-26,,49535.58,175.99,13.43,43.48,14.63,534.31,41.95,54.99,33.27,11.45,126.3,23.9,177.3,364.87,112.53,187.76,24.34,43.41,136.81,98.4923,332.0,28.92,158.88,25.74,32.1448,99.84,33.49,181.06,15.08,174.99,169.2,116.3,11.6547,7.08,52.83,15.59,56.14
2024-12-27,49.11,49290.58,174.78,13.38,42.91,14.78,530.83,42.04,54.83,32.6,11.48,126.66,23.51,177.36,360.33,113.3,186.99,24.02,43.2,135.0,98.4028,333.27,29.14,159.74,25.69,32.0173,99.44,34.0,176.73,15.12,177.01,166.7,116.3,11.6468,7.06,53.1,15.52,54.92
2024-12-30,48.37,48837.72,172.5,13.2,43.11,14.63,533.46,41.99,54.39,33.18,11.4,124.22,22.83,175.94,359.11,111.99,180.25,23.26,43.06,133.88,96.6618,328.9,29.04,160.16,25.39,31.6346,99.66,34.18,177.64,15.08,175.85,169.27,116.19,11.5298,6.93,52.88,15.48,54.28
2024-12-31,48.77,49513.27,172.53,13.04,43.59,14.95,536.27,41.65,55.35,33.49,11.71,125.52,23.54,177.91,365.95,115.54,185.28,24.01,43.44,134.36,98.7709,325.36,29.36,162.13,25.34,32.3214,99.5,33.85,179.76,14.97,176.66,174.5,117.49,11.7327,6.91,53.2,15.56,54.88
2025-01-02,48.96,49765.2,176.59,12.95,45.9,14.85,537.12,42.61,55.17,33.46,11.7,125.2,23.61,175.67,374.25,115.69,187.0,23.72,43.61,136.8,99.4474,326.92,29.63,160.02,25.7,32.4294,100.4,36.29,180.64,15.11,176.77,169.64,117.0,11.7171,7.02,53.11,15.36,55.25
2025-01-03,48.2,48957.24,171.71,13.05,46.03,14.41,524.18,42.22,54.37,33.29,11.63,123.21,22.51,167.7,368.72,112.61,185.49,23.63,43.15,137.14,97.0199,323.71,29.43,157.18,26.02,31.5561,100.5,37.81,177.45,14.46,176.15,165.19,117.1,11.561,7.03,52.19,15.32,54.44
2025-01-06,48.54,49493.56,172.66,13.23,45.48,14.46,534.5,43.23,54.44,32.91,11.63,123.76,22.62,169.75,374.61,111.29,180.4,23.8,43.4,142.99,99.4872,319.74,29.13,154.61,26.12,31.6738,100.01,38.55,182.74,14.17,179.0,164.5,117.17,11.6,7.54,52.12,15.56,55.0
2025-01-07,49.3,50085.5,177.01,13.21,46.81,14.66,541.01,43.73,54.32,32.89,11.51,123.82,22.12,172.72,382.79,113.02,181.81,24.52,44.27,140.75,100.4025,324.34,29.07,154.59,26.76,32.0467,101.0,38.39,187.4,14.58,184.95,163.0,120.03,11.881,7.91,52.08,15.88,56.01
2025-01-08,48.83,49634.26,177.61,12.98,43.91,14.24,534.77,43.45,51.7,32.81,11.59,124.01,22.2,170.86,376.31,113.85,190.8,24.31,43.21,140.59,101.8848,325.99,29.0,155.39,26.09,31.9388,100.35,37.13,184.76,14.11,180.0,163.95,118.41,12.0606,7.58,50.26,16.13,55.87
2025-01-09,49.65,49807.96,179.89,13.11,44.0,14.26,529.01,44.25,51.4,33.33,11.3,125.52,22.35,171.66,379.39,116.12,187.09,24.3,43.9,140.25,103.218,331.14,29.07,151.28,26.7,31.507,100.11,36.89,186.38,14.27,181.51,166.74,118.35,12.1933,7.56,50.04,16.32,57.0
2025-01-10,,49596.7,180.51,13.58,44.04,14.26,532.96,43.01,50.53,31.18,11.56,123.73,21.64,170.85,381.0,113.25,185.6,24.04,43.94,140.11,101.6759,322.02,29.1,154.27,26.37,31.978,99.47,36.55,184.98,14.04,180.27,162.94,118.27,12.0684,7.38,48.7,16.75,57.03
2025-01-13,49.35,49829.97,181.81,13.53,41.82,14.44,533.82,43.37,50.83,31.41,11.1,124.8,21.62,172.99,388.75,114.56,180.1,24.63,44.06,141.7,100.681,326.99,29.45,157.14,27.24,32.1743,98.78,35.5,186.98,13.91,183.27,163.5,116.34,12.0918,7.06,48.73,17.03,57.8
2025-01-14,,49844.0,183.36,13.52,40.91,14.32,541.64,43.17,50.84,31.5,11.07,119.18,21.42,171.93,391.0,118.45,176.33,25.6,43.59,144.25,100.7606,321.6,29.75,156.99,26.29,31.5168,100.06,35.6,196.53,13.46,179.34,163.14,121.53,11.6937,7.05,49.38,17.42,57.68
2025-01-15,49.65,50242.84,180.22,13.75,39.74,14.42,549.77,45.71,50.46,31.3,11.3,119.74,20.75,169.29,396.49,120.33,177.7,26.29,44.03,146.83,101.9843,325.14,28.91,156.5,26.13,31.8897,100.63,35.86,198.0,13.75,183.07,170.24,128.5,11.7327,7.06,49.63,17.31,57.05
2025-01-16,49.45,49948.15,177.49,13.49,40.72,14.41,556.7,45.98,49.31,31.18,11.31,120.4,19.72,169.31,393.68,117.2,177.01,25.63,44.14,143.74,102.4022,324.94,28.92,159.24,26.12,31.6248,99.88,36.39,197.8,13.97,182.2,173.5,127.99,11.842,7.05,49.94,17.56,55.0
2025-01-17,,49940.89,178.19,13.55,41.36,14.26,564.88,46.95,52.08,31.8,11.13,120.65,19.48,171.0,393.31,116.56,176.92,26.08,44.42,144.32,102.1037,322.95,29.2,157.85,26.74,31.301,99.54,35.9,199.37,13.89,182.18,170.77,124.04,11.9591,7.06,49.73,17.11,53.7
2025-01-20,49.7,50201.32,179.88,13.54,40.89,14.47,555.64,47.1,52.2,31.89,11.24,122.53,19.55,171.98,381.11,117.0,178.85,26.42,44.34,146.88,103.3573,321.61,28.83,159.25,27.48,31.5561,99.21,36.59,198.4,13.96,185.48,172.49,126.74,11.7874,7.13,50.0,17.39,55.29
2025-01-21,49.8,50450.26,180.36,13.77,40.63,14.28,560.59,46.2,53.0,31.6,11.33,123.29,19.21,175.43,385.48,116.82,181.09,26.89,43.1,143.84,103.7751,325.05,29.11,155.71,27.48,31.5463,99.53,36.64,198.33,13.96,184.47,172.0,129.43,12.2713,7.13,50.09,18.02,56.55
2025-01-22,50.32,50944.58,183.1,13.85,41.75,14.56,559.66,47.78,54.71,31.57,11.42,125.37,18.79,172.86,386.63,118.62,184.9,26.24,43.85,145.72,104.76,337.14,29.89,154.06,27.6,31.4776,99.79,37.05,203.05,14.09,187.33,176.07,132.63,12.5992,7.33,50.79,18.2,57.67
2025-01-23,50.9,51054.91,180.68,13.95,42.25,14.48,557.42,47.9,53.97,31.66,11.72,126.04,19.26,171.89,384.49,120.22,189.37,26.58,43.63,148.36,104.77,335.5,29.49,153.55,27.77,32.1644,100.7,37.11,200.17,13.96,188.79,174.46,134.78,12.7007,7.37,51.41,17.95,56.91
2025-01-24,50.43,51357.31,184.9,13.78,43.6,14.34,562.36,48.84,54.32,31.65,12.07,126.45,18.92,172.89,384.49,121.69,181.78,27.72,43.68,148.15,103.5861,342.0,29.91,154.92,27.95,33.5578,101.99,37.35,201.56,13.75,189.94,176.63,136.3,12.6304,7.36,51.21,18.06,57.69
2025-01-27,51.15,51687.45,190.79,13.64,44.66,14.62,565.26,49.06,53.72,31.9,12.18,124.2,18.56,174.36,386.5,119.12,180.43,28.4,43.63,148.91,103.3473,342.67,30.6,160.87,27.77,32.812,102.6,39.22,201.32,13.9,190.58,177.78,140.69,12.8802,7.23,51.9,17.66,57.03
2025-01-28,,51535.96,194.55,13.92,44.55,14.54,577.17,49.5,54.41,31.86,12.01,122.73,18.26,177.55,383.66,119.99,182.89,28.11,44.36,148.26,100.7109,349.36,30.74,160.0,27.58,33.1653,102.97,40.49,200.83,13.75,189.32,172.95,139.82,13.2783,7.4,54.34,17.67,56.03
2025-01-29,50.75,51555.78,190.01,14.65,44.28,14.73,572.0,49.41,54.22,32.0,12.17,123.09,18.48,177.1,384.5,119.79,192.98,28.25,43.58,146.34,101.2382,358.01,30.85,162.88,27.48,33.234,103.7,41.73,201.87,13.67,190.32,173.21,142.57,13.2003,7.58,53.85,17.88,54.77
2025-01-30,51.2,52050.25,190.82,14.63,44.81,14.74,585.76,48.15,54.95,32.0,12.43,121.08,18.72,179.79,397.23,120.84,191.07,28.63,44.92,146.45,101.7555,361.0,31.24,164.12,28.43,33.3027,105.09,40.79,206.0,13.62,196.13,173.95,142.07,13.5594,7.82,55.25,17.93,54.79
2025-01-31,50.2,51209.53,188.78,14.44,44.2,14.55,563.8,47.58,54.3,32.02,12.24,119.49,18.44,176.31,382.42,117.68,191.41,27.09,44.15,143.84,100.6313,357.59,30.89,162.21,28.17,33.3812,103.44,40.5,195.66,13.14,192.85,172.55,135.08,13.1847,7.86,54.09,17.64,53.98
2025-02-04,,51889.75,193.02,14.68,45.76,14.62,557.74,48.69,54.31,32.09,12.43,122.19,19.15,176.07,381.7,116.62,202.0,28.47,44.48,148.05,102.442,352.71,31.31,159.6,28.03,33.7344,104.44,40.98,198.76,13.38,195.58,175.61,142.18,13.1222,8.18,54.81,17.17,55.0
2025-02-05,50.88,51570.19,195.15,14.27,45.94,14.62,550.57,47.55,54.39,32.09,12.25,119.91,18.87,175.15,380.04,116.3,202.71,28.41,44.4,145.0,101.4869,349.35,30.67,160.07,28.33,33.4204,104.7,41.1,195.67,13.18,192.06,188.01,140.05,13.1769,8.21,54.27,16.28,54.77
2025-02-06,50.99,52674.79,196.44,14.67,47.71,14.96,572.47,47.14,54.49,31.97,13.84,121.44,18.46,183.68,388.09,117.16,203.67,28.13,43.97,147.05,104.0039,344.86,30.53,160.11,27.5,33.5872,102.6,40.51,200.48,13.28,194.74,177.67,138.76,13.2549,8.01,54.16,16.12,55.65
2025-02-07,51.35,52817.75,200.59,14.53,48.83,14.99,558.6,47.71,54.05,32.33,13.77,122.32,17.61,180.01,387.46,116.08,208.0,28.52,44.45,147.19,105.8345,348.09,31.23,159.49,28.4,34.0876,103.8,41.02,198.92,13.13,196.78,186.97,138.49,13.4189,7.99,54.25,16.33,55.3
2025-02-10,51.56,52928.12,197.51,14.74,49.87,15.0,559.26,46.07,54.42,32.47,13.67,122.32,17.29,178.51,389.03,119.25,203.18,28.3,45.25,147.9,106.7398,352.88,31.25,161.65,28.73,34.3035,105.86,40.5,199.32,12.88,200.63,188.25,139.27,13.2159,8.09,54.45,16.2,56.26
2025-02-11,51.94,53451.64,203.42,14.87,49.71,15.18,574.22,46.0,55.35,33.61,13.58,122.36,17.39,180.65,400.71,122.0,203.31,28.28,46.22,150.29,105.337,357.95,30.94,162.98,28.42,34.3428,106.77,41.86,203.18,12.9,201.38,189.99,137.37,13.536,8.18,54.0,15.9,58.03
2025-02-12,52.94,54065.72,212.8,14.7,49.59,15.25,590.0,46.7,56.83,35.0,13.5,122.78,18.23,182.42,419.41,121.56,207.49,27.9,48.04,149.71,104.2725,359.5,31.83,171.29,28.92,34.1858,106.7,43.0,206.32,13.16,202.39,195.8,138.46,13.6921,8.52,54.29,15.9,57.96
2025-02-13,53.0,54160.11,210.99,14.8,49.46,15.25,586.52,47.18,57.64,37.81,13.59,124.29,18.31,183.33,408.0,122.35,210.42,28.7,48.87,149.36,104.3621,353.81,32.47,173.6,28.84,34.4016,104.94,43.25,204.62,13.64,203.35,200.15,143.4,13.7155,8.71,54.75,15.81,58.67
2025-02-14,,54077.94,208.03,14.85,51.49,15.54,575.0,46.92,56.9,37.49,13.65,123.47,19.0,185.18,397.22,122.45,219.99,29.6,48.76,151.48,104.76,354.78,32.05,171.22,28.39,34.1956,105.3,44.7,206.47,14.42,201.01,196.89,141.9,14.0121,8.68,54.49,16.58,54.61
2025-02-17,51.41,54291.64,207.9,15.69,50.83,15.77,581.5,48.15,56.8,36.52,13.87,123.45,19.21,184.55,398.0,119.62,217.6,29.58,48.91,152.66,104.7998,359.5,31.45,172.66,28.65,33.9797,106.8,43.84,206.74,14.62,200.64,200.22,140.84,14.1761,8.77,53.96,16.95,54.77
2025-02-18,53.05,54476.74,205.33,16.31,51.02,15.4,579.98,47.98,57.43,37.34,13.63,123.25,19.44,185.37,405.94,123.97,219.33,31.21,50.79,157.16,106.5508,355.1,31.91,172.87,28.3,34.1858,105.0,42.3,206.0,15.18,198.88,203.48,141.01,14.3322,8.57,54.17,17.05,55.77
2025-02-19,53.01,54110.21,204.4,13.65,51.15,14.93,580.44,47.69,56.37,37.16,13.56,117.51,19.19,185.8,415.78,124.23,219.0,30.45,49.53,156.11,103.9741,356.43,32.26,172.58,27.83,34.4409,103.34,42.03,205.94,15.66,208.94,198.6,139.91,13.3174,8.32,51.08,17.02,55.8
2025-02-20,52.86,54303.93,209.0,13.01,50.16,15.03,581.61,48.01,56.78,38.0,13.62,123.5,19.4,183.99,414.62,124.0,218.97,30.23,50.21,155.53,104.1034,353.53,32.48,171.93,27.3,35.0198,102.53,42.15,211.98,15.54,215.48,193.0,138.47,13.3018,8.26,50.67,17.3,56.5
2025-02-21,52.7,53738.75,212.25,12.7,49.69,15.03,557.01,47.37,56.26,37.45,13.35,121.5,19.63,182.59,397.54,121.45,216.04,29.88,49.42,153.32,103.218,359.87,32.46,181.19,27.21,34.8922,101.79,44.0,204.09,15.74,210.9,186.65,139.85,13.2705,7.87,50.1,15.95,56.27
2025-02-24,,53704.45,214.0,12.86,49.46,14.87,552.45,47.98,56.59,36.67,13.11,120.72,19.53,183.12,398.19,121.86,211.93,30.02,50.02,151.31,103.2478,365.73,33.28,181.34,27.27,35.0689,102.2,45.09,201.83,15.79,209.51,196.33,142.14,13.5906,8.0,49.41,14.02,56.65
2025-02-25,52.1,53050.33,212.99,13.0,47.13,14.8,547.97,46.93,56.49,36.72,13.2,120.55,19.54,182.67,390.0,118.7,209.97,29.04,48.34,147.94,102.5017,361.38,32.86,178.87,26.72,34.5586,101.98,43.61,195.9,14.61,205.87,195.6,134.44,13.5906,7.94,48.59,13.45,55.91
2025-02-26,52.07,53296.71,214.99,13.1,45.9,14.95,556.1,46.41,57.32,37.49,13.25,120.37,19.74,182.34,393.28,118.2,204.72,29.11,48.91,151.0,101.9047,361.99,32.39,176.41,26.56,34.8628,101.42,44.25,197.07,14.07,202.77,201.25,135.44,13.6843,7.98,48.83,13.08,55.8
2025-02-27,,52607.61,211.51,12.88,44.98,14.82,543.97,45.44,54.51,36.1,12.9,117.06,18.43,192.63,388.08,116.6,200.04,30.49,48.09,146.68,98.6217,356.34,31.08,181.04,25.45,33.4793,100.04,43.7,189.15,14.05,200.82,199.96,132.86,13.5828,7.86,48.36,12.98,55.63
2025-02-28,51.55,52325.73,212.57,13.02,45.06,14.61,553.15,46.55,55.33,36.5,12.68,117.96,17.59,193.15,385.54,119.36,200.79,28.7,47.45,145.32,96.2041,354.37,30.88,182.8,25.78,33.1555,100.95,44.15,197.24,14.2,205.13,197.4,133.04,13.6765,8.06,48.1,13.29,54.69
2025-03-03,51.79,52081.59,209.15,12.71,44.69,14.6,548.0,44.94,54.63,36.3,12.28,114.05,16.47,192.99,384.23,117.17,200.1,29.29,47.63,147.82,96.9801,359.21,31.15,179.59,27.07,32.0565,99.75,42.93,192.76,13.74,203.08,184.0,133.53,13.5906,7.82,48.19,13.21,54.8
2025-03-04,50.99,52384.72,211.77,11.94,43.16,14.67,547.99,44.78,54.92,36.88,12.29,114.98,18.15,193.47,386.44,119.83,200.7,28.51,47.82,149.69,97.7064,362.74,31.24,181.61,25.81,32.4686,99.91,43.61,195.47,14.18,202.97,186.37,134.7,13.3954,7.83,47.82,12.72,54.82
2025-03-05,51.88,52709.4,214.77,12.14,42.31,14.5,547.0,45.05,56.68,37.03,12.72,116.5,18.51,193.88,384.5,115.35,205.14,28.45,46.25,147.34,101.7854,379.16,31.41,177.84,24.7,31.7327,99.94,43.31,194.35,15.65,201.92,179.6,137.68,13.2003,7.93,48.31,13.17,55.59
2025-03-06,52.18,52816.43,208.75,12.09,42.51,15.02,544.0,45.5,56.42,37.21,12.93,114.25,18.9,197.79,382.72,115.68,204.98,28.98,47.24,147.3,100.8004,375.51,31.45,177.57,24.34,31.615,100.2,43.27,194.65,15.5,201.65,181.08,137.03,13.0207,8.12,49.8,12.8,54.59
2025-03-07,51.46,52839.63,207.52,11.85,42.02,15.09,537.89,44.97,58.32,36.65,12.36,115.01,19.53,198.1,385.81,116.81,200.38,28.53,47.0,147.89,100.3925,378.31,31.52,174.43,24.4,31.6738,100.12,43.32,189.15,15.96,200.11,178.5,129.8,12.9817,8.29,50.03,12.46,55.26
2025-03-10,51.03,51726.88,207.42,11.79,40.7,14.89,518.86,45.65,56.51,35.76,12.05,114.93,18.61,196.66,374.86,117.25,197.19,28.4,45.72,142.4,98.4326,359.1,31.64,172.33,23.35,31.4972,98.78,42.19,182.75,15.41,196.13,175.34,129.25,12.9115,8.1,49.59,11.36,54.27
2025-03-11,50.86,51510.68,207.74,11.71,40.06,14.72,516.6,45.34,54.5,35.72,12.1,111.69,18.59,195.46,368.44,114.57,196.02,28.27,46.0,143.01,97.8954,357.8,32.11,173.95,23.76,32.3214,97.61,42.32,185.89,15.08,195.84,175.49,128.31,12.7553,7.96,48.45,11.25,53.35
2025-03-12,,52041.01,209.48,11.26,40.76,14.46,521.96,45.39,54.75,35.58,12.15,112.23,18.38,198.01,368.77,114.47,194.45,29.47,45.7,145.67,103.1881,364.13,32.3,178.03,24.01,32.0271,97.8,42.14,188.38,15.18,196.63,175.85,134.11,12.3572,7.47,46.02,10.92,54.17
2025-03-13,51.31,51877.12,211.46,11.36,41.02,14.35,520.64,44.91,55.27,37.31,11.84,110.51,17.44,195.69,368.38,116.7,190.49,30.13,46.8,145.81,104.5312,363.74,32.66,176.99,23.6,32.763,96.75,41.78,189.98,15.26,198.08,174.68,132.27,12.4353,7.05,45.94,10.76,52.92
2025-03-14,,52484.28,210.01,11.92,41.4,14.32,571.84,45.44,54.65,37.37,11.98,111.48,18.22,197.34,383.04,119.4,194.24,29.21,47.29,147.44,104.173,363.58,31.81,177.18,23.13,33.1653,98.12,43.29,202.4,15.34,201.42,176.77,134.66,12.6773,7.1,46.32,11.16,53.63
2025-03-18,52.44,52773.32,210.97,12.16,41.91,14.29,572.35,45.6,55.93,37.65,12.14,112.98,18.53,198.1,381.47,114.21,196.26,31.0,47.17,148.32,104.6804,364.24,32.6,178.6,24.31,34.0091,97.65,42.99,201.5,15.61,201.8,177.72,136.76,13.0051,6.79,45.99,11.39,54.89
2025-03-19,52.54,53060.76,209.32,11.72,42.62,14.24,575.2,45.08,55.5,37.91,12.28,114.01,18.0,199.01,385.49,116.59,195.94,30.59,48.59,149.85,107.9536,366.3,32.77,178.04,25.37,34.2348,96.65,42.46,203.41,15.67,204.59,174.65,139.94,12.9036,6.78,47.34,11.52,54.58
2025-03-20,52.66,53100.83,214.87,11.98,43.48,14.31,580.39,45.99,54.37,38.1,12.19,114.85,17.74,199.0,380.55,116.87,195.86,30.78,47.71,150.77,106.8791,366.03,32.73,182.8,24.85,34.1171,97.29,41.11,206.13,15.99,204.0,176.5,138.99,13.2627,6.9,47.84,11.43,54.89
2025-03-21,52.2,52672.42,209.83,12.02,42.9,14.31,570.0,44.07,54.67,36.59,11.95,114.39,17.82,196.72,373.6,117.29,192.49,30.26,46.07,150.98,104.8098,365.37,32.57,179.37,24.82,34.0386,96.51,40.21,201.0,16.3,201.15,175.06,136.92,13.1144,6.85,47.58,11.3,56.0
2025-03-24,52.3,52674.84,213.48,11.51,43.13,14.26,569.17,45.22,54.68,38.01,12.18,115.4,17.99,193.91,380.99,116.34,194.99,31.73,46.04,149.02,103.2379,365.21,32.58,176.9,24.89,33.911,96.86,41.3,203.38,16.46,202.76,173.39,142.84,12.6148,6.98,47.22,11.43,56.09
2025-03-25,52.47,53203.26,211.99,11.57,43.04,14.36,574.0,45.01,55.31,37.33,12.61,115.43,17.82,195.4,388.73,117.98,195.74,32.69,47.09,148.1,105.5261,367.43,32.9,180.0,25.05,32.9592,99.15,43.53,206.99,16.77,204.81,176.06,145.25,12.8802,7.29,48.59,11.37,56.36
2025-03-26,52.47,52806.89,211.24,11.21,42.9,14.49,564.01,44.52,55.86,36.65,12.07,120.5,17.78,194.98,382.79,118.14,195.34,31.91,46.89,144.0,104.6207,368.31,33.0,182.31,24.76,32.8905,97.6,43.11,201.12,16.0,205.87,176.7,144.77,12.9895,7.15,48.12,11.4,56.44
2025-03-27,52.72,53477.74,211.83,11.35,43.67,14.71,570.45,44.63,55.83,36.8,12.26,118.6,18.34,201.91,383.56,119.73,196.05,31.71,47.1,146.74,104.0935,370.17,33.07,186.01,25.23,32.9592,97.04,42.53,200.35,15.92,206.67,176.44,140.93,12.9973,7.28,47.56,11.33,58.44
2025-03-28,52.85,53172.97,215.24,10.71,43.53,14.75,564.72,44.7,56.38,35.61,11.59,114.78,18.64,204.29,380.77,119.36,191.9,32.33,46.6,145.66,104.0736,370.02,33.53,188.92,25.44,33.2242,98.0,42.26,201.74,15.58,205.67,176.47,136.37,13.0129,7.03,47.23,11.07,57.14
2025-03-31,52.17,52484.43,213.99,10.44,43.61,14.58,559.15,44.58,55.49,34.1,11.49,115.0,18.78,199.17,378.05,119.24,187.66,31.54,46.01,142.08,101.7157,367.9,33.53,187.8,25.33,32.9298,96.0,42.8,201.0,15.51,206.18,177.9,130.16,12.4431,7.06,46.88,10.81,56.57
2025-04-01,52.71,53337.9,219.79,10.46,43.65,14.87,570.89,45.12,57.29,35.0,11.61,117.5,19.91,203.17,382.51,119.28,194.5,33.07,46.29,144.99,104.6804,378.81,33.2,190.76,25.06,33.3615,97.98,44.55,204.43,15.39,208.99,178.33,129.69,12.607,7.18,46.55,10.77,57.26
2025-04-02,53.26,53800.93,213.16,10.48,44.69,14.85,580.69,46.04,58.99,36.4,11.63,118.51,20.06,204.56,388.28,123.75,196.77,33.03,46.52,144.64,105.0684,381.0,32.52,194.64,25.38,34.0386,97.12,44.22,204.32,15.36,214.56,178.64,128.88,12.8334,7.28,46.78,10.81,57.77
2025-04-03,53.63,54089.28,211.33,10.81,45.82,14.97,571.74,49.78,59.63,37.7,11.11,123.56,21.47,202.26,386.71,129.85,196.48,33.27,49.46,153.47,99.9249,381.0,33.25,194.24,25.28,35.373,98.67,45.49,202.25,16.1,217.01,183.0,140.01,13.0988,6.97,49.84,10.55,59.42
2025-04-04,53.58,51452.73,197.21,10.25,44.01,14.45,553.18,45.6,56.29,37.11,10.47,120.01,19.99,198.3,367.68,121.19,174.45,31.02,44.95,142.71,93.0205,361.67,33.16,190.27,23.72,34.8824,96.24,43.56,198.23,15.1,209.05,174.0,131.37,12.3572,6.77,47.67,9.96,56.7
2025-04-07,50.5,50458.32,201.81,9.5,42.22,14.39,536.0,43.4,55.36,35.6,10.64,119.08,19.51,191.25,367.1,116.15,175.99,29.3,44.16,136.22,94.0452,359.0,32.43,185.76,22.45,35.1277,92.41,41.16,188.99,14.2,204.72,174.0,123.01,13.05,6.62,45.49,10.2,56.66
2025-04-08,50.5,50316.59,203.76,9.22,42.22,14.01,529.39,43.94,55.99,36.43,10.61,119.97,19.85,194.7,364.31,118.29,169.93,29.35,44.31,138.95,92.5231,366.99,31.56,186.91,22.52,35.8048,92.48,42.09,187.38,14.51,206.34,175.7,127.42,12.92,6.71,45.9,9.84,56.14
2025-04-09,52.2,52527.67,215.53,9.25,44.7,14.25,546.33,45.95,59.07,37.51,10.88,123.25,19.95,198.61,374.94,129.43,181.63,31.28,47.74,151.5,98.4724,365.23,33.23,194.49,23.63,36.2659,93.93,44.96,195.17,14.8,221.84,179.94,134.98,13.47,7.04,46.99,10.37,57.61
2025-04-10,51.7,51514.82,207.94,9.43,41.58,14.27,543.6,45.61,57.79,36.46,10.25,119.66,20.14,197.53,369.42,130.77,169.99,30.9,46.51,145.48,96.4429,368.0,32.3,193.35,23.21,35.4417,93.18,42.2,197.71,14.38,215.35,178.81,129.23,13.16,6.71,46.27,9.7,56.21
2025-04-11,51.43,51498.9,203.0,9.31,41.33,14.42,557.69,45.51,58.29,36.36,10.5,119.17,20.91,200.08,372.0,126.36,173.64,30.33,45.88,141.71,96.6717,367.47,31.91,189.77,22.75,35.3043,92.18,42.28,201.38,14.61,215.89,173.6,128.09,12.75,6.89,46.59,9.63,55.8
2025-04-14,52.2,52391.35,208.27,8.78,41.44,14.97,571.98,45.92,59.33,36.54,10.75,120.41,20.75,200.81,371.24,129.92,176.32,30.54,46.45,144.83,96.7712,371.38,32.34,189.28,22.86,36.0599,92.11,42.79,203.71,14.35,221.19,176.0,128.43,12.61,6.87,46.88,9.23,56.5
2025-04-15,52.5,52643.04,209.04,8.4,41.04,15.34,558.04,45.86,59.24,37.2,10.54,121.41,20.69,205.18,373.9,127.91,166.19,30.77,47.33,148.22,98.4127,371.75,32.75,190.67,22.49,36.2758,92.47,43.11,201.73,14.33,218.84,177.72,131.03,12.52,6.98,46.12,9.16,57.42
2025-04-16,52.69,53018.57,212.16,8.35,41.44,15.26,569.19,45.28,60.13,38.44,10.42,122.57,20.9,207.25,373.79,129.68,170.71,30.87,47.84,147.19,98.9898,372.02,32.69,190.02,22.33,36.6977,92.12,42.23,201.99,14.17,222.57,178.9,134.63,12.27,7.07,46.73,9.13,59.11
2025-04-21,53.43,53758.75,215.68,8.38,42.55,15.92,571.0,45.5,62.51,38.83,10.45,121.34,21.71,206.81,377.8,129.65,167.01,30.98,48.49,150.54,99.3678,377.99,32.81,191.26,22.4,37.0411,93.11,42.4,205.8,13.98,221.11,180.17,133.02,12.34,7.19,47.68,8.86,60.93
2025-04-22,54.28,54777.84,213.88,8.61,41.08,16.3,565.99,45.72,63.39,39.41,10.8,123.79,22.28,208.65,380.53,132.65,170.22,32.35,49.03,158.0,99.9647,381.72,32.62,189.14,22.28,37.6298,93.96,43.1,209.23,14.31,225.75,184.9,134.76,12.8,7.34,48.6,9.02,63.41
2025-04-23,55.44,55766.58,212.51,9.12,42.46,16.55,598.27,47.96,66.5,40.65,11.07,127.82,22.45,207.96,393.5,139.34,169.04,33.81,52.39,159.42,101.3974,383.98,32.99,191.67,22.94,38.4933,95.0,46.03,216.19,14.56,227.09,202.01,143.0,13.39,7.61,50.25,9.27,61.93
2025-04-24,56.09,56382.0,208.9,10.23,43.59,16.75,613.0,48.35,67.51,38.79,11.18,128.65,22.62,207.56,397.03,141.96,166.5,34.66,53.7,160.99,101.6461,394.98,33.27,193.44,23.2,37.7672,94.25,45.43,221.57,14.62,223.1,205.2,145.99,14.46,7.62,52.34,9.33,62.63
2025-04-25,55.86,56720.12,209.52,9.98,45.59,16.63,628.86,48.93,66.51,40.05,11.67,128.8,23.85,207.17,401.3,144.99,173.86,33.91,53.94,164.19,104.1532,380.52,34.03,191.08,24.65,38.4148,92.7,47.83,220.85,15.24,224.99,209.75,147.0,14.48,7.81,53.05,9.25,61.39
2025-04-28,56.34,56980.13,205.05,10.19,46.17,16.84,619.55,49.93,67.39,39.97,12.1,128.34,23.11,207.2,392.81,148.48,176.26,34.23,53.88,167.99,105.5559,373.0,35.01,188.01,24.79,38.1793,92.5,46.87,216.92,14.7,220.19,215.37,148.59,14.43,7.73,54.1,7.98,62.49
2025-04-29,55.17,55613.43,203.16,9.8,43.81,16.81,610.11,48.07,63.3,40.0,11.93,125.5,22.4,205.22,388.84,135.62,168.28,34.08,50.59,165.26,101.6461,366.16,33.83,181.42,24.59,35.9323,90.17,47.01,209.13,13.78,213.01,214.86,141.0,13.83,7.22,53.73,7.13,60.08
2025-04-30,55.68,56259.28,206.53,9.92,43.97,16.97,619.27,47.06,59.67,41.32,12.13,126.68,22.67,206.19,397.38,136.38,164.78,34.19,50.41,168.15,101.2382,373.65,34.5,184.89,22.92,36.0206,90.31,47.7,215.79,13.24,219.43,216.95,137.9,14.23,7.14,53.62,7.32,62.13
2025-05-01,,56259.28,,,,,,,,,,,,,,,,,,,,,,,,,,,,,,,,,,,,
2025-05-02,55.25,55811.99,206.51,10.35,43.11,16.87,615.59,48.95,58.22,42.06,12.11,127.1,23.15,198.31,403.99,135.0,168.07,35.23,50.08,163.66,100.5915,372.26,34.81,184.39,23.37,37.4434,91.39,49.9,215.97,13.47,216.96,219.99,145.01,14.42,6.95,53.96,7.8,60.67
2025-05-05,55.62,55835.99,208.31,10.33,43.96,16.75,633.66,47.9,58.36,42.05,12.03,127.92,23.52,198.1,403.99,131.07,169.34,34.94,50.28,162.11,101.5366,370.3,34.61,183.44,21.72,37.5317,93.63,49.1,215.53,13.59,218.71,216.69,142.73,14.4,6.79,53.84,8.3,61.24
2025-05-06,57.07,57349.83,211.08,10.52,45.19,16.87,636.95,49.44,60.53,44.36,12.2,135.33,24.66,202.28,410.04,136.51,169.37,36.49,52.65,169.86,105.337,371.93,35.5,186.22,21.81,39.082,95.44,51.1,225.15,13.75,219.9,230.32,147.97,14.53,7.13,54.46,8.21,64.49
2025-05-07,57.59,57954.39,213.71,10.27,44.98,16.82,650.23,50.71,60.31,43.2,12.63,140.3,24.91,203.99,435.81,138.04,172.94,38.47,53.67,168.85,102.442,371.99,34.93,185.53,20.84,40.0436,94.82,51.44,236.24,13.7,217.66,234.54,150.0,14.98,7.15,54.65,8.13,65.23
2025-05-08,56.91,56866.76,208.89,10.09,44.21,16.48,638.92,49.79,59.85,41.94,12.59,136.61,25.05,198.72,426.0,132.19,174.36,37.6,51.71,162.49,101.8749,368.7,35.15,181.0,21.09,41.0837,94.5,51.46,234.62,13.75,217.6,217.01,145.99,14.81,7.15,54.1,8.02,63.0
2025-05-09,56.3,56551.18,209.06,10.44,46.44,16.6,630.21,48.41,58.77,40.97,12.45,135.9,25.28,198.85,422.01,130.81,175.0,37.03,50.05,162.47,100.9298,370.01,34.67,181.01,21.38,40.9411,95.98,53.47,231.92,13.45,218.62,222.39,144.55,14.53,7.18,54.27,7.88,62.24
2025-05-12,56.58,56765.58,210.54,10.63,46.11,16.6,643.48,48.5,58.32,40.29,12.91,136.15,25.4,196.52,421.85,127.14,178.09,37.06,50.0,164.22,103.9641,353.0,34.36,178.8,21.47,40.723,95.78,53.79,235.21,13.26,218.03,219.51,147.21,14.69,7.19,54.37,8.18,63.3
2025-05-13,56.89,57357.54,210.99,10.65,46.11,16.75,654.78,49.22,58.16,39.99,13.2,139.99,24.86,197.6,415.01,130.14,176.8,37.99,51.76,169.41,103.0687,354.99,35.12,177.75,21.64,41.8134,96.67,52.33,241.29,13.39,217.05,219.06,151.37,14.55,7.26,53.74,8.38,63.8
2025-05-14,56.9,57644.94,206.73,10.74,46.51,16.85,666.66,49.67,57.64,39.6,13.31,139.63,24.63,199.24,424.2,126.9,174.34,38.17,51.61,170.92,103.1384,355.57,35.08,175.14,21.58,41.3574,97.75,53.75,241.84,13.25,215.61,219.8,147.0,15.07,7.67,53.62,8.54,64.88
2025-05-15,57.74,57959.72,205.05,10.82,47.72,16.9,672.49,49.98,57.51,39.82,13.4,137.6,24.85,199.81,435.55,127.09,182.07,38.31,50.93,174.02,104.1631,357.0,34.84,178.99,21.34,41.3772,98.15,52.54,242.96,13.58,213.97,221.69,147.4,14.31,7.96,56.0,8.53,63.74
2025-05-16,57.73,57987.14,206.98,10.73,48.55,16.79,676.25,51.49,57.5,40.21,13.36,139.63,25.0,201.52,431.01,126.29,177.4,37.88,50.85,174.01,103.7154,359.93,34.88,180.22,21.78,41.6251,96.69,52.5,242.91,13.73,215.18,218.15,155.04,14.28,7.96,56.73,8.56,64.14
2025-05-19,58.29,58493.39,208.68,10.78,48.12,16.75,671.12,52.1,58.21,42.78,13.39,140.4,24.73,206.23,443.12,128.41,178.01,39.68,52.12,177.01,103.8646,362.17,34.99,180.38,21.59,41.8233,95.95,53.29,243.12,13.54,215.6,219.12,158.69,14.27,8.02,56.93,8.16,64.76
2025-05-20,,58311.15,208.76,10.76,47.33,16.92,657.13,50.51,55.41,42.45,13.58,139.44,24.31,207.48,439.5,125.24,179.1,38.72,50.57,172.51,103.3772,369.78,35.34,179.42,21.24,41.6647,96.27,53.55,242.91,13.35,214.98,218.12,153.92,14.34,8.07,57.09,8.3,65.5
2025-05-21,58.02,58568.01,206.7,11.0,47.51,17.0,668.0,50.87,55.69,43.29,13.58,140.18,24.2,208.16,440.34,124.21,176.53,38.15,50.27,170.99,105.1381,371.02,34.86,185.0,21.08,41.6746,95.89,50.68,243.09,13.25,213.87,219.89,151.18,14.45,8.02,57.61,8.31,65.98
2025-05-22,57.56,57894.82,207.25,11.06,46.29,16.84,656.17,50.97,55.46,42.99,13.54,139.01,24.25,204.43,436.93,125.24,175.52,38.18,49.75,171.34,103.2976,363.6,34.35,180.68,21.07,41.3772,94.43,49.39,241.47,13.25,215.74,207.31,152.86,14.21,7.99,56.36,8.34,64.91
2025-05-23,,58410.37,212.49,11.09,46.74,16.82,667.99,51.01,56.0,42.98,13.8,139.18,23.99,205.11,445.92,129.33,179.27,37.81,51.1,173.49,105.0585,365.11,34.16,183.09,21.24,40.8419,97.5,47.61,234.18,13.47,219.14,212.72,153.87,14.45,7.87,56.52,8.57,65.58
2025-05-26,57.99,58459.16,213.63,11.31,47.98,16.87,678.0,50.69,55.98,42.54,13.99,139.8,24.68,202.59,459.75,129.95,180.76,37.52,50.01,172.88,104.4616,365.22,34.11,181.94,21.25,41.7242,96.88,47.85,230.81,13.26,222.66,210.0,153.25,14.37,7.93,57.06,8.61,65.68
2025-05-27,58.22,58593.83,212.96,11.3,48.52,16.86,665.61,50.96,55.47,42.92,13.87,140.5,23.9,206.29,431.01,131.55,186.8,38.0,51.42,175.4,105.4664,366.53,34.15,184.55,22.31,41.6746,95.98,48.7,231.99,13.35,220.55,219.27,155.23,14.87,7.82,56.38,8.86,65.55
2025-05-28,58.67,58735.86,214.96,11.41,48.68,16.83,621.98,51.77,55.09,43.85,13.77,142.26,23.43,206.87,441.83,129.95,184.01,38.53,51.15,176.4,106.6901,368.01,34.2,186.87,21.8,41.407,95.24,51.15,234.5,13.65,222.0,214.41,155.97,15.11,7.8,56.76,9.0,65.7
2025-05-29,58.77,58614.41,213.09,11.25,49.24,16.69,613.93,50.92,55.17,42.63,13.58,141.66,23.31,207.23,443.32,131.9,181.49,38.15,51.11,175.98,108.7296,365.63,34.16,186.01,22.26,41.5953,94.2,51.59,234.99,13.19,219.36,213.7,152.65,15.36,7.8,56.35,9.29,65.81
2025-05-30,58.09,57841.69,213.5,10.69,48.63,16.35,622.47,50.34,54.25,42.41,13.3,142.0,23.34,206.05,445.67,123.33,181.0,38.06,48.9,172.02,106.6304,364.95,34.6,183.38,22.42,41.635,94.2,51.15,239.67,13.13,218.5,208.01,150.83,15.12,7.5,56.09,9.28,63.35
2025-06-02,58.02,57705.48,213.01,10.72,49.99,16.35,625.78,50.74,52.4,42.28,13.12,140.27,23.64,204.52,445.68,122.72,177.34,38.55,49.25,172.0,104.5113,351.62,34.54,187.47,22.63,40.6338,93.8,51.42,237.31,13.14,220.0,205.0,153.61,15.18,7.66,55.91,8.97,64.34
2025-06-03,57.68,57639.07,209.77,10.75,50.34,16.36,622.03,50.06,52.84,42.15,13.08,145.8,23.38,203.01,440.2,124.61,181.88,38.6,49.4,172.81,104.9689,352.7,33.77,187.27,21.93,40.5346,94.01,50.93,239.03,13.01,218.89,209.35,157.0,15.2,7.68,55.5,9.06,64.06
2025-06-04,57.7,57484.52,206.31,10.78,50.63,16.07,616.54,48.96,52.0,41.94,13.02,144.56,23.25,201.01,445.0,127.65,184.17,38.63,49.37,171.2,105.5758,336.92,34.21,184.9,21.83,39.9993,94.95,52.15,243.92,13.05,216.1,208.71,155.89,15.1,7.73,55.27,9.18,64.39
2025-06-05,57.71,57777.49,205.55,10.68,50.9,15.92,620.53,47.18,52.21,42.15,13.06,145.3,23.39,202.16,450.0,125.52,183.28,39.47,49.61,171.56,107.8541,334.99,33.9,184.87,22.04,40.1778,95.7,52.65,246.31,13.23,219.43,202.38,156.52,15.05,7.71,54.77,9.22,65.28
2025-06-06,58.12,58061.41,203.11,10.84,49.1,16.16,619.57,46.66,52.21,42.3,12.88,146.49,23.34,204.14,458.5,127.8,184.35,40.07,49.12,171.68,107.4462,332.82,34.16,184.23,22.24,42.1802,97.69,54.52,247.81,13.35,218.11,210.27,155.8,15.19,7.73,54.34,9.38,63.92
2025-06-09,57.83,57813.38,203.25,10.83,49.46,15.97,606.2,47.14,50.97,41.26,12.9,144.26,23.23,199.42,451.99,126.99,185.75,40.3,47.62,173.32,108.441,326.13,34.36,186.01,21.8,41.288,97.13,55.16,246.84,13.35,221.94,205.62,157.17,15.04,7.65,53.96,9.47,64.49
2025-06-10,,58098.51,202.38,10.85,49.78,16.26,611.21,47.55,51.63,41.08,13.23,144.9,23.42,200.86,451.92,127.23,185.4,41.21,48.5,174.56,106.2921,327.41,34.66,184.19,21.74,40.8518,95.54,55.42,253.62,13.39,222.45,209.05,160.06,15.07,7.66,53.88,9.33,64.71
2025-06-11,57.9,57767.33,204.19,10.68,50.54,16.14,606.15,46.91,50.93,41.5,13.22,142.83,22.92,201.3,449.45,128.15,185.0,40.89,47.7,172.25,106.0832,327.09,33.5,184.94,21.86,40.3364,94.82,55.25,251.64,13.42,221.0,208.13,159.64,14.84,8.16,53.41,8.91,63.68
2025-06-12,57.57,57829.74,201.71,10.88,50.13,16.37,601.0,47.32,51.73,41.82,13.26,143.86,22.86,199.92,440.99,127.77,186.0,41.17,48.2,175.0,106.3916,330.54,33.7,186.69,21.25,39.9398,94.52,54.32,248.0,13.35,221.61,213.01,158.81,14.44,8.53,53.1,8.9,63.02
2025-06-13,57.24,57438.57,201.5,10.4,50.73,16.45,595.35,46.41,51.69,41.9,12.86,145.63,23.05,200.52,435.07,127.5,182.02,39.85,48.41,173.61,105.4763,330.0,34.13,181.42,20.66,39.0477,95.0,52.96,247.45,13.21,219.6,202.21,160.48,14.55,8.35,52.69,8.54,62.75
2025-06-16,56.95,57046.85,200.07,10.54,50.79,16.48,593.75,46.48,51.53,43.18,13.01,144.48,22.43,197.82,431.54,130.0,183.11,39.59,47.78,170.17,105.7052,328.05,34.58,183.88,20.8,38.4132,92.4,52.96,246.55,13.05,219.52,202.61,158.02,14.13,8.57,52.48,8.68,61.47
2025-06-17,56.18,56676.82,198.81,10.42,50.79,16.32,587.01,45.13,51.56,42.99,12.96,142.2,22.12,195.15,424.15,126.4,178.65,39.27,47.21,169.52,106.4513,327.28,34.43,181.43,21.35,38.8296,92.78,52.65,240.99,12.85,216.79,197.53,158.38,13.97,8.71,51.92,8.39,61.1
2025-06-18,56.38,56729.57,197.91,10.13,51.18,16.35,580.01,45.73,51.32,43.28,13.06,145.19,21.76,193.45,424.8,132.05,180.02,38.84,48.07,170.68,107.9635,321.51,34.08,178.81,20.78,39.0179,92.46,51.74,238.78,12.8,217.38,193.92,155.02,13.69,8.63,52.34,8.18,61.9
2025-06-19,55.82,56068.16,202.2,10.02,50.75,16.17,572.99,46.31,51.78,43.12,12.91,144.55,22.12,191.68,407.01,131.74,180.11,38.8,47.03,168.81,104.4715,322.47,34.84,183.99,21.09,38.1753,92.33,51.81,236.01,12.62,212.65,193.5,159.98,13.49,8.74,52.11,8.05,60.69
2025-06-20,56.01,56264.69,207.21,9.99,51.08,16.29,576.58,45.35,52.37,41.71,12.94,146.11,23.05,191.78,413.64,129.36,176.07,37.88,49.71,168.89,104.1532,323.13,33.93,181.05,20.7,39.9498,93.98,50.61,240.82,13.0,216.42,189.54,157.25,14.06,8.72,51.4,7.99,60.86
2025-06-23,55.73,56080.06,200.03,9.87,51.14,16.24,575.66,44.97,52.22,41.99,12.99,146.98,22.25,192.64,414.8,130.2,177.58,38.12,47.62,166.92,104.4118,323.0,34.12,182.38,20.62,39.9795,93.85,50.52,243.51,11.73,212.58,191.0,159.25,13.67,9.1,51.7,8.31,61.0
2025-06-24,56.17,56743.28,197.51,9.97,51.34,16.35,580.18,44.91,52.17,43.35,13.21,147.4,22.24,192.39,417.62,128.48,180.62,39.1,47.75,171.54,106.4513,324.72,34.51,179.05,21.24,41.1889,96.7,51.17,243.48,12.19,211.86,194.0,160.65,14.0,9.47,52.01,8.41,62.97
2025-06-25,56.2,56933.19,196.16,10.08,51.13,16.4,586.5,45.25,53.44,42.96,12.79,151.6,22.22,190.09,423.06,138.5,183.13,39.17,48.68,174.49,108.0133,323.01,34.31,174.01,20.56,40.9113,96.0,52.44,244.72,12.3,213.56,190.78,160.99,13.83,9.33,50.75,8.27,63.87
2025-06-26,56.77,57474.19,198.74,10.18,51.14,16.51,591.98,46.22,53.56,44.0,12.96,150.76,22.53,192.02,424.41,139.03,182.26,39.98,49.16,173.4,112.9677,323.72,34.14,176.46,20.9,42.5172,102.33,52.07,241.06,12.49,215.0,192.9,158.38,13.51,9.11,51.19,8.54,63.58
2025-06-27,56.78,57391.51,196.93,10.38,50.93,16.47,592.26,45.36,53.01,43.44,12.86,148.07,22.55,192.28,426.52,133.63,180.08,41.45,49.32,174.5,112.0723,325.16,33.96,178.26,20.72,40.7924,103.0,52.59,246.2,12.85,212.55,190.29,158.45,13.48,8.66,51.47,8.81,64.1
2025-06-30,56.95,57450.88,198.8,10.26,51.1,16.8,599.0,45.3,52.34,43.05,12.99,148.59,22.74,193.04,429.56,133.76,180.29,40.04,48.49,172.19,112.6693,323.63,34.4,181.77,20.45,40.4851,101.63,52.51,246.8,13.12,211.64,192.89,155.0,13.85,8.35,51.63,8.86,62.08
2025-07-01,57.5,57813.82,197.2,10.25,51.17,16.76,599.97,46.09,52.18,43.0,13.28,149.58,22.85,193.76,437.0,136.18,182.01,41.89,49.48,172.97,113.5646,323.61,34.64,179.01,20.53,41.1889,100.57,53.24,250.79,13.0,211.71,191.99,158.33,13.87,8.52,51.2,8.96,62.69
2025-07-02,57.56,58346.72,194.86,10.4,51.73,16.99,601.06,46.09,52.38,42.94,13.47,149.93,23.1,198.73,441.99,137.85,184.62,41.0,50.85,175.59,114.2511,324.51,34.52,182.16,20.64,41.1393,101.41,52.85,255.48,13.12,214.05,187.97,160.27,14.26,8.7,51.55,8.99,62.57
2025-07-03,57.27,57890.99,196.69,10.39,50.3,16.83,592.87,45.48,52.31,43.83,13.49,149.63,23.51,199.39,432.0,135.22,181.02,42.86,51.02,173.01,112.7986,324.07,34.4,181.16,20.35,40.9411,102.72,55.89,251.04,13.34,216.39,185.86,160.5,15.04,8.75,51.4,8.96,61.29
2025-07-04,57.39,57977.76,197.94,10.28,50.6,16.98,602.7,45.18,52.11,42.98,13.44,149.97,23.04,197.24,435.88,136.27,185.49,41.24,50.8,171.97,111.555,324.43,34.53,182.04,20.61,40.6437,102.18,55.61,258.82,13.27,214.9,190.83,159.32,14.75,8.8,51.4,9.01,60.97
2025-07-07,,57423.4,193.02,10.21,49.85,16.81,589.02,45.07,50.97,42.7,13.33,148.78,22.55,197.14,428.78,133.01,183.54,40.64,50.62,173.75,112.8284,316.54,34.59,182.54,20.31,40.9708,101.92,55.72,257.75,13.27,216.75,190.8,158.48,14.19,8.5,51.1,8.72,59.55
2025-07-08,56.2,57183.32,188.44,9.97,49.0,16.54,568.74,45.35,51.38,42.27,13.37,150.7,22.47,194.59,426.23,136.7,180.54,41.66,50.96,174.36,113.2662,320.06,34.07,175.12,20.52,41.0402,99.51,55.42,257.86,13.29,213.26,193.6,158.86,14.19,8.33,49.71,8.21,58.7
2025-07-09,55.5,56687.54,184.54,9.84,49.08,16.45,566.8,42.72,50.69,42.97,13.7,150.5,22.35,190.86,423.26,135.95,176.76,43.25,51.33,172.49,110.7293,323.0,34.27,167.11,19.97,41.1591,98.75,56.79,259.52,13.23,208.93,196.01,146.0,13.8,8.29,48.96,8.5,58.48
2025-07-10,55.69,56739.9,185.26,9.82,47.93,16.42,583.76,43.51,50.66,42.55,13.75,144.39,22.54,188.85,433.96,137.29,173.32,41.52,48.65,166.0,114.4103,323.77,34.13,167.81,19.96,40.7924,98.36,53.12,263.27,13.31,232.89,193.21,144.86,13.94,8.12,48.44,8.94,58.79
2025-07-11,55.51,56593.65,187.46,9.99,48.0,16.33,575.67,43.37,50.72,41.97,13.73,146.98,22.14,187.56,428.9,136.27,173.82,41.86,50.01,162.98,114.6689,327.76,35.26,167.02,20.16,39.8804,97.52,55.08,263.01,13.12,231.7,192.95,143.53,14.06,8.15,48.2,9.21,58.54
2025-07-14,55.23,56362.67,189.19,10.05,47.51,16.31,572.23,42.9,50.58,42.38,13.81,148.91,22.82,184.82,427.99,137.48,176.0,42.21,50.35,161.39,113.5646,327.74,35.24,167.25,19.95,39.9398,97.25,56.88,263.72,13.07,226.78,191.9,144.5,13.99,8.14,47.05,9.17,57.65
2025-07-15,55.64,56482.91,190.02,9.83,47.34,16.3,574.25,43.37,50.72,42.45,13.71,147.6,22.2,184.77,430.65,135.74,176.3,42.9,50.37,162.51,112.908,326.33,36.4,167.0,20.2,39.6722,97.05,55.89,264.93,13.18,227.3,188.5,147.4,14.34,8.06,47.8,8.85,57.5
2025-07-16,55.45,56503.04,190.66,9.92,47.27,16.39,582.45,43.25,50.16,40.91,13.76,146.73,21.38,186.18,429.08,136.11,172.01,41.66,50.12,164.6,112.6096,327.88,35.77,167.1,20.91,40.148,95.65,57.18,263.39,12.88,225.89,185.5,143.2,14.52,8.1,48.45,8.75,57.3
2025-07-17,55.53,56714.92,194.62,9.93,47.8,16.28,591.93,43.51,50.76,41.88,14.53,145.92,21.35,188.35,430.01,138.5,174.08,42.63,50.99,163.09,112.918,330.56,35.89,171.6,20.6,39.7515,95.5,55.0,264.02,12.65,227.78,189.79,145.83,14.84,7.9,48.32,8.87,53.3
2025-07-18,55.28,56273.45,196.61,9.99,47.56,16.0,583.09,43.11,50.4,41.4,14.27,144.87,21.26,186.2,424.21,143.61,175.47,42.46,50.45,161.21,113.4453,325.53,35.52,169.62,20.45,39.1567,93.63,53.99,260.67,12.32,226.93,192.87,140.9,14.63,7.82,48.48,8.51,53.49
2025-07-21,54.7,55841.3,196.19,9.83,47.5,15.99,578.01,42.78,49.81,41.05,14.39,145.65,21.53,186.49,426.3,140.37,171.83,42.0,50.41,159.55,113.9924,325.02,35.11,168.41,21.28,39.2558,94.85,53.7,259.99,12.22,226.25,175.01,140.12,14.27,7.98,47.76,8.39,50.88
2025-07-22,54.37,55517.81,193.3,10.15,47.78,15.85,564.81,42.29,49.42,41.62,14.72,140.59,21.28,183.38,408.0,132.0,167.0,40.22,48.94,159.95,116.4796,318.3,35.11,166.45,20.67,38.443,94.4,54.43,249.11,12.4,223.52,171.45,141.51,14.19,8.85,47.57,9.48,51.54
2025-07-23,54.95,56478.9,194.23,9.8,55.0,16.59,572.92,43.83,50.74,40.71,14.78,144.98,22.18,180.71,412.18,138.81,166.05,41.74,49.97,165.32,118.6285,326.59,35.32,158.58,20.91,40.376,93.85,56.02,249.25,12.29,227.2,169.0,143.09,14.49,9.0,48.66,10.01,53.99
2025-07-24,55.4,57035.9,193.99,9.7,53.9,17.0,568.0,42.41,50.0,41.11,15.29,144.59,23.7,181.56,415.52,139.15,175.2,44.93,50.45,169.49,118.3898,322.0,35.25,161.19,20.65,39.4541,94.61,55.16,251.25,12.41,222.27,172.81,140.48,13.8,8.95,49.33,9.84,54.93
2025-07-25,55.6,57323.14,195.92,9.58,56.65,17.12,564.08,43.25,54.08,39.98,15.54,147.7,23.69,182.62,415.38,140.0,180.54,43.54,50.55,167.8,117.8426,329.34,34.42,158.66,20.9,39.3946,96.0,54.6,248.27,12.81,222.72,172.97,143.87,14.1,8.71,49.39,10.07,55.27
2025-07-28,55.28,57083.56,198.62,9.26,56.75,17.0,565.09,43.19,55.49,39.85,15.74,148.74,24.58,172.78,415.17,137.76,180.26,45.35,49.63,163.91,119.9716,332.88,34.64,155.98,21.56,39.6524,96.42,54.27,239.14,12.41,227.14,174.99,144.69,13.73,8.57,50.98,10.32,55.59
2025-07-29,55.93,57820.78,197.17,9.1,56.0,17.1,569.94,44.9,56.35,40.07,16.17,150.0,23.9,172.81,428.03,137.84,178.51,46.0,49.55,165.56,122.7772,329.8,34.98,155.61,22.11,40.0489,93.83,54.61,246.06,12.79,228.0,181.35,149.2,13.62,9.28,52.16,10.32,56.66
2025-07-30,55.9,57395.85,194.57,9.12,56.49,17.08,565.27,43.6,55.59,40.29,16.09,152.5,23.9,169.24,431.45,133.1,173.27,43.72,48.74,167.17,118.3898,325.0,35.12,157.09,21.38,40.2769,92.5,51.66,248.06,12.61,224.7,177.01,148.1,13.4,10.52,52.22,10.87,56.88
2025-07-31,55.59,57397.93,196.68,9.03,56.56,17.06,572.01,42.4,54.77,40.37,16.46,152.65,23.64,170.55,434.24,134.1,176.38,42.78,48.58,168.01,117.0865,324.97,35.32,156.8,21.78,40.1778,92.08,52.04,251.0,12.83,222.99,170.95,145.86,13.76,10.4,53.17,11.03,55.6
2025-08-01,55.59,56900.07,196.32,9.1,55.28,16.94,574.44,42.21,54.83,40.97,15.84,152.88,23.63,168.07,430.51,130.09,175.23,42.35,47.96,165.56,118.0217,325.48,35.56,157.54,21.25,40.9411,91.54,52.47,248.29,12.67,230.19,168.6,143.07,13.75,10.16,53.0,10.8,55.34
2025-08-04,55.24,56650.26,196.34,9.0,54.9,16.98,570.29,41.86,54.0,40.37,15.51,151.4,23.97,166.86,430.28,128.9,173.83,41.69,47.88,164.13,121.4838,323.02,35.25,157.05,21.0,41.0798,91.27,51.77,246.05,12.58,231.98,168.5,141.9,13.56,9.67,53.05,10.58,53.96
2025-08-05,55.48,57071.56,198.78,8.79,55.73,16.98,573.39,42.48,54.17,40.78,15.6,151.57,23.28,167.21,436.98,128.7,174.35,42.75,48.59,168.66,120.2203,325.02,35.88,155.45,21.18,40.7924,91.4,51.98,249.23,12.23,237.99,168.27,142.14,13.6,9.1,52.79,10.58,54.32
2025-08-06,55.42,57154.22,198.71,8.85,55.8,16.86,581.21,41.79,54.43,40.49,15.59,153.39,22.97,164.1,444.65,129.3,176.85,42.95,49.81,167.95,119.0762,320.61,35.7,156.01,21.58,41.7936,90.1,51.49,250.9,12.37,237.73,168.75,140.49,13.57,8.99,52.62,10.87,53.91
2025-08-07,56.16,58260.88,199.02,8.85,56.98,17.65,581.2,42.39,55.19,40.04,16.0,159.88,23.34,164.86,450.4,133.0,177.11,42.73,50.6,167.51,121.3445,323.99,36.77,159.79,21.78,42.3091,90.02,52.35,253.77,12.34,246.5,167.69,142.5,13.99,9.12,53.33,10.87,56.93
2025-08-08,56.37,58070.17,197.24,8.71,56.73,17.73,579.4,42.79,54.87,40.0,16.06,158.99,23.43,161.59,448.01,133.0,177.37,42.66,50.56,168.03,122.2698,323.75,36.7,157.35,21.75,41.516,90.41,52.21,248.95,12.25,235.01,166.26,142.87,14.06,8.91,52.93,10.39,56.25
2025-08-11,56.35,58342.87,196.52,8.69,56.7,17.75,584.52,42.61,54.5,39.7,16.18,159.59,23.2,161.19,455.25,132.14,178.59,42.34,50.8,169.71,122.7175,324.99,36.78,159.47,22.67,41.8828,90.5,52.08,244.75,12.2,240.77,166.74,143.46,14.5,8.73,52.98,10.53,56.16
2025-08-12,56.82,58675.04,196.86,8.69,56.27,17.72,601.03,43.21,54.5,39.56,16.23,155.85,23.01,160.13,464.82,130.0,175.67,42.9,50.69,169.62,128.5474,323.61,36.5,158.09,23.14,42.6362,90.9,51.71,249.68,12.3,242.36,171.35,145.8,14.19,8.61,53.06,11.11,56.19
2025-08-13,56.73,58477.57,197.69,9.02,55.9,17.67,602.01,42.7,55.59,39.24,16.18,156.9,23.52,159.8,455.57,129.72,174.96,43.05,50.24,168.68,126.9556,329.27,36.26,159.0,22.48,41.9423,89.6,52.25,244.29,12.51,239.48,171.04,145.87,14.35,8.82,53.9,11.05,56.6
2025-08-14,56.57,58167.27,195.42,8.8,55.65,17.68,601.91,42.68,56.06,38.5,16.0,155.38,22.75,159.18,459.51,128.44,175.11,42.46,49.8,168.89,127.3635,326.98,36.1,157.03,21.46,40.148,89.9,51.6,245.17,12.28,242.02,168.57,145.26,14.18,8.91,53.72,11.04,56.07
2025-08-15,56.92,58320.48,198.75,8.84,55.54,17.88,611.3,42.7,56.71,38.97,15.96,155.49,22.29,159.69,467.0,131.39,175.65,43.46,49.57,167.0,126.5776,327.94,35.65,158.01,21.08,41.5358,90.15,51.75,250.79,12.49,236.18,168.78,144.62,14.07,9.19,53.45,10.94,56.66
2025-08-18,56.82,58319.7,198.21,8.67,56.2,17.93,614.82,42.84,56.55,38.35,16.19,158.5,21.97,160.25,472.45,128.59,176.96,43.2,48.54,165.9,127.3337,327.74,35.89,157.77,21.16,42.0315,90.8,52.1,249.49,12.55,234.0,167.05,144.55,13.95,9.34,53.46,11.45,56.01
2025-08-19,57.15,58462.79,200.77,8.57,55.89,17.95,616.86,42.06,57.67,38.57,16.24,159.38,21.6,159.21,473.4,128.65,175.5,42.22,48.55,167.1,126.8661,329.89,36.58,155.7,21.04,41.8233,91.86,52.36,252.0,12.61,232.21,170.24,142.06,14.13,9.22,53.52,11.37,57.27
2025-08-20,56.85,58221.47,197.6,8.62,55.5,17.9,603.05,41.96,57.9,38.21,16.2,158.66,21.0,161.9,469.53,125.87,173.02,42.7,48.52,165.41,123.8516,330.32,36.31,156.57,21.32,41.3872,90.3,52.16,252.99,12.58,233.62,173.9,142.89,14.01,8.89,52.83,11.18,57.49
2025-08-21,57.18,58663.97,202.39,8.75,55.5,18.22,618.05,42.03,58.28,38.1,16.46,157.51,20.5,163.65,463.9,125.03,171.96,43.28,48.23,166.13,124.16,329.89,36.01,160.3,21.6,41.1988,91.22,52.7,251.77,12.6,232.81,173.5,143.97,14.07,8.83,52.68,11.06,57.68
2025-08-22,57.62,59225.48,201.22,9.05,55.25,18.73,612.62,42.13,58.39,38.34,16.53,158.48,20.1,165.54,458.29,126.85,174.5,42.89,48.76,169.14,126.8462,330.37,36.0,162.19,22.21,41.6052,90.89,53.16,248.88,13.25,235.56,171.35,145.85,14.15,9.18,53.04,11.05,57.37
2025-08-25,56.98,58492.13,200.31,8.88,54.63,18.75,602.74,41.8,58.82,37.97,16.51,156.49,19.8,164.84,456.25,126.07,173.11,42.24,48.81,166.04,124.359,325.93,35.97,161.16,21.92,41.3078,91.24,53.59,243.72,13.32,234.12,168.65,142.66,14.09,9.25,52.38,11.2,55.91
2025-08-26,56.45,58132.4,194.83,8.93,53.92,18.67,609.24,42.23,58.11,38.0,16.72,151.8,20.16,162.47,450.81,122.32,177.63,42.5,49.05,165.99,123.7621,320.6,34.4,161.58,22.11,41.9819,91.34,53.8,243.53,14.0,234.58,167.05,140.2,13.99,9.23,51.05,11.37,55.21
2025-08-27,56.59,58647.52,196.88,8.96,55.87,18.62,612.23,43.55,58.35,37.93,16.65,150.8,21.0,162.36,453.56,123.93,176.3,43.24,48.91,168.49,124.1799,324.0,35.69,162.05,22.06,41.0402,91.19,55.04,245.06,13.74,233.79,167.31,145.57,14.19,9.98,51.75,11.39,55.67
2025-08-28,57.19,59151.68,197.3,8.86,55.3,18.82,612.98,44.86,58.04,38.0,16.86,151.99,21.53,163.65,458.92,125.0,174.91,45.07,49.94,171.9,123.0259,324.42,35.3,160.53,22.43,41.3376,91.8,54.47,242.08,14.22,236.0,170.14,145.19,14.3,10.21,52.1,11.49,55.6
2025-08-29,58.45,58708.86,190.71,8.8,53.88,18.64,607.02,44.47,58.08,38.12,16.92,150.3,21.75,161.9,447.16,124.1,174.78,45.76,49.08,170.01,121.8022,320.86,35.14,158.21,22.32,41.9026,92.28,54.0,237.8,14.68,234.25,168.21,145.0,14.04,10.34,51.34,11.47,55.76
2025-09-01,,58865.03,194.9,8.7,53.95,18.31,609.58,43.73,57.83,38.3,16.7,150.42,21.63,163.9,452.59,124.65,176.0,45.5,50.74,168.75,122.6677,326.64,35.2,159.6,22.45,41.635,92.01,56.28,241.41,14.54,234.07,170.0,146.49,13.82,10.31,51.66,11.47,56.09
2025-09-02,57.34,59747.88,192.51,8.72,54.69,18.65,618.11,46.01,59.42,37.99,17.15,150.02,21.14,162.14,455.41,127.87,176.6,45.73,50.99,173.75,123.9312,326.99,35.61,157.35,23.05,41.5358,92.11,55.17,242.62,14.91,245.0,170.49,150.03,13.92,10.53,51.82,11.45,56.86
2025-09-03,56.85,59651.57,190.88,8.57,55.7,18.23,618.34,47.44,60.14,37.88,17.17,150.28,20.99,156.48,452.5,124.55,177.99,46.86,50.72,172.19,126.3487,327.67,36.3,151.79,22.39,41.5358,92.47,55.14,238.33,15.29,249.05,170.0,150.3,13.91,10.51,51.72,11.51,55.94
2025-09-04,57.25,59867.62,192.81,8.53,55.3,18.28,629.0,47.61,61.28,37.97,17.34,150.8,21.18,160.01,462.62,128.35,176.71,45.93,50.84,172.66,126.1498,329.9,36.27,156.29,22.42,41.635,92.35,56.05,241.22,14.78,245.18,171.12,145.92,13.86,10.65,51.89,11.42,56.31
2025-09-05,57.52,60479.76,189.18,8.55,55.5,18.27,636.66,48.33,63.38,37.88,17.6,150.0,21.26,159.71,466.8,132.0,175.88,45.7,51.6,175.35,126.8462,331.13,36.9,156.0,22.66,41.9324,92.8,56.6,246.74,14.98,246.68,173.61,146.62,14.0,10.99,52.7,11.51,57.0
2025-09-08,57.86,60649.76,189.28,8.24,55.25,18.39,631.37,48.14,62.82,37.82,17.68,148.88,20.62,162.29,467.56,128.15,174.76,45.65,50.92,173.85,127.7714,331.68,36.98,157.89,22.63,42.2793,92.65,57.52,247.47,15.33,243.0,179.66,147.13,14.09,10.51,52.85,11.19,56.8
2025-09-09,57.96,60679.53,183.08,8.24,55.83,18.4,635.8,46.71,63.05,38.06,17.45,149.92,20.62,162.25,468.99,126.38,172.8,45.88,51.05,174.98,130.4377,331.06,37.05,156.73,21.52,42.3289,93.7,57.58,250.31,15.75,243.89,175.64,146.49,14.23,10.37,52.15,11.15,56.4
2025-09-10,57.69,60489.19,182.0,8.22,56.39,18.39,626.08,47.01,62.44,38.13,17.0,149.48,20.46,161.65,458.7,123.03,173.68,46.28,50.5,176.45,130.955,333.95,37.31,157.52,21.12,42.319,92.5,59.05,248.22,15.75,245.76,168.0,147.4,14.14,10.21,52.21,11.48,56.26
2025-09-11,58.63,61553.58,185.1,8.28,57.46,18.63,640.0,47.64,63.47,38.26,17.49,148.95,20.65,167.3,475.0,127.74,176.73,45.61,51.74,180.36,132.9149,335.85,37.35,161.28,21.22,42.4082,93.02,59.31,253.87,15.69,250.4,173.01,150.5,14.49,10.15,51.86,11.51,55.48
2025-09-12,59.11,61798.94,186.96,8.13,57.16,18.72,638.57,48.04,65.15,38.2,17.27,150.4,21.26,170.4,469.53,127.02,176.99,45.26,52.3,182.0,134.3575,337.67,37.85,158.16,20.44,42.6659,93.51,59.13,257.11,15.85,251.56,171.5,152.51,14.79,10.45,51.55,11.3,55.24
2025-09-15,59.26,62102.13,189.5,8.09,57.44,18.72,626.44,48.33,65.01,38.49,17.47,149.99,21.02,173.14,461.0,130.7,177.89,45.89,53.22,185.46,136.2975,340.54,37.96,160.34,20.3,42.6659,93.4,58.64,250.03,15.88,250.16,167.58,155.59,14.75,10.37,50.03,11.4,56.87
2025-09-17,58.72,61596.23,186.71,8.15,58.34,18.71,616.7,47.89,65.01,38.7,17.28,149.95,21.0,170.07,456.59,131.81,175.42,49.18,52.09,186.46,134.3674,337.39,37.36,153.91,20.0,42.7155,94.2,59.2,244.64,15.8,247.98,161.2,151.94,14.56,10.25,49.43,12.09,56.78
2025-09-18,58.4,61323.95,186.55,8.27,58.47,18.75,619.6,48.28,65.05,38.47,17.11,149.99,21.01,170.42,463.44,132.0,174.4,49.0,52.53,184.51,132.4971,334.61,37.73,152.5,19.77,42.5272,93.5,58.75,247.7,16.21,249.94,161.01,152.5,14.74,9.98,48.64,12.3,56.66
2025-09-19,58.5,61200.27,190.29,8.92,56.42,18.45,619.95,47.39,64.77,38.88,16.63,149.06,20.8,177.02,461.12,136.28,174.75,48.44,50.8,181.22,132.8254,330.39,36.5,155.35,20.5,40.0191,93.21,59.97,247.34,16.2,245.08,162.03,154.13,14.33,9.89,49.69,12.43,57.36
2025-09-22,59.11,62004.11,189.21,9.3,57.78,18.84,626.01,46.91,64.72,38.4,16.91,148.23,20.75,178.09,466.22,132.99,174.6,49.51,51.52,184.87,136.1084,336.52,37.17,155.75,19.61,40.7825,94.0,62.89,244.8,16.34,248.7,165.51,155.33,14.58,10.09,50.54,12.72,56.21
2025-09-23,59.6,62368.19,190.6,9.8,58.87,19.48,630.9,46.92,64.2,38.77,16.75,148.4,20.25,180.43,466.03,133.8,175.52,50.62,52.34,182.7,135.8299,336.1,37.29,156.82,19.55,41.516,94.87,62.62,248.34,16.37,252.92,164.11,157.4,14.8,10.12,51.6,12.7,56.8
2025-09-24,59.08,61905.95,190.51,9.65,58.97,18.87,613.15,46.9,63.61,38.11,16.56,145.76,20.48,180.36,452.66,127.52,176.51,49.8,51.32,180.1,142.1374,334.0,36.7,155.03,18.78,39.9597,94.05,58.39,240.28,16.12,250.78,165.71,161.01,14.62,9.9,51.34,12.44,56.8
2025-09-25,59.15,61945.04,187.89,9.35,60.78,18.92,622.48,45.85,64.25,38.16,16.64,145.92,19.89,179.24,458.0,131.26,175.1,47.11,51.83,175.01,146.2462,333.87,36.37,154.69,18.01,41.5755,92.84,58.19,242.79,16.22,246.08,167.82,158.85,14.7,10.09,51.3,12.43,56.1
2025-09-26,59.39,62307.07,189.35,9.43,61.62,19.11,623.28,45.57,65.14,38.13,16.52,146.49,19.95,181.13,456.01,133.5,174.61,46.44,50.94,180.57,147.261,341.56,37.04,154.55,18.84,41.5458,92.23,59.01,239.06,16.57,244.26,170.9,156.19,14.85,9.84,51.26,12.45,55.94
2025-09-29,59.91,62610.12,189.36,9.29,59.94,19.15,596.31,45.73,64.9,37.02,16.62,147.5,19.4,182.6,447.96,128.55,172.29,47.36,50.51,180.61,156.4038,334.8,37.68,153.0,19.05,40.9411,91.14,58.0,237.29,16.86,245.13,165.99,156.4,14.83,9.71,51.67,12.58,56.3
2025-09-30,59.96,62915.57,192.35,9.94,60.88,19.22,591.49,46.17,65.06,38.3,16.46,145.56,19.42,180.45,431.32,132.09,173.32,47.67,50.55,183.93,158.5428,340.99,38.56,151.95,19.22,41.9225,92.12,59.52,236.37,17.79,250.68,166.98,164.44,14.69,9.85,51.96,13.14,56.58
2025-10-01,59.03,61929.72,191.32,10.03,59.55,19.0,576.51,44.55,64.19,37.44,16.29,142.63,19.5,175.39,427.22,128.65,168.99,47.39,49.02,181.81,155.6975,336.0,37.12,150.76,19.34,43.0823,91.05,57.6,233.84,18.7,248.3,162.43,159.87,14.25,9.57,50.93,12.66,55.39
2025-10-02,59.23,62220.31,190.15,9.96,59.52,19.41,587.03,45.14,65.12,37.72,16.67,141.0,19.35,177.7,427.96,126.84,171.39,45.96,49.31,181.51,157.1997,336.41,37.56,151.67,19.12,41.4367,91.14,54.96,235.04,18.4,245.11,166.0,161.98,14.37,9.43,50.25,12.87,55.88
2025-10-03,59.12,61984.43,190.77,10.09,58.39,19.27,580.37,44.46,64.47,36.92,16.68,142.43,19.3,175.93,421.62,128.32,167.37,45.25,48.58,180.01,159.6272,333.6,37.98,149.28,18.97,40.8419,90.41,55.1,232.42,17.49,238.05,169.0,158.0,14.27,9.38,49.8,12.74,55.5
2025-10-06,57.6,60404.19,189.08,10.56,57.75,19.12,582.11,45.21,65.23,36.97,16.49,140.03,19.29,174.82,417.03,131.07,167.3,45.68,49.11,175.79,135.7005,332.48,38.17,152.35,18.77,40.2571,89.6,53.69,233.26,17.25,240.5,168.52,162.73,14.95,9.37,49.02,12.66,54.63
2025-10-07,57.44,60215.75,184.21,10.31,55.69,19.03,578.89,45.41,63.14,37.26,16.71,139.19,19.25,173.51,423.25,130.83,166.85,45.46,48.67,174.61,137.1232,332.68,37.46,150.91,18.44,39.4541,87.78,52.99,234.26,17.06,236.2,170.05,154.98,14.69,9.27,48.4,12.4,54.74
2025-10-08,58.08,60888.56,182.95,10.05,56.41,19.37,586.19,45.45,60.99,36.71,16.96,139.26,19.07,175.94,422.27,127.55,165.55,46.2,48.16,176.75,140.2869,322.0,37.0,154.23,18.12,40.3165,88.2,53.05,239.17,16.54,234.31,175.9,151.11,14.75,9.04,48.65,12.54,55.85
2025-10-09,57.98,60819.31,180.1,9.71,55.4,19.47,576.37,45.72,62.14,36.35,16.77,139.15,19.14,175.11,415.98,130.99,164.46,44.69,48.4,176.61,143.9679,319.57,37.06,152.78,17.96,39.9101,88.16,51.68,237.29,16.23,233.29,174.84,146.38,14.81,9.04,48.04,12.38,56.67
2025-10-10,57.9,60568.93,178.4,9.75,54.13,19.6,580.0,44.82,60.97,36.08,16.97,139.0,19.15,173.94,419.55,123.18,163.66,43.05,47.76,174.23,144.5052,316.72,36.85,152.55,17.72,40.0588,89.19,50.51,243.38,15.84,230.53,174.23,142.04,14.28,8.77,47.72,12.26,56.33
2025-10-13,57.75,61045.09,179.87,10.01,55.23,19.66,574.86,45.63,61.18,35.52,17.17,135.62,19.99,171.36,411.49,127.13,165.69,45.31,49.75,177.15,147.5196,322.0,36.52,151.46,17.29,40.951,87.91,51.59,238.35,15.96,235.0,169.98,143.01,14.51,8.77,48.1,12.62,56.89
2025-10-14,57.58,60785.62,176.91,9.86,54.16,19.36,566.74,45.66,61.55,35.5,17.67,130.13,20.52,170.42,413.65,125.14,164.12,45.39,48.29,173.09,148.3155,316.98,36.41,148.83,17.04,39.9398,88.5,52.41,237.14,15.83,232.73,164.51,139.47,14.66,8.92,47.95,12.88,58.1
2025-10-15,58.17,61637.54,178.27,10.0,54.85,19.84,566.22,45.81,60.81,35.89,18.16,132.49,21.93,171.55,417.33,123.17,163.24,45.69,47.8,175.57,147.9773,316.0,36.26,150.65,17.05,40.5842,87.44,53.74,239.02,19.22,233.0,171.42,138.81,14.5,9.05,48.42,12.97,60.96
2025-10-16,59.36,62544.56,182.28,10.45,54.6,20.71,559.19,45.99,62.69,35.46,17.89,132.51,21.4,176.22,409.0,127.99,163.0,45.46,49.14,177.84,150.0764,319.19,36.85,157.99,17.4,41.2583,87.77,53.78,236.83,19.53,242.47,169.39,135.92,14.7,9.05,48.48,13.2,62.39
2025-10-17,58.83,61743.92,179.36,10.06,54.21,20.6,559.53,44.57,62.15,34.36,17.7,132.81,21.6,176.78,407.37,123.75,161.0,44.92,48.1,172.76,147.8081,316.59,35.93,157.69,17.27,40.5842,87.25,53.28,240.2,18.13,232.59,162.35,130.46,14.51,8.82,48.68,12.85,61.8
2025-10-20,,61672.35,178.78,10.3,54.5,20.5,557.33,44.65,62.5,34.3,17.61,132.5,21.98,176.5,403.62,124.12,159.28,44.44,47.6,170.71,152.0363,314.59,35.44,154.59,17.33,40.8518,86.8,54.0,236.82,18.22,231.01,157.0,133.47,14.57,9.06,49.39,12.6,61.73
2025-10-21,58.08,60773.78,177.32,9.89,53.49,20.48,554.0,45.26,60.96,34.31,16.82,129.17,20.94,171.52,387.04,122.44,156.56,44.58,46.83,173.19,149.0517,314.5,35.05,155.49,17.14,39.7515,85.26,53.0,233.03,18.09,227.84,157.0,132.62,14.51,8.83,49.36,12.48,61.58
2025-10-22,58.67,61308.2,179.0,9.42,54.01,20.7,562.72,45.13,61.74,33.9,16.95,130.76,21.24,177.31,398.07,122.4,162.74,44.76,45.45,172.83,148.7035,316.78,35.19,157.23,17.17,39.7118,85.56,54.64,235.12,17.83,229.21,165.18,133.19,14.6,8.87,50.35,12.87,62.26
2025-10-23,58.83,61511.95,182.0,9.45,52.06,20.89,561.02,44.18,62.84,34.65,17.19,130.01,23.9,177.98,398.22,123.35,168.79,46.25,45.1,172.29,150.2953,320.21,35.39,155.37,17.4,38.5421,86.0,55.25,235.2,17.1,234.75,165.15,133.59,14.44,8.9,50.29,13.2,61.52
2025-10-24,59.07,61145.49,177.51,9.47,51.7,20.84,563.38,44.26,61.65,34.32,17.27,129.65,23.67,175.95,399.39,122.0,165.35,47.6,44.62,171.15,149.0915,315.77,34.89,160.76,17.69,38.6412,85.53,52.75,237.09,16.67,228.45,166.69,133.61,14.21,8.9,53.09,12.57,61.0
2025-10-27,59.21,61860.3,177.0,9.67,52.0,20.89,560.94,45.75,62.19,34.52,17.13,132.02,24.35,176.3,397.6,126.3,166.34,46.83,45.06,172.5,154.2052,318.0,35.08,162.12,18.5,39.8407,86.6,52.68,236.96,16.65,234.86,170.0,135.29,14.34,9.17,54.96,12.9,61.49
2025-10-28,59.82,62795.24,179.75,9.54,51.95,21.29,567.9,47.23,65.93,34.9,18.96,136.1,23.6,174.76,396.01,131.3,173.02,44.99,45.9,172.82,155.1602,317.2,36.14,160.07,18.83,39.7911,88.2,53.03,237.2,16.7,240.59,173.47,141.44,14.55,10.08,55.11,12.52,62.45
2025-10-29,60.16,63352.85,179.97,9.37,52.05,21.22,573.65,47.58,65.86,34.75,18.97,135.53,23.07,174.7,398.63,133.44,175.58,44.44,46.43,174.89,162.8307,316.88,35.76,158.63,18.78,40.1381,89.25,52.83,238.67,17.82,250.13,172.87,137.84,14.63,10.04,56.19,11.97,61.73
2025-10-30,60.0,62889.86,178.65,9.33,50.9,21.12,568.93,47.89,65.42,34.86,18.78,134.94,22.48,176.94,385.01,132.97,176.9,43.7,44.87,173.78,164.7011,313.01,35.56,161.14,18.31,40.1381,89.6,52.25,229.5,16.87,245.14,176.15,135.83,14.22,9.87,56.2,11.99,60.83
2025-10-31,59.66,62769.18,179.78,9.4,51.41,21.14,562.14,47.41,64.16,35.42,18.84,134.94,22.82,175.03,385.86,131.97,178.32,44.07,45.01,174.41,159.4879,314.65,36.01,159.55,18.14,39.8903,90.52,53.17,228.96,16.82,240.01,168.56,137.64,14.07,9.7,56.4,12.38,61.5
2025-11-03,59.35,62653.89,179.35,9.48,50.86,20.84,560.68,47.01,63.73,35.54,18.79,134.34,23.0,174.12,394.49,133.37,177.3,44.85,44.02,174.02,155.1105,313.42,34.2,160.03,17.72,39.4244,90.1,52.04,228.97,16.76,241.59,172.72,134.0,13.9,9.53,55.15,12.17,60.96
2025-11-04,59.23,62390.73,182.48,9.29,49.81,21.14,564.87,47.06,65.73,35.16,18.72,135.23,23.74,171.72,396.7,134.1,177.99,45.17,44.42,176.94,151.2006,317.97,34.62,160.24,17.75,39.7911,90.64,51.92,230.84,16.92,245.5,175.06,133.82,14.12,9.8,55.58,12.01,61.42
2025-11-05,60.71,63378.51,183.79,9.3,51.0,21.35,577.1,47.36,65.65,35.68,19.1,136.99,24.47,174.8,405.0,136.97,178.9,46.02,44.0,176.97,158.0553,322.59,35.04,164.75,17.89,41.1691,91.07,53.24,248.28,16.77,253.9,182.9,138.99,14.24,10.44,56.43,12.62,62.14
2025-11-06,,63093.12,182.53,9.15,50.69,21.03,574.0,47.53,64.9,35.67,18.95,136.68,23.82,173.31,402.24,134.0,179.59,45.52,44.15,177.0,157.4385,320.67,35.24,164.46,18.11,41.0402,90.24,54.0,244.11,17.03,247.6,179.1,138.0,14.16,10.39,56.96,12.57,62.09
2025-11-07,60.78,63376.13,185.12,9.2,50.29,21.39,569.12,47.27,65.43,34.66,18.84,135.79,23.58,176.8,397.13,135.11,180.13,44.66,44.11,178.49,158.9308,321.59,36.09,166.64,17.8,40.5445,90.2,54.4,241.45,17.05,251.3,180.47,139.39,14.44,10.43,56.9,12.36,62.63
2025-11-10,,63094.01,184.0,9.17,50.09,21.2,555.74,47.89,63.5,34.74,19.01,135.51,23.11,173.94,393.6,129.51,178.41,45.26,43.66,179.29,158.6622,313.51,35.74,163.0,18.13,40.3066,91.57,54.01,237.67,17.73,253.01,180.34,138.34,14.35,10.68,57.55,12.07,61.93
2025-11-11,61.44,64321.27,190.28,9.24,50.6,21.51,562.22,48.69,65.06,34.83,19.27,137.51,23.51,178.71,396.44,136.3,177.21,43.91,44.95,185.68,161.6667,321.68,35.8,166.85,18.13,40.3661,93.24,54.54,243.97,18.1,255.99,179.0,145.89,14.55,10.73,57.4,12.49,63.74
2025-11-12,60.79,63190.66,186.13,9.2,49.88,21.32,551.46,47.54,62.66,34.77,18.92,135.5,22.8,175.65,396.01,128.98,180.47,43.53,44.14,179.23,158.6025,320.8,35.92,163.86,17.87,40.832,93.94,54.37,239.59,18.25,251.06,179.5,143.77,14.28,11.18,56.5,12.4,62.35
2025-11-13,60.34,62529.44,183.23,9.2,49.89,21.3,559.86,46.71,61.06,34.09,18.61,136.0,22.6,172.08,397.02,126.81,177.87,42.79,43.13,175.6,155.8865,314.23,36.39,161.53,17.97,40.5842,95.13,53.65,240.98,18.2,246.09,172.0,142.63,14.33,10.97,55.99,12.1,61.39
2025-11-14,59.8,62328.63,184.33,9.3,49.51,21.2,549.5,46.15,60.02,34.32,18.49,136.26,22.04,171.97,406.0,126.58,175.12,43.58,42.65,175.3,153.5485,312.44,37.3,161.07,17.59,40.0489,96.31,53.85,241.55,18.36,246.84,174.76,141.38,14.27,10.61,56.01,11.99,62.06
2025-11-18,59.52,61984.45,183.79,9.0,49.41,21.45,544.89,44.75,60.05,34.1,18.67,134.78,22.21,172.96,401.74,127.75,175.77,42.96,42.6,172.32,149.3203,314.77,37.18,161.39,17.9,40.5445,96.84,54.19,235.59,18.25,247.99,176.41,138.8,14.29,10.38,55.95,11.67,61.56
2025-11-19,59.41,62080.58,180.82,8.96,48.54,21.24,548.7,44.13,59.07,34.5,18.99,134.73,21.85,172.93,404.26,130.77,175.72,42.9,42.64,173.54,150.3351,313.57,36.69,160.69,17.69,40.5049,96.69,51.97,235.25,18.29,249.64,171.67,138.74,14.51,10.37,55.91,11.85,61.58
2025-11-20,59.95,61672.19,182.53,8.94,47.66,20.94,546.35,44.19,58.14,34.31,18.74,133.41,21.69,173.0,407.08,127.31,175.99,42.02,42.4,175.56,145.7686,312.13,36.98,160.86,17.59,39.4838,96.97,51.0,232.85,17.87,249.14,173.89,135.99,14.57,9.9,56.14,11.67,61.55
2025-11-21,59.73,61877.27,182.5,9.12,48.22,21.12,552.13,45.13,57.14,34.56,18.53,132.77,21.35,175.15,415.81,125.4,175.7,42.74,43.67,173.08,148.5344,311.1,36.23,163.14,17.77,40.3264,98.81,50.91,236.48,17.43,245.01,174.52,138.2,14.36,10.32,56.53,11.64,61.69
2025-11-24,60.07,62522.61,181.24,9.25,48.8,21.41,556.47,46.97,59.0,35.7,18.6,134.05,21.75,173.37,427.21,129.34,172.69,42.94,43.49,172.0,154.9016,311.6,36.5,159.03,18.5,39.355,99.81,50.84,238.04,16.5,244.4,182.0,138.72,14.36,10.21,55.61,11.76,61.44
2025-11-25,60.44,63214.56,183.36,9.08,49.44,21.32,561.39,46.42,59.14,36.27,19.19,132.92,22.0,172.63,434.02,127.91,179.24,42.82,43.62,176.24,157.9658,316.24,36.69,159.22,18.22,40.2471,100.65,50.4,247.96,17.11,247.05,186.99,140.0,14.2,9.99,57.39,12.85,61.32
2025-11-26,60.52,63242.71,182.37,9.08,49.99,20.96,552.53,47.19,57.7,35.68,19.35,133.54,21.5,173.37,435.25,125.7,180.53,44.05,44.29,176.03,157.8762,316.85,36.76,161.23,18.19,40.5743,100.89,51.4,244.87,16.91,249.9,180.8,139.25,14.23,9.94,57.54,13.19,61.69
2025-11-27,60.53,62694.73,180.54,9.13,48.72,20.75,552.98,47.01,57.49,35.96,18.92,128.01,21.35,173.06,438.0,125.07,177.32,43.75,43.6,175.22,156.6028,315.37,36.74,158.03,18.23,40.4256,100.6,51.0,244.03,16.66,245.89,181.31,136.93,14.25,9.83,56.6,13.11,60.51
2025-11-28,61.25,63596.78,186.79,9.09,49.94,20.94,552.85,47.74,57.93,37.51,19.4,131.47,22.0,176.99,450.3,125.93,180.7,42.71,43.2,174.5,159.08,324.07,38.73,158.79,18.74,40.4454,100.7,51.67,245.08,16.96,251.76,182.72,136.14,14.42,10.0,57.0,13.24,61.78
2025-12-01,60.94,63551.13,186.8,8.92,49.68,20.34,554.1,48.23,57.82,36.55,19.34,133.15,22.05,175.72,433.72,124.52,184.85,43.05,43.8,174.87,161.6568,315.04,40.0,159.82,18.5,40.7527,100.0,52.25,244.11,16.88,246.87,181.04,134.79,14.84,9.96,56.47,13.42,61.16
2025-12-02,61.18,63820.61,188.32,9.05,50.57,20.49,552.6,48.6,60.35,35.68,19.66,130.49,21.49,185.89,425.84,123.41,188.36,43.34,44.06,177.59,161.5672,313.95,38.35,162.14,18.39,41.1988,98.17,51.15,241.58,16.97,251.13,176.42,137.79,15.19,9.85,57.0,13.99,60.67
2025-12-03,60.94,63597.44,185.01,9.02,49.99,19.79,546.0,48.79,59.71,35.96,19.89,130.4,21.49,186.72,422.17,122.35,194.66,43.4,43.77,176.06,164.2335,313.71,37.78,163.82,18.43,41.4367,99.97,50.88,237.7,17.14,252.77,173.55,137.97,15.18,9.92,56.92,14.44,59.93
2025-12-04,60.98,63714.86,187.58,9.04,50.9,19.86,552.78,48.49,58.84,36.03,20.0,128.62,20.82,185.12,416.82,125.64,193.66,44.26,44.27,174.44,165.4273,313.27,37.94,166.01,18.71,40.8717,101.0,51.39,234.19,17.25,260.23,179.43,137.86,15.22,9.9,56.86,14.42,58.94
2025-12-05,60.62,63378.3,187.29,9.0,50.04,19.58,547.87,48.6,60.08,35.42,19.66,128.29,20.7,183.43,414.0,124.76,192.64,44.93,44.16,174.76,165.8352,316.47,38.02,164.38,18.49,40.4851,100.75,51.08,231.41,16.83,253.7,175.37,138.19,15.54,9.84,56.61,13.74,59.12
2025-12-08,61.03,63528.0,188.8,8.91,50.58,19.54,554.91,49.67,59.32,36.32,19.99,128.97,20.45,184.66,433.88,120.7,192.3,44.48,44.58,169.18,165.5069,315.83,38.32,167.85,18.24,40.3859,100.0,51.5,230.08,16.77,260.4,179.78,138.99,15.82,9.98,57.38,13.54,58.99
2025-12-09,61.54,63694.68,188.9,9.39,50.96,19.35,556.15,49.9,59.59,35.73,19.9,129.51,20.42,188.13,438.71,120.24,194.96,44.2,44.08,170.46,166.5217,312.52,38.2,167.04,18.72,40.0092,100.0,51.65,232.2,16.92,259.41,180.49,139.1,15.83,10.19,57.78,13.85,58.91
2025-12-10,61.3,63409.4,187.71,9.65,50.83,19.3,558.03,48.96,60.0,36.04,19.76,127.7,20.69,187.76,439.9,119.2,189.11,44.5,43.16,169.3,165.0692,309.83,37.86,167.26,18.92,39.6821,99.99,51.55,232.58,16.39,258.95,179.24,136.89,15.83,10.83,56.32,13.69,58.59
2025-12-11,62.82,64712.07,194.39,10.41,50.97,19.26,579.69,50.09,59.69,37.29,20.14,128.7,20.58,185.34,467.59,121.44,190.5,45.3,43.86,175.0,171.2871,313.9,38.72,169.12,18.8,40.3463,100.66,52.0,245.5,17.18,264.57,177.33,142.87,15.76,10.92,56.14,14.08,59.17
2025-12-15,61.94,64326.16,192.59,9.95,51.08,19.0,564.58,49.32,58.76,36.34,20.94,130.7,20.87,184.86,456.81,117.81,190.35,44.26,43.34,174.15,169.3173,312.0,38.45,168.67,18.54,40.4157,100.62,51.03,242.13,16.54,267.96,174.62,138.3,15.71,10.8,56.49,13.97,58.75
2025-12-16,60.89,63230.87,189.71,9.71,50.2,18.73,557.8,47.28,58.0,37.02,20.64,129.42,21.02,183.08,454.43,117.33,188.79,43.07,43.14,166.82,165.3577,308.99,37.99,166.92,18.06,40.039,101.08,51.09,236.02,16.14,263.57,177.44,136.9,15.43,11.04,54.94,13.95,57.09
2025-12-17,60.31,62528.06,189.4,9.85,51.2,18.41,564.52,46.77,57.76,36.62,20.16,125.29,20.98,180.15,466.64,115.5,183.38,41.32,42.81,164.82,162.2039,309.19,36.5,165.38,17.6,38.7205,99.99,50.75,237.46,15.96,262.98,178.01,137.27,15.28,11.12,54.47,14.25,55.76
2025-12-18,62.49,63807.32,189.99,9.95,52.38,18.54,565.85,47.41,58.82,36.83,20.86,127.96,21.49,183.83,475.47,115.0,192.3,43.41,44.11,169.93,168.6606,309.38,37.54,166.35,18.44,39.0774,100.2,51.45,240.02,15.89,265.29,176.27,138.22,15.2,11.49,55.28,14.9,56.6
2025-12-19,61.6,63966.98,195.0,9.34,53.18,18.37,585.31,46.28,59.7,39.72,21.02,125.08,21.39,181.61,484.5,115.05,185.0,45.73,43.15,169.4,164.2136,310.24,38.1,172.96,18.15,38.2943,103.87,51.52,242.36,15.89,267.18,179.92,144.0,15.64,10.41,55.45,17.1,56.74
2025-12-22,61.94,64778.18,195.54,9.48,54.19,18.58,587.86,47.05,58.96,38.94,21.15,125.16,21.74,181.05,480.78,116.03,183.96,46.27,44.19,170.15,170.1231,313.07,38.75,170.02,17.71,38.0663,101.2,51.7,245.62,15.95,266.53,184.64,144.08,16.1,10.84,56.03,16.9,56.9
2025-12-23,62.79,65595.41,197.29,9.27,54.92,18.68,593.97,47.24,59.78,38.76,21.36,128.3,21.4,183.32,488.09,117.4,184.53,47.67,44.4,170.44,173.7047,316.94,38.84,172.77,18.17,38.8593,100.13,52.07,253.45,16.05,274.19,189.66,146.92,16.31,10.71,56.08,16.55,57.29
2025-12-24,62.74,65616.43,197.32,9.2,55.68,18.74,591.49,47.22,60.09,38.52,21.3,128.21,20.98,184.62,487.4,119.86,184.44,47.6,44.37,172.01,173.4261,312.68,38.65,171.9,18.15,38.6016,105.0,51.37,252.55,16.09,272.83,189.51,146.44,16.13,10.51,56.25,16.81,57.21
2025-12-26,62.79,65636.36,197.95,9.14,56.22,18.66,590.0,46.85,60.22,38.51,21.36,127.25,21.01,184.74,488.04,119.0,184.03,47.09,44.17,171.24,172.4213,314.0,38.45,172.6,18.07,39.236,100.95,52.09,252.3,15.97,271.55,187.99,144.99,16.19,10.57,56.48,16.53,57.19
2025-12-29,62.56,65347.08,197.3,9.3,55.81,18.78,589.07,46.44,59.84,38.42,21.32,127.02,20.59,184.27,483.0,119.5,183.82,47.31,44.05,171.02,169.5461,312.72,38.51,172.59,17.99,38.899,100.22,52.58,248.43,15.94,269.08,191.09,145.16,16.1,10.48,56.16,16.21,57.02
2025-12-30,61.57,64366.7,194.02,9.5,54.2,18.76,582.0,45.64,58.5,36.97,20.89,123.84,20.63,180.41,475.37,117.21,181.34,46.27,43.38,167.0,169.168,309.1,38.14,170.44,17.9,37.868,99.99,52.0,243.42,15.6,266.0,187.0,141.03,15.83,10.44,54.72,16.06,56.28
2025-12-31,61.21,64308.29,194.5,9.24,54.04,18.59,580.92,45.56,59.0,36.99,20.68,123.28,20.58,182.03,471.02,118.32,182.56,45.96,43.42,166.84,169.3272,309.54,38.41,171.02,17.91,37.7887,100.0,51.83,244.42,15.58,267.23,186.09,142.19,15.75,10.53,55.08,16.0,56.01
2026-01-02,61.51,64141.36,193.57,9.58,53.69,18.56,577.85,45.76,58.83,37.46,20.69,123.74,20.89,181.14,466.51,116.96,180.31,45.29,43.39,171.04,168.7502,310.2,38.17,170.04,17.92,37.4814,100.01,52.74,242.08,15.57,264.07,187.17,142.62,15.34,10.66,54.91,16.4,56.16
2026-01-05,62.01,65014.37,194.94,9.55,53.2,18.64,580.94,45.86,59.11,37.46,21.24,123.02,21.23,183.98,471.0,120.5,185.32,46.62,43.8,174.0,174.1026,311.61,38.24,168.89,17.71,37.8779,100.02,53.49,244.37,16.01,267.07,188.53,142.6,15.94,10.7,54.76,16.62,56.08
2026-01-06,61.96,65022.24,191.05,9.16,53.03,18.18,584.6,45.15,57.73,36.74,21.41,122.72,22.05,181.67,476.54,117.2,181.82,45.17,43.25,170.0,178.0622,305.23,37.74,170.47,17.18,37.531,100.01,54.26,250.02,16.0,267.48,177.1,137.0,15.86,10.69,54.94,16.63,57.88
2026-01-07,61.92,64871.7,192.86,8.99,53.64,18.2,595.46,45.78,58.46,36.96,20.75,124.93,22.33,180.79,481.93,117.45,181.44,45.83,44.64,169.64,175.4158,308.92,37.2,170.64,17.17,37.8383,100.0,53.28,252.21,15.99,265.52,175.18,140.38,16.09,10.43,55.92,16.62,58.05
2026-01-08,62.35,65521.01,193.41,8.96,53.74,18.37,592.78,46.17,60.7,36.08,22.09,124.95,22.55,183.95,486.36,118.64,185.02,46.97,44.68,168.5,175.6546,308.62,37.67,172.07,17.32,38.3042,102.3,53.6,250.76,16.5,263.13,174.64,141.51,16.34,10.47,56.74,17.05,56.93
2026-01-09,61.99,66062.62,195.25,8.96,54.24,18.25,579.18,46.14,62.41,35.76,22.31,123.85,23.0,183.13,479.09,121.27,185.19,46.96,44.34,169.69,181.2756,311.2,38.0,177.09,17.64,38.1456,101.06,53.77,250.33,16.41,261.03,179.8,138.98,16.76,10.65,57.17,16.95,57.4
2026-01-12,62.94,66745.61,196.35,8.94,54.02,18.35,580.49,45.98,63.69,35.48,22.24,124.6,22.64,183.07,481.45,120.88,191.21,46.41,44.64,169.0,187.7323,311.11,38.04,178.11,17.55,38.4231,100.48,54.0,247.75,17.07,262.62,179.01,141.2,16.74,10.63,57.33,16.63,57.91
2026-01-13,62.5,66337.42,189.0,8.85,53.71,18.25,568.94,45.74,61.13,35.74,22.02,122.42,21.91,183.48,472.34,120.89,189.96,46.73,43.97,170.18,188.4785,307.29,38.17,178.18,17.47,37.9275,100.4,54.43,241.11,17.48,258.44,175.55,140.19,16.75,10.56,57.25,16.4,57.73
2026-01-14,63.52,67403.08,196.98,8.85,53.34,18.24,570.35,46.7,61.91,36.11,22.39,123.59,21.9,184.5,467.77,122.66,195.47,46.47,44.63,178.55,196.3479,308.39,39.01,180.03,17.52,38.2645,100.27,54.99,235.65,17.93,265.47,173.98,144.2,17.19,10.8,56.8,15.52,58.7
2026-01-15,62.89,66649.28,198.56,8.94,53.16,17.56,560.59,46.86,62.42,36.93,21.81,120.5,21.79,178.56,454.02,119.92,195.29,47.19,44.77,179.76,193.5126,309.4,38.99,178.24,17.46,37.8383,100.05,56.35,234.62,18.11,258.5,175.21,142.0,16.98,10.56,56.67,15.63,59.09
2026-01-16,62.99,67141.11,198.99,9.09,53.2,18.1,567.5,47.12,62.23,36.51,22.03,121.09,21.39,179.5,465.04,122.36,195.08,46.96,45.31,184.38,193.0151,313.44,39.09,175.18,17.71,37.749,100.11,57.04,240.99,18.21,255.2,175.67,143.1,17.28,10.59,56.79,15.4,57.89
2026-01-19,63.38,67467.82,202.99,9.02,53.54,18.07,574.0,47.78,62.5,37.01,22.2,121.9,21.7,181.19,456.0,122.72,192.8,45.87,44.93,182.74,198.8451,312.71,38.29,176.57,17.63,37.6797,100.63,57.74,238.91,17.5,259.12,175.09,140.01,17.08,10.65,56.44,14.91,58.39
2026-01-20,63.67,67683.38,197.69,8.94,53.81,18.17,574.18,47.72,61.31,36.94,22.03,123.82,20.78,181.56,474.8,120.51,191.63,47.76,44.59,182.98,197.4025,310.94,38.13,176.04,17.72,37.8581,100.5,58.0,242.29,17.6,259.0,173.57,143.5,17.07,11.0,56.21,15.55,58.02
2026-01-21,64.11,68036.13,199.63,8.99,53.57,18.12,585.95,49.95,60.89,36.58,22.58,123.78,20.48,181.27,485.03,120.25,198.84,49.11,43.87,186.4,194.209,307.96,39.1,177.96,17.59,37.9671,100.7,61.12,252.24,17.82,265.29,178.27,146.88,17.12,11.38,56.59,15.52,57.51
2026-01-22,64.39,68347.98,198.08,8.76,56.55,18.15,589.0,52.65,61.55,36.57,22.63,125.26,20.5,185.6,492.75,123.2,193.35,48.71,44.84,185.31,192.3684,307.47,40.58,183.08,17.47,38.3042,101.26,63.69,249.95,18.99,269.95,170.0,153.05,17.14,11.85,56.09,16.83,58.11
2026-01-23,64.2,68195.15,199.11,9.19,55.98,18.03,587.62,53.96,61.7,35.9,22.41,125.26,20.0,185.91,481.03,125.99,191.97,48.66,45.07,185.99,192.0202,314.63,39.85,185.46,17.34,37.8482,102.99,64.64,250.79,18.73,271.78,167.89,153.2,17.14,11.51,55.3,16.58,57.97
2026-01-26,65.15,68706.03,198.8,9.16,55.76,17.99,596.97,55.0,61.37,35.49,22.09,125.83,19.7,186.45,487.32,127.03,189.73,49.23,45.08,187.25,198.5963,314.08,39.55,183.5,16.92,37.8878,103.71,63.42,253.74,18.54,282.38,170.61,155.49,17.3,11.64,55.62,16.33,57.28
2026-01-27,65.15,68877.64,199.11,8.92,55.74,18.14,597.74,55.8,60.38,35.04,22.07,121.79,19.2,184.47,486.29,123.8,188.09,49.21,45.09,189.67,198.9346,313.31,39.88,186.42,16.94,38.0564,104.17,63.0,257.24,18.42,282.82,168.04,157.81,17.11,11.37,55.52,16.5,58.0
2026-01-28,65.48,69959.73,199.91,8.94,55.99,18.58,604.84,56.4,60.3,35.74,22.63,124.21,19.11,185.22,483.07,125.15,196.48,50.54,45.46,199.97,200.3573,313.49,39.76,184.27,16.77,37.4517,104.06,62.14,256.65,18.36,285.12,170.84,162.26,17.45,11.47,55.25,16.6,57.74
2026-01-29,65.14,69492.43,198.97,8.86,54.34,18.49,601.26,53.05,59.99,35.33,22.2,121.21,18.41,182.61,478.35,122.59,193.29,50.45,44.47,205.0,208.1869,313.15,39.95,179.17,16.34,37.7788,103.98,62.16,253.8,18.84,278.03,161.5,159.48,17.58,11.21,54.05,16.76,55.85
2026-01-30,64.15,67598.95,196.85,9.09,53.31,18.07,604.43,51.13,60.74,35.06,21.72,119.6,18.42,182.37,480.42,118.89,188.12,48.57,43.86,197.02,191.8412,314.95,38.71,183.28,16.63,37.1245,105.4,61.35,255.18,18.54,273.5,162.72,156.73,17.28,11.52,53.99,16.89,55.46
2026-02-03,66.03,69735.06,207.67,9.16,52.95,18.76,631.66,52.82,62.81,35.84,21.89,118.85,19.32,186.97,489.28,122.84,189.7,49.82,45.5,206.84,207.9282,324.99,39.49,185.86,16.45,37.6103,100.37,61.55,257.8,18.47,290.98,163.64,157.83,17.99,11.08,54.39,17.35,55.75
2026-02-04,65.37,68730.69,204.77,9.57,53.76,18.61,618.17,52.8,63.08,35.31,20.97,119.04,19.32,184.62,475.43,121.52,191.65,50.5,44.65,200.44,203.0633,326.36,39.18,183.44,16.02,37.4021,102.12,60.71,255.74,19.37,289.65,164.01,157.72,17.72,11.06,54.66,17.73,55.42
2026-02-05,65.76,68858.28,205.04,9.99,53.4,18.58,629.46,53.75,63.2,35.7,20.85,118.32,19.03,187.27,478.84,117.69,196.41,50.99,44.2,200.22,199.9792,326.73,40.09,188.03,16.21,37.184,99.69,60.65,260.36,19.56,289.94,165.01,158.21,17.63,10.88,54.66,17.9,56.47
2026-02-06,67.4,70809.57,206.47,9.84,54.34,18.53,635.32,54.52,67.5,36.7,21.08,119.79,19.14,190.95,496.91,120.74,199.79,52.54,45.92,208.36,206.615,338.4,41.18,191.5,16.81,37.8581,101.31,62.95,268.47,20.81,299.44,169.8,158.0,18.38,10.95,55.44,18.15,58.5
2026-02-09,67.59,71509.45,205.1,9.63,55.14,19.06,634.99,55.15,67.4,36.33,21.94,119.99,19.63,192.16,499.47,121.13,195.0,54.37,45.74,207.02,208.1372,349.34,41.5,192.26,17.12,38.1555,102.8,63.2,274.33,21.53,303.09,170.4,159.7,18.48,11.06,57.4,18.08,58.23
2026-02-10,67.95,71271.56,205.06,9.4,55.89,19.38,643.03,55.52,67.56,37.93,22.25,119.66,19.94,194.11,500.18,121.78,195.94,53.75,45.44,208.5,200.8547,344.0,42.25,192.88,17.62,37.9572,102.34,64.08,273.75,21.21,298.51,169.52,161.83,18.49,11.29,57.03,18.4,57.47
2026-02-11,67.84,71601.35,204.64,8.87,55.29,20.25,648.94,55.36,67.85,36.21,22.24,120.39,19.04,194.58,503.1,121.4,196.33,53.68,44.98,202.48,205.2023,343.52,41.85,193.96,17.68,37.7689,102.54,63.66,277.3,21.17,302.53,170.0,159.27,18.35,11.37,56.73,17.62,57.88
2026-02-12,68.0,70888.04,207.0,9.05,55.14,20.63,638.68,55.18,66.37,36.4,21.18,120.41,18.55,194.26,487.0,122.84,194.11,51.97,44.7,201.91,201.4815,340.76,42.7,196.97,17.53,37.9969,101.92,63.49,271.86,21.1,294.0,169.96,161.22,18.3,11.31,57.14,17.59,57.88
2026-02-13,,71478.81,210.5,9.14,56.97,20.45,639.87,55.25,67.61,36.88,21.54,120.98,18.75,196.66,485.67,129.2,198.99,53.49,46.67,204.18,203.4414,346.47,42.21,194.06,17.94,38.2844,104.29,64.54,275.5,20.86,294.8,171.79,161.89,18.19,11.45,58.49,17.42,58.32
2026-02-16,68.54,71353.29,209.7,8.88,56.44,20.31,636.09,53.96,67.62,37.36,21.8,119.4,19.05,197.5,501.9,126.2,199.93,53.11,45.03,202.26,202.7549,343.0,43.79,195.0,17.55,38.0365,104.89,67.5,277.05,20.99,296.7,171.25,162.02,17.88,11.54,58.24,17.38,58.09
2026-02-17,68.29,71155.69,212.12,8.88,57.97,20.84,647.47,54.24,68.58,37.15,21.49,119.59,18.84,196.47,501.25,128.65,199.3,54.44,45.68,202.66,195.1541,345.86,42.55,193.74,17.82,38.5124,105.5,66.91,282.05,20.92,295.65,174.04,162.27,17.91,11.14,57.6,17.49,59.1
2026-02-18,68.44,70885.22,208.46,8.83,58.56,20.62,647.2,55.95,66.48,36.91,21.61,115.87,18.71,193.72,498.66,125.91,201.28,54.2,44.37,201.65,198.0193,341.27,41.87,194.12,17.34,38.6016,105.54,67.5,280.78,21.02,291.36,173.25,162.4,17.96,11.62,57.88,17.7,57.71
2026-02-19,68.17,70845.66,210.09,8.77,61.24,20.56,644.65,55.02,65.28,36.76,21.82,113.56,18.77,193.6,498.08,127.24,202.51,52.95,44.71,199.7,201.5113,315.0,41.95,193.58,17.44,38.5124,104.31,65.95,279.47,21.24,289.4,175.0,162.22,18.21,11.63,57.94,17.74,57.8
2026-02-20,,71436.55,210.73,8.69,61.17,20.58,650.68,55.54,64.01,36.76,22.09,114.18,18.86,194.39,512.62,131.31,204.57,53.87,45.23,199.67,203.9488,313.74,42.59,194.42,17.57,38.5322,105.68,67.2,286.92,20.96,286.67,172.26,160.79,18.26,11.74,61.08,17.41,57.95
2026-02-23,,70633.77,206.44,8.49,60.85,20.58,628.01,54.82,63.31,36.0,21.37,114.31,18.81,192.54,482.94,133.71,202.16,53.63,44.27,198.22,203.9488,312.39,42.56,181.67,17.3,37.7689,105.06,67.81,281.56,20.1,284.81,170.17,159.8,18.3,11.53,61.94,16.24,57.33
2026-02-24,67.34,70934.82,205.75,8.38,61.14,21.94,615.19,55.97,62.83,36.64,21.64,115.19,18.23,191.64,455.5,133.21,202.89,53.27,45.14,199.76,207.0329,310.76,42.34,190.19,17.52,37.8184,105.79,67.17,273.69,20.49,281.39,168.07,159.99,18.6,11.38,63.62,16.36,58.1
2026-02-25,67.87,71144.35,205.3,8.3,59.82,21.7,629.64,56.71,62.8,36.86,21.92,111.48,18.49,193.46,458.3,127.31,198.31,52.4,44.72,198.15,212.8529,308.39,42.7,191.13,17.4,37.3723,106.67,66.71,271.08,20.25,284.49,166.05,159.77,18.57,10.92,63.07,15.31,56.71
2026-02-26,68.17,71390.1,210.91,8.26,60.47,21.85,623.99,56.34,63.95,36.9,21.95,110.06,17.86,194.45,463.6,130.3,198.15,50.25,44.11,198.8,215.5291,311.54,43.2,189.81,17.79,37.6995,105.58,66.53,269.33,20.23,285.79,166.0,158.99,19.1,10.95,63.07,15.45,56.37
2026-02-27,68.18,71405.77,207.9,8.23,60.83,22.45,620.33,57.43,62.6,37.92,21.62,110.28,17.49,193.63,449.96,134.93,200.63,49.99,43.86,195.83,217.1408,310.52,43.19,191.51,18.28,38.6214,107.68,66.79,263.16,20.32,283.71,168.0,160.95,19.3,10.23,63.26,14.91,55.9
2026-03-02,67.65,70584.75,205.94,8.53,60.0,22.42,616.34,56.19,62.07,37.09,21.09,110.27,16.97,194.76,441.14,127.76,200.36,49.04,43.13,190.91,219.0111,308.5,43.06,190.39,17.76,37.9176,108.75,65.4,257.86,19.64,283.27,164.7,155.1,19.15,9.73,60.59,13.74,56.16
2026-03-03,66.0,68436.26,202.12,8.49,58.58,21.72,598.5,55.3,61.48,37.13,20.25,109.37,17.06,193.76,425.26,124.68,191.81,48.7,42.01,190.09,204.6949,306.15,42.11,186.9,17.58,37.2137,109.5,60.81,248.55,18.36,278.18,161.5,150.86,18.5,9.77,59.04,13.45,55.68
2026-03-04,67.65,70428.03,206.99,8.53,59.25,22.06,606.56,55.02,64.49,38.72,21.01,113.49,17.08,196.52,438.4,127.86,199.97,50.1,44.01,196.93,211.7884,314.79,43.12,190.96,17.67,38.5124,110.61,64.04,254.03,18.66,286.37,168.62,158.14,18.52,10.17,59.89,13.48,56.79
2026-03-05,66.15,68379.42,205.37,8.55,58.72,21.6,599.44,51.85,63.19,38.01,20.07,112.13,16.92,192.5,430.01,125.86,193.49,48.41,43.17,192.26,199.442,315.89,42.45,187.42,17.7,37.5904,108.83,63.64,250.94,17.89,279.7,166.33,152.02,18.37,10.02,59.76,12.91,56.3
2026-03-06,65.66,67313.5,207.01,8.98,56.85,21.14,594.03,51.25,61.3,37.95,19.45,109.62,16.64,195.06,423.04,121.66,188.92,47.66,43.08,189.43,193.1942,314.4,41.54,186.9,17.68,37.2435,107.02,62.34,245.52,18.33,278.48,166.82,148.6,18.06,10.09,58.87,12.5,55.69
2026-03-09,64.49,66890.27,203.94,9.03,56.48,21.24,582.07,50.28,61.44,37.4,19.37,108.1,16.39,192.77,417.57,122.3,186.2,47.61,42.78,189.29,194.2289,313.27,41.29,182.21,17.62,38.6511,104.4,60.78,244.32,18.12,271.16,170.35,146.43,17.7,10.5,58.15,12.49,55.63
2026-03-10,65.1,67397.94,199.63,9.26,56.92,21.01,591.29,51.44,60.68,38.0,18.89,107.9,15.73,191.43,419.5,123.05,187.73,48.83,43.24,193.8,198.6361,309.99,41.5,180.92,17.76,38.6809,103.63,60.9,247.03,18.45,277.78,164.28,149.3,17.38,10.38,59.05,13.34,55.33
2026-03-11,64.97,67559.78,203.78,9.51,57.55,20.95,592.04,51.08,60.88,38.05,18.82,106.41,15.93,192.9,420.12,123.43,189.58,48.23,43.23,194.25,200.9442,311.45,41.75,181.14,17.87,38.7602,104.86,61.07,243.78,19.39,276.15,164.66,146.94,17.56,10.44,58.49,13.7,56.61
2026-03-12,63.77,66085.81,198.51,9.79,56.84,20.52,574.09,48.7,59.71,37.31,18.62,103.52,15.36,191.67,404.15,120.51,185.29,46.79,43.01,187.7,190.8164,305.12,41.81,176.53,17.88,38.5619,103.21,59.4,236.41,19.08,271.5,164.13,143.52,16.95,10.21,56.88,12.6,56.12
2026-03-13,63.4,65648.91,196.74,10.11,56.35,20.62,567.75,50.4,59.53,37.23,18.71,103.89,15.09,190.35,401.96,120.38,184.49,47.18,42.85,189.38,186.1903,305.21,41.8,174.74,17.99,38.7503,101.22,59.8,235.55,18.58,269.43,164.79,144.81,16.94,10.32,57.03,12.62,57.11
2026-03-17,64.19,66196.92,197.76,10.23,58.2,20.93,570.21,50.95,59.07,37.72,18.65,102.49,15.44,188.65,411.67,122.52,180.5,47.98,43.09,192.02,191.2542,305.91,42.7,171.94,18.53,39.1765,103.61,60.26,238.85,18.83,272.7,165.64,147.49,16.85,10.44,57.69,13.11,57.53
2026-03-18,63.99,65779.23,198.17,11.3,58.54,21.19,569.76,51.81,58.17,37.26,18.36,103.61,15.24,188.13,414.31,123.98,182.62,49.01,43.11,192.03,185.0462,309.45,41.89,170.71,18.89,39.3054,104.23,60.46,241.5,19.11,274.18,167.96,148.82,16.67,10.39,58.71,12.9,55.94
2026-03-19,63.56,65199.4,197.05,11.28,58.99,21.21,580.88,51.07,58.64,37.07,18.31,103.27,15.15,187.78,425.72,124.36,177.59,47.57,42.71,189.69,178.9078,309.65,41.03,173.07,17.35,38.6511,104.15,59.09,247.29,19.26,273.93,165.46,145.86,16.87,10.54,58.07,12.67,56.67
2026-03-20,61.6,64134.9,191.44,11.2,60.77,20.97,571.94,50.88,57.52,36.58,17.94,101.38,15.11,182.01,421.0,121.91,174.31,47.19,42.6,184.0,172.869,308.37,39.16,170.08,16.31,38.7602,108.0,57.43,243.99,19.11,274.22,163.26,144.31,16.92,10.18,56.74,12.45,55.87
2026-03-23,62.79,64370.95,190.38,10.91,57.01,21.09,568.39,52.39,57.19,36.92,18.94,100.22,14.69,183.14,416.09,122.47,178.41,48.01,42.85,185.8,176.7788,304.3,40.17,165.71,16.62,38.4231,105.38,57.84,241.56,19.39,269.47,165.92,145.94,16.94,10.25,57.48,12.96,56.02
2026-03-24,63.87,65775.14,194.71,10.92,57.96,22.07,582.98,53.59,57.95,36.72,19.33,100.81,15.03,188.88,425.13,124.5,183.99,49.56,43.1,189.38,181.4846,307.14,40.61,167.71,16.77,39.0477,105.99,61.27,250.13,20.04,275.2,169.29,150.94,17.64,10.39,58.19,12.98,56.15
2026-03-25,66.23,68187.6,201.36,10.76,58.95,22.59,605.18,55.62,59.45,38.52,20.17,105.55,15.46,193.62,448.91,132.03,188.98,50.95,45.31,196.15,190.518,314.42,41.77,172.52,17.53,40.6437,109.26,65.2,259.39,21.25,290.36,174.23,156.37,17.76,10.26,59.07,13.6,57.74
2026-03-26,65.38,67061.34,199.26,10.89,58.78,22.36,598.64,54.29,58.66,37.61,19.76,105.47,15.6,191.7,435.03,130.95,192.23,50.31,44.23,191.23,186.25,314.04,41.19,170.22,17.67,40.1778,107.49,63.21,254.35,21.19,280.1,173.41,154.66,17.34,10.36,58.09,13.53,57.39
2026-03-27,65.49,66685.76,200.13,10.98,57.81,22.51,595.37,53.86,58.57,36.71,19.48,107.73,15.85,194.87,440.19,128.23,189.0,49.32,43.39,190.0,180.1813,317.5,41.34,172.94,17.28,40.8122,106.94,62.0,258.2,21.16,282.9,165.4,150.88,17.55,10.34,59.38,12.69,58.02
2026-03-30,65.71,67087.64,204.2,11.37,57.4,22.31,589.18,53.71,59.94,37.19,19.44,106.53,16.05,195.83,437.59,133.8,188.22,48.81,43.46,191.48,181.594,324.24,42.11,173.86,17.39,40.951,107.38,62.27,254.53,21.29,283.03,169.32,148.97,17.77,10.37,60.0,12.7,57.98
2026-03-31,66.96,68610.72,206.45,11.35,57.92,22.79,604.4,55.39,60.03,38.15,20.52,104.91,16.32,198.64,441.43,134.58,189.93,50.84,45.17,198.46,190.7269,328.1,42.44,174.53,18.16,42.0712,107.5,62.06,257.11,21.62,290.39,171.98,153.81,17.93,10.44,59.82,13.01,58.44
2026-04-01,67.09,69702.02,209.13,10.87,57.77,22.77,610.68,56.91,59.11,37.91,20.72,106.68,16.5,201.75,441.03,136.57,191.9,50.97,45.49,200.47,194.7661,322.95,43.15,176.72,18.73,42.8345,110.66,62.56,257.16,21.68,298.58,170.62,157.14,18.1,10.5,60.89,13.01,58.99
2026-04-02,,69702.02,,,,,,,,,,,,,,,,,,,,,,,,,,,,,,,,,,,,
2026-04-06,67.19,68986.63,208.21,10.86,57.46,22.46,605.55,57.54,58.29,37.13,20.23,103.2,16.36,202.15,439.5,134.03,188.36,50.85,44.92,199.5,195.5421,321.98,42.86,175.82,18.44,43.34,111.26,61.85,255.38,21.37,288.55,168.34,156.84,17.69,10.41,60.98,12.7,58.5
2026-04-07,66.33,68529.22,204.55,10.78,57.4,22.74,590.37,56.44,58.71,36.11,20.1,103.97,16.37,203.38,429.01,132.43,187.53,49.27,44.37,198.0,194.6766,318.79,42.08,175.2,18.21,42.9138,110.09,60.8,245.78,21.36,290.63,167.82,151.66,17.71,10.32,60.06,12.26,57.9
2026-04-08,67.85,70221.76,209.52,10.51,57.4,22.89,622.47,57.37,59.49,36.96,20.62,106.41,16.69,201.33,439.06,138.53,189.27,50.94,45.47,200.13,205.7395,315.06,41.91,182.05,18.84,43.1021,110.99,61.3,255.0,21.49,296.14,166.51,153.99,18.15,10.34,61.34,13.52,59.1
2026-04-09,67.66,70314.19,212.5,10.43,55.93,23.57,620.31,57.51,57.78,36.61,20.68,105.3,16.4,199.83,436.34,144.5,192.92,51.73,45.36,199.33,202.6455,307.27,41.46,183.47,18.6,42.0018,110.25,61.69,253.5,21.33,294.66,165.22,155.23,17.83,10.1,60.86,13.45,58.59
2026-04-10,67.5,70023.39,213.71,10.32,55.47,23.58,602.48,58.32,58.0,37.11,20.63,104.93,16.53,201.79,425.29,148.66,196.52,51.26,45.14,198.74,205.2819,308.37,41.19,181.35,18.78,42.0414,107.85,59.75,251.43,21.3,292.12,167.12,151.69,17.7,10.38,61.46,13.4,57.79
2026-04-13,66.9,69595.13,212.8,10.83,54.65,23.04,590.24,58.48,57.38,36.81,20.59,105.16,16.47,202.82,408.6,148.75,196.56,51.34,44.87,196.65,206.4359,305.17,41.26,181.89,18.87,42.4082,106.68,58.98,244.87,21.8,288.86,165.9,149.6,17.6,10.14,61.31,13.11,58.44
2026-04-14,66.15,68941.46,207.83,10.59,54.2,22.68,587.21,57.42,57.3,36.73,20.42,104.01,16.44,198.54,404.7,149.25,194.03,48.87,44.22,195.31,205.252,302.96,40.86,177.89,17.88,41.5854,107.16,58.2,242.34,21.5,284.97,165.75,146.0,17.38,10.08,61.89,13.51,57.38
2026-04-15,66.85,69634.71,206.0,10.66,53.62,22.72,592.65,58.92,57.87,37.23,20.58,102.1,15.75,202.52,419.0,154.37,195.56,49.0,45.19,197.37,207.2617,303.91,42.01,178.21,18.11,41.8432,108.66,61.07,244.99,21.65,290.58,164.02,143.0,17.29,10.75,62.75,13.76,57.32
2026-04-16,66.45,69095.02,204.33,10.78,52.85,22.55,585.66,57.9,57.4,37.03,20.18,100.03,15.34,202.03,426.61,142.96,195.51,47.42,44.38,197.0,207.0229,299.53,41.34,177.02,18.98,41.5061,109.35,59.6,247.32,21.75,289.12,165.25,146.54,17.19,10.93,62.76,13.4,56.74
2026-04-17,67.01,69825.94,204.2,10.58,52.26,22.86,588.52,57.19,57.45,37.13,20.78,100.94,15.67,203.11,437.6,143.84,199.86,46.25,44.49,195.81,209.0922,301.13,41.32,180.08,18.84,41.5953,110.21,60.1,252.23,21.7,291.53,179.11,148.36,17.46,11.29,61.96,14.05,56.23
2026-04-20,67.18,70083.73,207.8,10.8,53.31,22.75,574.65,58.14,57.54,37.67,20.79,100.33,15.58,202.79,432.01,143.76,210.94,48.16,45.05,200.02,209.3609,304.04,41.8,177.47,19.3,42.2892,109.03,61.8,253.68,21.69,293.33,176.23,150.99,17.64,11.4,62.39,13.93,55.65
2026-04-21,66.42,68809.17,202.72,11.26,51.1,22.31,563.86,57.27,56.52,37.77,20.56,99.1,15.17,200.15,447.7,143.16,207.99,47.12,44.66,196.26,198.7953,300.56,41.31,174.86,18.7,42.2,107.67,60.86,250.05,21.42,289.91,176.57,147.78,17.25,11.18,61.56,13.72,55.37
2026-04-22,66.38,68836.92,205.03,11.33,51.8,22.38,564.3,56.48,54.72,38.19,20.43,98.51,15.15,197.13,457.42,144.4,208.5,45.4,45.03,195.65,200.9741,302.49,41.78,174.22,18.55,42.0712,107.21,59.49,250.33,21.45,287.49,176.44,149.77,17.15,10.72,61.71,13.44,54.88
2026-04-23,66.36,68631.16,213.44,11.21,51.35,22.73,548.0,54.2,54.13,38.54,21.86,101.05,14.92,198.11,458.83,143.79,204.95,47.27,44.64,192.53,195.5321,293.01,41.6,177.45,17.27,41.863,105.71,59.41,247.6,21.03,284.14,181.32,146.11,17.07,10.68,61.67,12.97,54.14
2026-04-24,67.18,69230.56,218.46,11.34,52.53,23.18,554.04,54.59,54.7,38.81,21.55,101.51,14.9,197.34,467.99,145.32,205.07,46.92,45.02,194.01,198.9744,297.03,41.61,178.15,16.79,41.3,106.4,60.14,254.79,20.99,288.31,182.54,145.5,16.87,10.72,63.14,13.12,54.3
2026-04-27,66.03,67992.36,216.16,11.24,51.91,22.44,535.8,55.73,53.6,38.41,21.27,100.49,14.76,196.51,443.9,141.31,198.59,47.15,44.6,191.9,195.7311,296.2,41.35,175.14,16.62,41.22,105.57,60.68,242.42,20.74,282.0,177.33,145.83,16.45,10.24,61.92,12.87,53.54
2026-04-28,65.35,67269.29,211.78,11.95,51.38,22.75,530.68,54.5,53.67,38.92,21.06,99.93,14.58,197.6,443.57,137.49,197.88,46.96,43.31,192.5,187.6528,296.0,41.09,175.7,16.31,41.7,104.13,61.42,229.8,20.58,279.2,176.29,142.13,16.36,9.9,62.0,12.63,53.28
2026-04-29,65.56,67097.06,208.0,12.46,50.47,22.98,524.0,54.19,54.46,38.64,21.36,100.93,14.37,196.29,431.98,135.46,203.96,45.98,42.24,189.25,189.165,294.34,39.47,173.39,16.3,41.28,103.3,58.35,232.0,20.73,279.52,171.28,141.19,16.46,10.04,61.6,12.55,55.4
2026-04-30,66.02,67858.09,209.99,12.5,51.51,23.24,531.18,54.97,59.38,39.3,21.46,102.21,14.15,206.33,439.94,133.33,206.03,45.65,43.0,190.37,190.518,303.69,39.45,176.95,16.43,39.46,103.24,61.43,230.5,20.83,276.58,174.68,146.66,16.6,9.97,62.34,13.05,55.23
2026-05-04,65.59,67283.6,209.75,12.17,51.0,23.25,523.67,53.14,58.49,39.13,20.8,101.51,14.23,208.21,431.99,131.6,201.07,45.06,42.9,189.02,188.1104,301.8,39.14,177.93,16.36,39.03,103.97,60.9,227.28,21.71,285.87,173.27,139.92,16.25,9.89,61.8,12.79,53.99
2026-05-05,66.68,68590.57,213.52,12.48,52.25,23.67,532.24,53.75,58.7,39.4,22.38,103.0,14.4,210.57,433.99,135.81,205.7,46.03,43.06,188.96,191.3238,303.19,39.86,185.05,16.24,39.38,104.58,61.99,232.38,22.4,293.77,171.99,138.29,16.43,9.96,62.12,13.05,55.5
2026-05-06,66.89,69855.23,218.66,12.25,52.5,23.39,536.01,55.65,59.46,39.65,23.4,102.85,14.33,210.35,429.48,135.92,208.36,47.06,42.9,192.63,201.183,304.09,39.75,184.02,16.79,39.38,104.32,61.74,229.33,22.64,292.02,174.42,142.07,16.38,9.93,62.83,13.5,55.82
2026-05-07,67.04,70019.45,219.03,12.02,53.4,23.15,538.51,55.7,60.25,39.32,22.75,101.54,14.03,206.63,433.88,140.0,210.61,47.21,42.96,194.8,202.8942,304.04,39.13,183.49,17.27,39.4,104.52,61.15,230.26,23.06,297.47,172.11,142.88,16.32,9.89,61.79,13.6,56.83
2026-05-08,67.1,69855.58,222.01,11.57,53.39,23.45,531.61,54.47,58.5,37.79,22.61,102.0,14.34,208.32,425.35,140.2,212.38,47.25,43.15,192.82,204.6153,303.46,39.25,182.28,17.12,39.64,105.69,59.87,231.89,23.06,294.85,169.61,142.25,16.25,9.87,61.5,13.3,56.86
2026-05-11,67.27,70246.3,219.94,11.47,53.67,23.63,538.25,54.4,59.3,37.98,22.87,103.07,13.63,211.43,424.0,142.17,217.43,45.75,43.29,192.14,206.1076,303.17,38.94,180.6,16.83,39.83,106.14,62.19,232.0,23.62,296.15,171.99,144.44,16.42,9.88,61.79,13.09,57.4
2026-05-12,66.82,70036.66,216.32,12.14,52.86,23.35,535.25,55.1,58.95,37.59,22.7,100.0,13.46,214.99,422.12,141.43,217.29,46.18,42.8,191.52,208.3262,301.35,38.82,181.39,16.84,39.07,106.0,61.99,230.42,23.8,288.78,165.03,145.99,16.5,9.84,59.9,12.71,55.62
2026-05-13,67.1,70187.45,218.5,12.2,53.16,23.36,523.53,55.19,58.34,37.74,22.73,96.38,13.32,211.52,419.49,141.47,214.19,45.37,42.13,192.92,214.1064,298.12,38.76,181.67,16.28,38.89,106.32,60.48,227.48,23.5,291.99,164.0,140.25,16.63,9.85,59.86,12.63,55.53
2026-05-14,66.05,69206.85,214.49,11.96,52.17,23.41,517.25,54.15,59.04,37.22,22.64,96.0,13.22,210.2,420.05,140.22,214.18,44.8,41.88,185.44,209.918,298.78,38.39,181.78,16.15,38.04,105.01,59.78,223.88,23.37,283.78,162.42,138.81,16.26,9.82,59.35,11.98,54.5
2026-05-15,65.64,67976.5,216.0,11.73,52.17,23.13,513.23,54.7,59.19,37.27,21.82,95.61,13.21,210.39,413.32,138.94,210.2,43.99,41.92,184.04,201.0636,298.23,38.28,180.84,15.71,37.8,104.54,58.99,222.96,22.54,278.96,164.38,139.52,15.96,9.94,59.23,11.46,54.82
2026-05-18,65.71,68405.2,219.11,11.5,50.92,23.22,513.03,54.22,58.0,37.6,22.0,96.61,13.34,211.08,419.5,137.02,208.83,43.59,42.56,188.03,199.3723,299.28,37.99,182.76,15.72,37.98,106.1,58.39,226.41,22.24,280.65,166.67,140.35,16.33,9.81,60.11,11.06,55.96
2026-05-19,,68555.63,218.64,11.71,50.63,23.23,521.62,55.53,59.89,37.52,21.4,98.55,13.36,211.95,426.87,137.35,209.89,45.61,42.78,191.0,198.4272,297.51,38.56,183.2,15.92,38.5,104.8,59.5,224.8,22.55,283.81,168.61,139.47,16.5,9.83,59.32,10.81,55.5
2026-05-20,66.67,68893.93,220.87,11.7,52.36,23.1,536.5,55.73,59.94,37.04,21.93,98.23,13.52,209.64,431.82,135.09,210.32,45.8,42.87,188.05,201.9889,293.81,38.82,184.15,15.92,38.49,105.38,60.89,227.0,22.76,285.29,170.89,139.0,16.33,9.81,59.55,11.53,55.59
2026-05-21,,68384.41,221.25,12.09,51.81,22.82,533.47,55.51,58.04,36.64,21.72,97.4,13.6,210.09,420.74,134.35,201.13,44.01,42.6,186.81,202.1082,294.49,38.08,185.08,15.63,38.05,102.67,59.63,225.94,22.16,278.08,168.86,139.31,16.36,9.68,59.01,12.0,55.16
2026-05-22,,68333.47,221.17,12.15,51.64,22.66,523.01,55.25,58.22,37.0,21.83,96.01,13.75,209.93,416.34,134.86,201.76,43.03,43.08,191.22,204.8939,292.47,37.6,185.71,15.59,37.66,101.51,59.22,222.78,22.09,278.16,170.78,140.5,16.62,9.77,59.38,11.89,55.53
2026-05-25,66.38,68261.17,222.46,11.96,51.35,22.25,527.31,54.67,57.81,36.54,22.08,95.05,14.09,210.75,426.0,133.29,202.31,42.69,43.01,189.0,205.2023,295.61,37.65,187.98,15.65,37.47,102.94,59.49,227.49,22.01,274.01,168.61,137.67,16.54,9.65,59.96,11.92,55.26
2026-05-26,66.91,69197.57,225.91,12.14,51.56,22.48,535.9,55.89,58.74,36.81,22.67,94.97,13.98,211.09,422.49,136.42,206.46,42.27,43.18,193.33,212.5445,296.82,37.73,187.97,15.89,37.8,102.89,59.32,220.55,22.55,279.4,173.2,139.26,16.62,9.88,60.09,12.58,54.48
2026-05-27,67.81,70021.35,230.08,12.73,52.96,22.68,530.42,57.64,59.5,36.76,23.01,97.13,14.13,213.08,424.95,136.6,208.99,41.85,44.02,199.95,214.5143,297.42,39.05,190.56,16.06,38.1,103.32,60.48,221.73,22.56,283.22,177.58,143.47,16.65,9.9,60.73,13.11,54.75
2026-05-28,66.39,68866.28,225.21,12.54,53.03,22.35,519.86,57.04,58.87,37.21,22.63,97.65,14.12,209.22,411.98,133.33,210.94,43.87,43.24,185.15,214.1462,292.8,38.26,185.6,15.65,38.06,102.67,60.54,218.65,22.5,282.04,174.87,140.5,16.56,9.7,60.41,13.47,52.6
2026-05-29,66.13,68587.74,224.99,12.51,53.19,22.08,513.92,56.17,59.69,36.63,22.77,98.0,14.25,206.62,407.34,136.38,210.02,42.86,43.2,180.63,213.1911,291.39,38.4,187.08,15.96,38.45,102.99,59.12,217.77,23.37,279.15,174.9,134.43,16.56,9.33,60.72,13.69,52.48
2026-06-01,65.75,68137.03,222.24,12.45,52.29,21.93,513.39,56.46,57.5,37.31,22.77,97.51,14.12,204.01,400.32,131.89,211.59,44.08,43.22,180.45,214.7232,290.45,38.58,185.07,15.63,37.6,102.44,58.8,217.51,23.34,273.99,177.78,139.01,16.05,9.28,60.17,13.15,52.14
2026-06-02,66.63,68890.33,222.96,12.25,53.53,22.22,524.89,57.18,57.99,38.06,22.67,94.12,14.0,207.45,414.92,135.49,209.7,44.73,43.4,182.66,218.7724,293.39,38.3,187.88,15.52,37.91,103.16,59.71,222.76,23.33,277.39,176.98,138.46,16.04,9.25,60.11,13.62,51.83
2026-06-03,66.32,68285.82,220.0,12.27,52.48,22.14,514.16,55.91,58.29,37.64,22.45,93.62,14.02,211.97,418.01,134.05,206.1,43.04,43.1,181.22,212.6141,294.39,38.1,186.51,15.25,37.7,102.75,59.11,220.05,22.95,275.48,172.8,135.06,16.05,9.08,60.06,13.79,52.05
2026-06-04,65.66,67392.19,217.83,12.19,51.12,21.9,506.64,56.1,57.14,37.8,22.39,92.83,14.17,211.59,414.21,131.93,204.35,42.13,43.07,179.89,210.3657,290.36,37.71,184.6,15.27,37.25,101.54,60.02,215.43,22.59,273.72,171.77,134.22,15.95,9.34,58.98,13.44,51.57
2026-06-05,65.09,66141.38,215.53,12.21,49.28,21.68,493.31,55.0,55.78,37.08,21.71,92.24,14.0,214.1,398.75,129.5,200.3,40.75,42.05,177.08,201.2129,288.01,36.92,185.04,14.7,36.66,100.72,59.57,211.83,21.92,266.06,170.2,131.01,15.77,9.21,59.15,12.71,51.11
2026-06-08,64.64,65650.23,215.08,12.6,49.51,21.71,491.54,55.55,56.0,36.81,21.11,90.33,14.17,212.87,393.1,131.33,199.04,39.18,41.89,175.73,201.4317,291.03,36.91,183.08,14.9,36.76,99.2,59.23,210.95,21.67,266.92,170.04,129.21,15.62,9.28,59.77,12.88,51.44
2026-06-09,,65409.48,210.88,12.8,48.22,22.05,485.1,55.28,55.65,36.59,21.1,91.51,14.45,212.55,394.73,130.7,198.13,38.49,41.84,174.27,200.7154,292.14,36.16,181.35,15.14,36.68,99.59,58.82,210.44,21.59,270.12,167.74,129.59,15.45,9.76,59.17,12.95,50.58
2026-06-10,,64821.61,209.37,12.72,48.15,22.12,480.76,54.59,56.78,36.03,20.57,90.88,14.4,215.58,385.08,136.66,194.22,36.2,41.69,174.62,196.9847,289.17,35.62,181.03,14.76,36.41,99.65,58.5,208.63,21.64,268.11,167.07,126.36,15.38,9.76,58.77,12.58,50.12
2026-06-11,65.64,66977.05,210.15,12.5,48.28,23.9,490.16,52.81,58.33,36.83,21.87,90.94,14.19,221.48,398.57,135.97,199.16,37.94,41.56,182.46,205.4112,293.79,36.52,184.42,14.82,36.87,99.99,58.14,213.83,22.03,274.16,169.6,126.0,15.84,9.88,58.58,13.14,51.71
2026-06-12,66.73,67954.55,210.42,11.95,48.29,23.92,494.97,55.18,58.24,37.04,22.31,90.89,14.25,222.73,407.52,138.97,202.0,36.91,42.21,187.96,208.2665,296.7,37.42,187.96,14.61,36.92,100.6,59.46,219.39,21.99,280.99,171.28,128.56,16.04,9.99,59.12,13.8,52.15
2026-06-15,67.22,68207.6,212.4,11.86,46.46,23.43,518.53,54.99,58.25,35.99,22.26,91.74,14.91,217.48,425.59,139.49,208.2,35.72,41.87,187.01,213.0717,292.33,37.45,185.07,14.73,37.23,101.13,58.89,235.98,21.74,281.26,170.88,130.08,15.95,10.2,59.2,14.43,52.69
2026-06-16,67.18,68482.94,215.29,11.89,46.91,23.12,525.98,55.33,58.0,36.36,22.36,93.02,14.66,219.27,431.45,140.57,208.07,38.02,41.7,189.94,213.3006,291.72,37.86,183.5,14.59,36.78,100.66,57.8,240.87,21.78,281.98,171.18,129.98,15.93,10.25,58.94,14.94,52.22
2026-06-17,67.68,68304.73,214.51,12.12,48.13,23.0,522.99,55.0,57.88,36.05,21.91,92.15,14.41,217.35,430.79,142.42,205.04,38.17,42.22,190.26,213.8776,291.99,37.93,186.67,14.72,36.71,100.02,57.6,241.6,21.64,285.16,175.13,132.4,16.05,10.5,59.65,15.0,51.76
2026-06-18,67.65,68265.11,210.59,12.15,46.63,23.01,534.33,56.12,57.16,35.47,22.15,90.21,14.47,219.41,441.5,152.81,205.07,37.82,42.28,191.61,213.1115,288.54,37.06,190.35,14.65,36.37,100.24,57.5,247.05,21.1,282.75,174.91,131.61,15.61,10.52,58.68,15.51,50.32
2026-06-19,66.77,67705.37,208.32,12.1,46.86,23.61,544.13,54.88,58.92,34.42,21.52,90.36,14.73,217.4,436.88,143.03,214.33,38.35,41.76,189.48,206.4359,287.07,38.37,181.26,14.97,35.92,101.52,57.85,237.31,21.2,272.46,177.19,128.87,15.88,10.05,59.4,15.1,50.96
2026-06-22,66.18,67125.26,206.29,12.55,46.11,22.65,521.13,54.77,56.2,35.42,21.8,89.11,14.48,217.2,430.6,138.11,204.64,37.4,41.15,188.04,209.2813,284.04,37.51,184.91,14.31,35.22,101.68,57.5,237.38,21.51,269.95,173.07,128.25,15.59,9.45,58.46,15.77,50.46
2026-06-23,66.04,66848.42,210.33,12.5,46.4,22.74,516.65,54.79,56.02,35.38,21.37,89.76,14.5,223.29,426.86,135.35,202.68,37.75,40.99,184.55,205.0431,280.58,37.17,188.09,14.42,35.17,99.91,57.31,235.06,21.57,274.15,173.55,127.49,15.52,9.5,58.21,16.13,50.68
2026-06-24,65.84,66278.01,211.24,12.51,44.88,23.0,531.18,54.85,55.21,35.24,21.12,90.75,14.5,216.27,432.95,133.75,200.12,37.73,41.0,182.16,195.6316,280.84,37.23,184.34,14.66,35.02,99.89,58.06,236.88,21.56,273.65,173.69,127.8,16.16,9.69,57.33,16.13,51.48
2026-06-25,66.43,67416.22,211.26,12.49,44.33,23.05,541.09,56.08,56.38,35.1,21.68,90.91,14.7,219.34,444.19,135.29,208.47,38.1,41.42,185.97,201.9391,282.99,38.24,185.2,15.04,35.75,101.49,59.47,243.69,21.92,280.12,175.96,130.81,16.4,9.61,58.65,16.55,51.12
2026-06-26,66.76,67226.01,211.78,12.53,44.37,23.2,536.74,55.86,57.09,34.92,21.51,90.51,14.61,225.2,441.57,133.83,208.11,38.24,41.01,182.9,198.9744,283.56,38.85,186.96,14.97,35.98,101.71,60.2,245.6,22.2,276.34,175.0,131.22,16.03,9.48,59.02,16.36,50.86
2026-06-29,67.13,67640.59,210.83,13.18,44.63,23.41,536.97,57.15,57.0,34.59,21.31,90.04,14.89,228.93,447.15,133.83,209.16,39.83,41.49,184.88,200.0986,282.5,38.89,186.16,14.9,35.52,101.79,60.9,246.32,22.9,282.58,177.07,135.62,16.21,9.66,59.66,16.2,51.1
2026-06-30,66.43,66966.68,209.12,12.78,45.8,22.73,536.12,56.65,57.1,34.85,21.0,89.49,14.5,223.5,441.9,130.51,207.84,37.9,41.68,185.2,196.6066,282.05,38.62,185.87,14.98,35.32,102.01,62.43,247.17,22.56,277.77,175.29,133.52,16.05,9.63,60.12,16.34,51.26
2026-07-01,66.79,67247.79,208.53,12.7,45.07,22.51,541.18,56.76,56.22,35.94,21.31,89.64,14.51,224.44,446.84,127.82,207.87,39.78,41.84,190.0,196.0097,278.61,38.56,185.3,15.56,35.2,102.92,62.8,245.87,22.58,282.21,180.09,136.84,16.12,9.5,60.56,16.21,51.02
2026-07-02,,67071.11,207.83,12.74,45.42,22.46,543.93,56.72,56.6,35.99,21.43,89.62,14.46,225.47,438.44,128.8,206.43,38.92,41.45,188.53,196.4574,283.05,38.51,187.4,15.23,35.56,102.37,61.91,243.28,22.92,283.25,179.11,134.11,16.32,9.34,60.26,16.0,49.96
2026-07-03,66.41,67060.49,206.84,12.75,45.2,22.48,531.03,56.34,56.53,35.8,21.44,90.36,14.63,225.49,438.1,126.28,207.04,39.04,41.46,187.63,198.3277,281.56,38.44,186.86,15.33,35.35,101.62,61.41,243.75,23.0,282.0,179.53,135.17,16.07,9.38,60.58,16.02,50.18
2026-07-06,67.1,67466.46,205.75,12.66,44.78,23.04,537.01,56.84,57.15,36.54,21.41,89.0,14.52,226.3,442.76,129.07,209.93,39.06,41.68,188.33,201.3621,282.72,39.27,187.63,15.34,35.28,99.8,63.0,245.91,22.79,284.63,181.55,134.98,16.35,9.58,60.9,16.17,49.06
2026-07-07,65.74,66674.7,207.79,12.56,44.47,23.03,507.53,56.39,56.7,36.3,21.23,89.93,14.62,226.89,417.62,128.54,205.99,39.57,42.13,188.97,193.1146,287.01,39.13,185.91,15.28,35.73,99.82,61.74,234.83,22.36,283.94,175.53,134.41,16.26,9.62,60.87,15.84,49.94
2026-07-08,65.67,66609.64,206.12,12.69,44.66,23.18,499.28,56.19,57.03,36.2,21.36,90.34,14.5,224.71,416.0,128.74,205.65,38.74,41.9,187.67,195.363,284.21,38.72,183.45,15.04,36.01,101.3,60.86,236.19,22.4,284.21,175.34,134.35,16.43,9.53,60.58,14.79,49.78
2026-07-09,65.12,66107.28,202.46,12.6,44.77,22.7,496.03,54.96,56.1,36.02,21.66,90.0,14.5,222.73,412.12,125.94,203.62,39.3,41.17,185.51,194.8954,282.29,38.49,180.82,15.13,35.68,100.39,61.45,238.51,22.41,279.58,173.62,130.9,16.32,9.5,59.6,14.85,49.06
2026-07-10,65.12,66496.1,197.9,12.59,44.5,22.7,497.71,56.19,56.06,36.11,21.82,90.42,14.5,223.2,412.01,126.29,203.1,40.56,41.41,186.51,197.6015,282.99,38.13,182.08,15.2,35.46,100.61,61.0,235.73,22.53,281.07,173.22,132.1,16.15,9.74,60.0,14.61,49.31
2026-07-13,64.76,65973.08,197.76,12.5,43.88,22.86,487.01,55.75,55.97,36.23,21.79,90.75,14.5,225.36,407.66,124.84,199.89,39.86,41.34,181.91,194.7561,280.99,38.2,181.26,15.13,35.67,99.69,61.3,232.47,22.73,278.02,173.61,129.68,16.04,9.58,59.75,13.73,49.66
2026-07-14,65.11,66514.3,197.28,12.66,42.8,22.85,482.38,56.73,56.55,36.48,22.24,89.8,14.5,232.52,394.05,126.7,205.49,39.94,42.1,186.0,198.5864,280.31,38.53,180.0,15.12,35.47,99.91,61.39,235.49,23.06,281.88,175.02,129.51,16.26,9.49,60.04,13.53,49.32
2026-07-15,64.91,66399.71,196.69,12.7,41.84,22.8,492.89,58.09,57.5,36.74,22.64,89.5,14.5,223.27,398.24,126.73,206.03,39.15,42.1,183.98,198.9943,280.76,38.73,177.25,14.98,34.69,99.83,62.28,234.61,23.13,282.5,172.5,126.59,16.18,9.6,60.71,13.9,49.61
2026-07-16,64.87,66356.09,196.73,12.8,41.78,22.78,489.96,57.11,58.25,36.2,22.74,89.7,14.44,225.2,391.88,129.5,210.34,38.63,42.0,180.87,197.8303,286.75,38.91,179.47,14.85,34.57,99.8,62.56,231.98,22.78,283.0,173.42,127.25,16.52,9.52,61.02,13.69,49.59
2026-07-17,65.0,66634.23,200.48,12.58,41.21,23.0,490.0,57.45,58.0,35.8,22.69,90.12,14.8,225.68,386.0,133.84,211.11,39.54,42.2,181.34,199.0241,287.32,38.67,181.1,14.73,34.06,100.77,62.95,230.06,22.95,279.54,173.01,126.83,16.6,9.57,60.59,13.45,49.52
2026-07-20,,66122.78,201.48,12.34,41.23,22.74,476.53,57.4,59.31,35.7,21.81,89.7,14.97,226.85,378.19,137.32,205.47,38.17,42.07,180.0,200.417,287.6,38.39,180.95,14.74,34.79,100.62,64.1,226.42,23.16,277.03,175.96,127.19,16.26,9.71,59.62,13.5,49.38
2026-07-21,64.87,66713.83,204.26,12.25,40.19,22.76,477.53,56.66,59.39,35.44,22.07,88.26,14.51,226.99,378.33,134.92,203.71,38.71,42.3,185.8,208.4655,282.6,38.4,181.05,14.43,34.59,99.81,61.5,225.89,23.43,279.74,173.74,128.18,16.29,9.7,58.78,13.87,49.15
2026-07-22,65.61,67303.83,205.63,12.43,40.07,22.7,473.55,57.14,60.3,36.27,22.17,87.01,14.54,227.98,378.4,136.75,208.71,39.79,42.75,191.99,213.2409,280.45,38.85,182.55,14.5,34.02,100.1,62.48,229.62,24.01,281.06,158.75,129.26,16.55,9.82,59.16,13.61,48.65
2026-07-23,64.69,66266.01,196.66,12.49,40.0,22.84,472.5,56.65,59.08,37.1,21.48,86.28,14.41,222.31,375.37,140.48,207.29,39.17,41.81,189.0,207.2816,268.11,39.2,179.34,14.0,33.32,100.09,62.02,227.18,23.98,278.49,158.93,127.24,16.86,9.79,59.52,13.23,47.27
2026-07-24,64.9,66383.26,198.62,12.49,40.66,22.8,468.21,58.21,58.26,36.92,21.18,86.91,14.79,221.92,377.44,141.63,203.32,39.8,42.54,193.04,206.2171,268.7,39.7,179.29,14.47,34.21,100.49,62.1,226.14,24.17,281.17,158.76,131.71,16.71,9.73,58.73,13.26,48.0
2026-07-27,65.77,67157.91,199.0,12.76,41.0,22.49,470.36,59.74,59.24,38.08,21.37,88.17,15.13,230.17,377.4,144.99,204.41,41.04,43.4,196.59,208.4257,269.0,39.92,189.0,14.52,34.46,102.5,62.26,228.74,24.4,283.8,161.55,133.49,17.15,9.93,59.95,13.61,48.52
2026-07-28,66.01,67307.54,198.22,12.83,41.7,22.48,472.22,60.67,59.5,39.54,20.99,90.31,15.25,222.17,379.13,152.0,210.22,40.42,44.98,199.12,208.2068,268.0,40.64,189.82,14.7,34.61,103.08,62.95,235.27,24.59,280.06,160.61,139.19,17.32,9.86,60.98,13.76,48.74
2026-07-29,65.2,66479.89,197.8,12.94,41.96,21.77,474.33,59.63,59.96,39.35,20.51,90.08,15.73,211.26,379.85,150.0,202.77,40.88,44.43,197.01,206.7245,267.17,40.39,186.22,14.46,34.24,103.63,62.61,233.18,24.22,277.62,161.0,136.02,17.34,9.86,60.72,13.29,49.54
2026-07-30,65.86,67290.4,199.11,12.82,42.41,21.99,479.69,58.14,60.83,38.73,20.74,90.4,15.51,219.7,382.13,146.96,201.14,40.27,44.52,200.9,211.1914,268.28,40.34,189.04,14.5,34.39,104.84,61.9,233.94,24.31,276.82,161.1,141.77,17.57,9.94,59.65,13.74,50.34
2026-07-31,65.61,66936.99,197.82,12.87,42.16,22.0,478.58,57.55,62.08,38.55,20.54,90.22,15.63,221.95,376.64,147.68,198.93,40.21,44.63,199.64,207.2219,258.23,40.19,187.94,14.67,34.22,103.93,58.47,231.05,24.49,274.44,158.02,142.52,17.63,9.79,59.86,13.55,50.36
2026-08-03,65.25,66697.22,195.14,12.64,41.72,21.68,481.34,56.81,61.16,38.29,20.6,90.68,15.88,217.81,377.5,148.29,198.2,40.54,44.1,198.18,210.5348,263.2,40.01,185.35,14.61,33.46,104.44,57.48,230.9,24.39,275.52,156.23,145.47,17.5,9.67,59.64,13.94,49.94
2026-08-04,65.56,66833.16,194.3,12.73,41.01,21.54,476.91,56.73,61.07,38.64,20.1,90.66,15.85,218.19,382.0,153.9,198.44,40.63,43.5,197.72,216.3847,263.07,40.29,187.87,14.52,33.47,104.94,57.65,239.84,24.32,277.51,157.87,143.28,17.39,9.6,58.81,14.34,50.13
2026-08-05,65.01,66525.18,193.7,12.52,41.33,20.74,469.81,57.92,61.37,36.76,19.9,90.01,15.5,214.59,374.0,144.62,194.52,40.68,43.2,199.03,221.5083,256.62,40.27,187.07,14.34,32.45,104.8,56.25,235.58,23.81,272.88,157.43,143.08,17.16,9.49,58.09,14.39,48.65
2026-08-06,65.1,66396.15,194.64,12.59,41.8,20.62,477.96,57.53,60.64,37.03,19.48,90.12,15.69,210.07,382.0,144.35,196.53,40.46,43.41,199.0,218.0063,253.56,40.15,188.0,14.11,32.47,104.36,56.18,237.7,24.02,274.36,157.94,143.02,17.15,9.8,57.82,13.97,49.01
2026-08-07,65.24,66938.64,197.94,12.54,41.76,20.41,475.59,57.78,61.21,37.48,19.48,91.12,15.95,209.34,382.39,145.31,198.93,40.97,43.49,199.74,224.2939,254.51,40.73,189.0,14.37,32.99,104.59,56.99,236.74,23.76,277.56,158.0,143.83,17.31,9.77,58.9,14.06,49.6
2026-08-10,64.86,66438.58,195.79,12.55,41.69,20.52,472.89,57.28,61.52,37.52,19.43,91.65,15.91,205.6,370.28,141.24,199.15,41.36,44.08,197.03,223.8462,255.42,40.38,186.29,14.22,32.78,106.8,56.9,232.51,23.6,271.92,158.0,142.11,17.03,10.01,58.71,13.89,48.3
2026-08-11,63.95,65564.76,193.58,12.43,41.4,20.03,463.06,56.41,61.64,38.0,19.16,91.7,15.89,201.71,364.14,142.8,198.44,39.08,43.61,191.56,220.8118,251.62,39.51,187.39,14.04,32.55,104.81,56.23,232.53,22.97,268.93,156.81,137.07,17.2,9.68,58.81,13.51,48.56
2026-08-12,64.0,65755.97,193.74,12.26,41.6,19.84,468.25,56.78,60.84,37.52,19.23,91.87,15.27,200.41,365.27,144.6,200.06,39.04,43.25,194.0,223.3388,252.37,39.78,187.1,14.05,32.87,104.74,56.56,233.25,22.54,265.8,156.03,137.18,17.26,9.77,58.72,13.54,48.02
2026-08-13,63.03,64826.39,193.37,12.68,40.51,19.87,454.31,56.59,61.05,37.18,18.91,93.37,15.26,198.28,356.15,140.89,194.81,38.49,43.06,191.91,218.255,254.21,39.41,186.08,13.83,32.31,104.37,56.2,229.09,22.6,262.83,155.12,134.93,17.02,9.78,57.68,13.66,47.12
2026-08-14,62.74,64397.45,192.37,12.41,40.22,19.97,449.82,55.74,60.38,37.73,18.89,92.08,15.31,201.18,351.99,137.64,192.41,37.96,42.51,188.0,215.8574,253.05,39.13,184.36,13.68,32.29,103.13,56.38,219.62,21.77,261.03,150.28,133.01,17.15,9.91,57.93,13.5,47.41
2026-08-17,62.3,64254.98,190.57,12.27,40.61,20.2,446.96,55.63,58.39,36.71,18.95,90.94,14.78,199.75,349.99,137.24,192.8,37.58,42.55,187.7,217.3497,250.46,38.69,184.84,13.67,32.01,102.2,56.6,219.49,21.58,259.53,150.01,134.54,17.16,9.73,57.46,13.06,46.98
2026-08-18,62.49,63933.69,190.71,12.24,40.16,20.2,442.67,55.37,59.12,36.96,18.26,92.1,14.63,200.41,349.58,138.42,192.28,38.14,42.69,187.48,215.7181,251.52,38.54,187.0,13.54,32.1,103.1,56.26,214.31,21.86,254.66,150.09,134.48,17.22,9.42,57.83,12.6,47.14
2026-08-19,62.35,63999.26,189.05,12.26,40.3,19.99,439.71,55.91,58.9,37.07,18.15,92.69,14.79,201.34,349.0,138.93,192.29,38.68,44.07,184.48,217.8272,250.77,38.64,191.68,13.43,32.08,102.48,55.73,215.28,21.74,254.35,149.0,133.61,17.35,9.33,57.63,12.16,46.97
2026-08-20,62.61,64349.8,189.76,12.38,39.8,19.86,441.33,56.0,58.58,36.65,18.06,92.88,14.73,201.01,355.6,135.14,190.68,38.15,43.5,186.11,222.0554,252.22,38.62,191.72,13.27,32.15,101.2,56.13,215.19,21.76,254.04,152.42,136.43,17.47,9.2,58.39,11.74,47.59
2026-08-21,63.58,65729.18,192.8,12.46,40.26,20.13,444.99,56.54,59.87,37.48,18.83,93.02,14.68,203.95,358.37,139.38,201.52,38.52,43.9,188.47,235.7847,251.67,39.06,189.51,13.57,31.97,101.0,56.12,217.58,21.89,262.0,150.1,138.2,17.8,9.42,60.87,11.79,46.53
2026-08-24,63.7,65770.85,195.24,12.54,40.35,20.22,443.63,56.51,60.26,37.82,18.77,92.65,14.6,206.94,348.59,138.92,199.7,39.59,43.27,188.44,236.113,251.39,39.69,194.66,13.55,32.11,100.86,55.98,217.77,21.83,261.73,149.68,138.42,18.14,9.48,60.06,11.86,46.83
2026-08-25,64.3,66293.07,198.02,12.42,41.21,20.15,446.41,57.33,60.02,38.19,18.69,94.15,14.29,209.76,354.53,138.95,195.57,39.6,43.49,190.24,236.6104,250.28,39.96,197.88,13.54,32.34,101.0,54.81,220.0,20.81,262.97,152.94,139.52,18.26,9.4,59.31,12.04,47.68
2026-08-26,64.38,66191.11,195.52,12.19,41.2,20.09,445.42,57.71,59.99,39.0,18.68,94.39,14.72,208.53,365.0,136.41,193.56,40.16,43.97,193.5,233.1184,250.25,39.77,194.79,13.55,32.02,101.04,54.99,217.54,20.42,262.28,154.44,141.17,18.17,9.66,58.5,11.94,48.08
2026-08-27,64.06,65829.98,193.73,12.22,41.31,19.96,441.4,57.15,59.08,39.14,18.58,92.31,14.55,203.79,365.01,137.9,193.8,41.91,43.88,190.61,230.52,248.61,39.77,191.87,13.55,31.94,101.7,54.45,218.1,20.87,261.79,155.35,142.34,18.17,9.35,58.77,11.77,47.8
2026-08-28,63.6,65484.32,194.34,12.31,41.14,19.8,438.0,57.06,58.85,39.17,18.58,91.63,14.64,204.93,353.74,137.38,194.9,42.32,44.22,190.5,229.31,249.74,40.13,191.48,13.47,32.19,101.46,54.4,213.65,20.88,260.06,155.42,141.38,18.32,9.34,58.21,11.55,48.0
2026-08-31,63.37,65430.32,194.99,12.77,41.44,19.61,436.83,57.62,59.25,38.89,18.32,89.12,14.54,204.8,351.0,139.42,193.28,40.66,44.27,192.71,232.59,249.13,39.88,188.97,13.17,32.0,101.29,51.96,210.7,21.26,261.7,153.43,140.97,18.68,9.32,58.58,11.08,47.27
2026-09-01,62.56,64514.25,193.11,12.36,41.5,19.59,425.74,56.88,58.17,38.14,17.83,88.72,14.51,204.02,344.4,139.3,190.75,40.32,43.38,192.22,223.18,252.06,39.38,188.85,13.14,32.79,100.1,52.91,206.96,20.81,260.67,153.08,138.12,18.27,8.95,58.59,10.93,46.86
2026-09-02,63.1,64884.28,192.92,13.0,41.84,19.46,435.59,58.17,57.91,37.71,18.0,89.16,14.43,205.82,352.2,137.89,188.65,39.99,43.5,196.61,222.88,249.49,39.28,190.57,12.89,32.07,101.73,51.56,212.75,21.15,262.5,154.76,141.83,18.5,9.01,58.47,11.17,46.81
2026-09-03,63.25,65436.16,193.31,12.97,42.85,19.6,434.29,57.31,57.86,37.83,18.45,88.69,14.57,204.7,352.28,142.4,190.74,39.45,44.06,197.96,225.0,248.13,39.1,190.0,13.05,32.02,101.77,51.28,210.25,20.87,264.5,157.24,142.11,18.55,9.04,58.92,11.33,47.57
2026-09-04,63.12,64866.61,192.96,12.97,43.0,19.46,434.0,56.71,56.48,39.12,18.64,87.43,14.44,203.13,351.22,139.05,191.75,39.35,43.81,196.94,223.77,242.96,39.12,189.07,13.04,31.32,99.84,50.79,210.23,20.59,263.02,155.31,140.67,17.99,8.9,58.69,11.6,47.18
2026-09-07,62.85,64727.54,189.0,13.19,43.55,19.35,441.7,57.52,56.61,39.53,18.79,89.73,14.4,201.37,357.9,136.2,191.51,39.95,43.0,198.5,221.6,238.03,39.4,186.52,13.21,32.0,100.1,49.65,218.45,19.84,265.0,153.91,141.69,17.84,7.77,58.06,11.7,46.75
2026-09-08,62.94,65065.56,192.0,13.45,43.7,19.47,432.24,57.76,55.99,39.4,18.68,88.62,14.59,202.18,348.09,135.23,188.94,39.61,43.18,199.85,229.56,238.44,38.96,185.38,12.81,31.78,99.8,50.09,209.98,20.34,270.03,155.86,140.17,18.22,8.38,57.72,11.58,46.37
2026-09-09,62.82,64814.97,193.41,13.96,43.04,19.55,429.93,57.68,56.55,38.5,18.43,87.17,15.07,199.5,351.61,137.6,189.9,39.49,43.05,199.0,228.5,237.54,38.6,184.32,12.91,32.19,100.19,51.6,209.81,20.47,268.38,154.42,141.41,18.35,7.94,57.09,11.43,45.98
2026-09-10,62.41,64106.82,194.86,13.7,42.95,19.38,426.84,57.58,55.77,38.72,18.13,86.99,14.72,198.83,346.01,134.42,182.5,38.75,42.63,199.15,218.34,237.06,38.44,187.16,12.74,31.75,100.8,51.59,208.03,20.06,266.86,155.15,140.65,18.3,7.93,56.94,11.08,46.04
2026-09-11,62.2,63924.77,195.74,13.86,42.98,19.37,427.58,57.6,55.24,38.4,18.14,86.39,14.68,198.1,343.87,135.51,182.01,37.77,42.45,199.51,218.3,233.54,38.5,188.03,12.67,31.68,100.66,51.04,208.5,19.78,262.17,155.0,139.93,18.15,7.99,57.14,11.19,45.49
2026-09-14,62.89,64216.98,198.38,13.99,43.0,19.82,431.82,57.89,55.46,39.28,17.92,87.22,14.4,207.94,345.0,133.7,182.02,37.69,42.72,200.87,214.0,234.23,38.77,191.98,12.6,31.9,100.37,51.91,209.7,19.63,262.22,152.89,140.44,18.34,8.04,57.02,11.06,45.96
2026-09-15,62.47,63507.11,199.81,14.46,43.92,19.9,425.73,57.0,55.02,38.34,17.57,86.86,14.34,207.93,346.89,129.55,181.32,36.84,42.39,195.11,213.2,228.11,38.43,191.02,12.32,31.75,100.29,51.61,206.91,19.26,257.59,152.13,138.7,18.13,7.64,56.6,10.95,45.49
2026-09-17,,63873.32,200.31,14.2,43.06,19.8,421.63,57.26,55.17,38.31,17.51,87.89,14.34,206.95,343.65,129.25,182.37,37.22,42.28,195.4,216.05,236.11,39.12,193.25,12.6,32.23,100.93,52.01,208.42,18.93,258.57,156.47,139.29,18.06,7.93,57.42,11.06,46.27
2026-09-18,62.48,63375.93,200.39,15.01,44.55,19.37,419.0,58.0,54.19,38.34,17.45,83.94,14.48,203.12,349.05,129.95,177.58,37.06,41.21,191.17,211.86,235.08,39.26,190.06,12.36,31.05,105.16,51.42,208.96,19.61,258.62,154.49,137.41,18.42,8.08,57.91,11.31,46.32
2026-09-21,62.44,63536.96,196.32,14.83,43.56,19.36,421.1,57.29,54.52,39.15,17.33,86.89,14.4,206.55,359.0,132.42,179.65,36.87,41.28,193.08,214.46,235.58,38.14,191.15,12.32,32.17,105.0,52.06,214.35,19.49,262.63,152.85,140.64,18.11,8.7,57.79,11.78,45.15
2026-09-22,63.01,64456.59,197.56,14.99,43.29,19.27,422.57,57.3,55.4,38.81,17.75,86.04,14.43,210.79,358.51,134.03,182.01,37.14,41.55,196.9,222.16,236.53,38.77,193.36,12.51,31.38,103.45,51.75,221.23,19.21,263.49,152.83,140.78,18.25,8.52,56.95,12.01,45.87
