fecha,MEXTRAC,MEXTRAC_NAV,IPC,AC,ALPEKA,ALSEA,AMXB,ASURB,BBAJIOO,BIMBOA,BOLSAA,CEMEXCPO,CHDRAUIB,CUERVO,FEMSAUBD,GAPB,GCARSOA1,GCC,GENTERA,GFINBURO,GFNORTEO,GMEXICOB,GRUMAB,KIMBERA,KOFUBL,LABB,LACOMERUBC,LIVEPOLC1,MEGACPO,OMAB,ORBIA,PEOLES,PINFRA,Q,RA,SIGMAFA,TLEVISACPO,VESTA,VOLARA,WALMEX
2025-02-06,50.99,51.21,52674.79,196.44,14.67,47.71,14.96,572.47,47.14,54.49,31.97,13.84,121.44,18.46,183.68,388.09,117.16,203.67,28.13,43.97,147.05,104.0039,344.86,30.53,160.11,27.5,33.5872,102.6,40.51,200.48,13.28,323.0,194.74,177.67,138.76,13.2549,8.01,54.16,16.12,55.65
2025-02-07,51.35,51.29,52817.75,200.59,14.53,48.83,14.99,558.6,47.71,54.05,32.33,13.77,122.32,17.61,180.01,387.46,116.08,208.0,28.52,44.45,147.19,105.8345,348.09,31.23,159.49,28.4,34.0876,103.8,41.02,198.92,13.13,322.0,196.78,186.97,138.49,13.4189,7.99,54.25,16.33,55.3
2025-02-10,51.56,51.4,52928.12,197.51,14.74,49.87,15.0,559.26,46.07,54.42,32.47,13.67,122.32,17.29,178.51,389.03,119.25,203.18,28.3,45.25,147.9,106.7398,352.88,31.25,161.65,28.73,34.3035,105.86,40.5,199.32,12.88,321.17,200.63,188.25,139.27,13.2159,8.09,54.45,16.2,56.26
2025-02-11,51.94,52.07,53451.64,203.42,14.87,49.71,15.18,574.22,46.0,55.35,33.61,13.58,122.36,17.39,180.65,400.71,122.0,203.31,28.28,46.22,150.29,105.337,357.95,30.94,162.98,28.42,34.3428,106.77,41.86,203.18,12.9,306.93,201.38,189.99,137.37,13.536,8.18,54.0,15.9,58.03
2025-02-12,52.94,52.87,54065.72,212.8,14.7,49.59,15.25,590.0,46.7,56.83,35.0,13.5,122.78,18.23,182.42,419.41,121.56,207.49,27.9,48.04,149.71,104.2725,359.5,31.83,171.29,28.92,34.1858,106.7,43.0,206.32,13.16,322.39,202.39,195.8,138.46,13.6921,8.52,54.29,15.9,57.96
2025-02-13,53.0,52.92,54160.11,210.99,14.8,49.46,15.25,586.52,47.18,57.64,37.81,13.59,124.29,18.31,183.33,408.0,122.35,210.42,28.7,48.87,149.36,104.3621,353.81,32.47,173.6,28.84,34.4016,104.94,43.25,204.62,13.64,323.29,203.35,200.15,143.4,13.7155,8.71,54.75,15.81,58.67
2025-02-14,53.0,52.71,54077.94,208.03,14.85,51.49,15.54,575.0,46.92,56.9,37.49,13.65,123.47,19.0,185.18,397.22,122.45,219.99,29.6,48.76,151.48,104.76,354.78,32.05,171.22,28.39,34.1956,105.3,44.7,206.47,14.42,322.82,201.01,196.89,141.9,14.0121,8.68,54.49,16.58,54.61
2025-02-17,51.41,52.91,54291.64,207.9,15.69,50.83,15.77,581.5,48.15,56.8,36.52,13.87,123.45,19.21,184.55,398.0,119.62,217.6,29.58,48.91,152.66,104.7998,359.5,31.45,172.66,28.65,33.9797,106.8,43.84,206.74,14.62,323.51,200.64,200.22,140.84,14.1761,8.77,53.96,16.95,54.77
2025-02-18,53.05,53.2,54476.74,205.33,16.31,51.02,15.4,579.98,47.98,57.43,37.34,13.63,123.25,19.44,185.37,405.94,123.97,219.33,31.21,50.79,157.16,106.5508,355.1,31.91,172.87,28.3,34.1858,105.0,42.3,206.0,15.18,317.99,198.88,203.48,141.01,14.3322,8.57,54.17,17.05,55.77
2025-02-19,53.01,52.9,54110.21,204.4,13.65,51.15,14.93,580.44,47.69,56.37,37.16,13.56,117.51,19.19,185.8,415.78,124.23,219.0,30.45,49.53,156.11,103.9741,356.43,32.26,172.58,27.83,34.4409,103.34,42.03,205.94,15.66,318.35,208.94,198.6,139.91,13.3174,8.32,51.08,17.02,55.8
2025-02-20,52.86,53.07,54303.93,209.0,13.01,50.16,15.03,581.61,48.01,56.78,38.0,13.62,123.5,19.4,183.99,414.62,124.0,218.97,30.23,50.21,155.53,104.1034,353.53,32.48,171.93,27.3,35.0198,102.53,42.15,211.98,15.54,331.15,215.48,193.0,138.47,13.3018,8.26,50.67,17.3,56.5
2025-02-21,52.7,52.72,53738.75,212.25,12.7,49.69,15.03,557.01,47.37,56.26,37.45,13.35,121.5,19.63,182.59,397.54,121.45,216.04,29.88,49.42,153.32,103.218,359.87,32.46,181.19,27.21,34.8922,101.79,44.0,204.09,15.74,322.22,210.9,186.65,139.85,13.2705,7.87,50.1,15.95,56.27
2025-02-24,52.7,52.87,53704.45,214.0,12.86,49.46,14.87,552.45,47.98,56.59,36.67,13.11,120.72,19.53,183.12,398.19,121.86,211.93,30.02,50.02,151.31,103.2478,365.73,33.28,181.34,27.27,35.0689,102.2,45.09,201.83,15.79,316.03,209.51,196.33,142.14,13.5906,8.0,49.41,14.02,56.65
2025-02-25,52.1,52.08,53050.33,212.99,13.0,47.13,14.8,547.97,46.93,56.49,36.72,13.2,120.55,19.54,182.67,390.0,118.7,209.97,29.04,48.34,147.94,102.5017,361.38,32.86,178.87,26.72,34.5586,101.98,43.61,195.9,14.61,320.95,205.87,195.6,134.44,13.5906,7.94,48.59,13.45,55.91
2025-02-26,52.07,52.21,53296.71,214.99,13.1,45.9,14.95,556.1,46.41,57.32,37.49,13.25,120.37,19.74,182.34,393.28,118.2,204.72,29.11,48.91,151.0,101.9047,361.99,32.39,176.41,26.56,34.8628,101.42,44.25,197.07,14.07,319.99,202.77,201.25,135.44,13.6843,7.98,48.83,13.08,55.8
2025-02-27,52.07,51.76,52607.61,211.51,12.88,44.98,14.82,543.97,45.44,54.51,36.1,12.9,117.06,18.43,192.63,388.08,116.6,200.04,30.49,48.09,146.68,98.6217,356.34,31.08,181.04,25.45,33.4793,100.04,43.7,189.15,14.05,300.16,200.82,199.96,132.86,13.5828,7.86,48.36,12.98,55.63
2025-02-28,51.55,51.52,52325.73,212.57,13.02,45.06,14.61,553.15,46.55,55.33,36.5,12.68,117.96,17.59,193.15,385.54,119.36,200.79,28.7,47.45,145.32,96.2041,354.37,30.88,182.8,25.78,33.1555,100.95,44.15,197.24,14.2,316.2,205.13,197.4,133.04,13.6765,8.06,48.1,13.29,54.69
2025-03-03,51.79,51.41,52081.59,209.15,12.71,44.69,14.6,548.0,44.94,54.63,36.3,12.28,114.05,16.47,192.99,384.23,117.17,200.1,29.29,47.63,147.82,96.9801,359.21,31.15,179.59,27.07,32.0565,99.75,42.93,192.76,13.74,312.52,203.08,184.0,133.53,13.5906,7.82,48.19,13.21,54.8
2025-03-04,50.99,51.72,52384.72,211.77,11.94,43.16,14.67,547.99,44.78,54.92,36.88,12.29,114.98,18.15,193.47,386.44,119.83,200.7,28.51,47.82,149.69,97.7064,362.74,31.24,181.61,25.81,32.4686,99.91,43.61,195.47,14.18,326.49,202.97,186.37,134.7,13.3954,7.83,47.82,12.72,54.82
2025-03-05,51.88,51.99,52709.4,214.77,12.14,42.31,14.5,547.0,45.05,56.68,37.03,12.72,116.5,18.51,193.88,384.5,115.35,205.14,28.45,46.25,147.34,101.7854,379.16,31.41,177.84,24.7,31.7327,99.94,43.31,194.35,15.65,333.81,201.92,179.6,137.68,13.2003,7.93,48.31,13.17,55.59
2025-03-06,52.18,51.94,52816.43,208.75,12.09,42.51,15.02,544.0,45.5,56.42,37.21,12.93,114.25,18.9,197.79,382.72,115.68,204.98,28.98,47.24,147.3,100.8004,375.51,31.45,177.57,24.34,31.615,100.2,43.27,194.65,15.5,343.29,201.65,181.08,137.03,13.0207,8.12,49.8,12.8,54.59
2025-03-07,51.46,52.1,52839.63,207.52,11.85,42.02,15.09,537.89,44.97,58.32,36.65,12.36,115.01,19.53,198.1,385.81,116.81,200.38,28.53,47.0,147.89,100.3925,378.31,31.52,174.43,24.4,31.6738,100.12,43.32,189.15,15.96,358.44,200.11,178.5,129.8,12.9817,8.29,50.03,12.46,55.26
2025-03-10,51.03,51.14,51726.88,207.42,11.79,40.7,14.89,518.86,45.65,56.51,35.76,12.05,114.93,18.61,196.66,374.86,117.25,197.19,28.4,45.72,142.4,98.4326,359.1,31.64,172.33,23.35,31.4972,98.78,42.19,182.75,15.41,345.56,196.13,175.34,129.25,12.9115,8.1,49.59,11.36,54.27
2025-03-11,50.86,50.92,51510.68,207.74,11.71,40.06,14.72,516.6,45.34,54.5,35.72,12.1,111.69,18.59,195.46,368.44,114.57,196.02,28.27,46.0,143.01,97.8954,357.8,32.11,173.95,23.76,32.3214,97.61,42.32,185.89,15.08,348.8,195.84,175.49,128.31,12.7553,7.96,48.45,11.25,53.35
2025-03-12,50.86,51.4,52041.01,209.48,11.26,40.76,14.46,521.96,45.39,54.75,35.58,12.15,112.23,18.38,198.01,368.77,114.47,194.45,29.47,45.7,145.67,103.1881,364.13,32.3,178.03,24.01,32.0271,97.8,42.14,188.38,15.18,380.7,196.63,175.85,134.11,12.3572,7.47,46.02,10.92,54.17
2025-03-13,51.31,51.24,51877.12,211.46,11.36,41.02,14.35,520.64,44.91,55.27,37.31,11.84,110.51,17.44,195.69,368.38,116.7,190.49,30.13,46.8,145.81,104.5312,363.74,32.66,176.99,23.6,32.763,96.75,41.78,189.98,15.26,397.0,198.08,174.68,132.27,12.4353,7.05,45.94,10.76,52.92
2025-03-14,51.31,51.81,52484.28,210.01,11.92,41.4,14.32,571.84,45.44,54.65,37.37,11.98,111.48,18.22,197.34,383.04,119.4,194.24,29.21,47.29,147.44,104.173,363.58,31.81,177.18,23.13,33.1653,98.12,43.29,202.4,15.34,399.62,201.42,176.77,134.66,12.6773,7.1,46.32,11.16,53.63
2025-03-18,52.44,52.25,52773.32,210.97,12.16,41.91,14.29,572.35,45.6,55.93,37.65,12.14,112.98,18.53,198.1,381.47,114.21,196.26,31.0,47.17,148.32,104.6804,364.24,32.6,178.6,24.31,34.0091,97.65,42.99,201.5,15.61,351.79,201.8,177.72,136.76,13.0051,6.79,45.99,11.39,54.89
2025-03-19,52.54,52.54,53060.76,209.32,11.72,42.62,14.24,575.2,45.08,55.5,37.91,12.28,114.01,18.0,199.01,385.49,116.59,195.94,30.59,48.59,149.85,107.9536,366.3,32.77,178.04,25.37,34.2348,96.65,42.46,203.41,15.67,349.21,204.59,174.65,139.94,12.9036,6.78,47.34,11.52,54.58
2025-03-20,52.66,52.66,53100.83,214.87,11.98,43.48,14.31,580.39,45.99,54.37,38.1,12.19,114.85,17.74,199.0,380.55,116.87,195.86,30.78,47.71,150.77,106.8791,366.03,32.73,182.8,24.85,34.1171,97.29,41.11,206.13,15.99,343.61,204.0,176.5,138.99,13.2627,6.9,47.84,11.43,54.89
2025-03-21,52.2,52.27,52672.42,209.83,12.02,42.9,14.31,570.0,44.07,54.67,36.59,11.95,114.39,17.82,196.72,373.6,117.29,192.49,30.26,46.07,150.98,104.8098,365.37,32.57,179.37,24.82,34.0386,96.51,40.21,201.0,16.3,356.24,201.15,175.06,136.92,13.1144,6.85,47.58,11.3,56.0
2025-03-24,52.3,52.29,52674.84,213.48,11.51,43.13,14.26,569.17,45.22,54.68,38.01,12.18,115.4,17.99,193.91,380.99,116.34,194.99,31.73,46.04,149.02,103.2379,365.21,32.58,176.9,24.89,33.911,96.86,41.3,203.38,16.46,352.17,202.76,173.39,142.84,12.6148,6.98,47.22,11.43,56.09
2025-03-25,52.47,52.73,53203.26,211.99,11.57,43.04,14.36,574.0,45.01,55.31,37.33,12.61,115.43,17.82,195.4,388.73,117.98,195.74,32.69,47.09,148.1,105.5261,367.43,32.9,180.0,25.05,32.9592,99.15,43.53,206.99,16.77,355.0,204.81,176.06,145.25,12.8802,7.29,48.59,11.37,56.36
2025-03-26,52.47,52.36,52806.89,211.24,11.21,42.9,14.49,564.01,44.52,55.86,36.65,12.07,120.5,17.78,194.98,382.79,118.14,195.34,31.91,46.89,144.0,104.6207,368.31,33.0,182.31,24.76,32.8905,97.6,43.11,201.12,16.0,356.1,205.87,176.7,144.77,12.9895,7.15,48.12,11.4,56.44
2025-03-27,52.72,52.9,53477.74,211.83,11.35,43.67,14.71,570.45,44.63,55.83,36.8,12.26,118.6,18.34,201.91,383.56,119.73,196.05,31.71,47.1,146.74,104.0935,370.17,33.07,186.01,25.23,32.9592,97.04,42.53,200.35,15.92,369.33,206.67,176.44,140.93,12.9973,7.28,47.56,11.33,58.44
2025-03-28,52.85,52.91,53172.97,215.24,10.71,43.53,14.75,564.72,44.7,56.38,35.61,11.59,114.78,18.64,204.29,380.77,119.36,191.9,32.33,46.6,145.66,104.0736,370.02,33.53,188.92,25.44,33.2242,98.0,42.26,201.74,15.58,369.99,205.67,176.47,136.37,13.0129,7.03,47.23,11.07,57.14
2025-03-31,52.17,52.17,52484.43,213.99,10.44,43.61,14.58,559.15,44.58,55.49,34.1,11.49,115.0,18.78,199.17,378.05,119.24,187.66,31.54,46.01,142.08,101.7157,367.9,33.53,187.8,25.33,32.9298,96.0,42.8,201.0,15.51,380.52,206.18,177.9,130.16,12.4431,7.06,46.88,10.81,56.57
2025-04-01,52.71,52.95,53337.9,219.79,10.46,43.65,14.87,570.89,45.12,57.29,35.0,11.61,117.5,19.91,203.17,382.51,119.28,194.5,33.07,46.29,144.99,104.6804,378.81,33.2,190.76,25.06,33.3615,97.98,44.55,204.43,15.39,385.64,208.99,178.33,129.69,12.607,7.18,46.55,10.77,57.26
2025-04-02,53.26,53.32,53800.93,213.16,10.48,44.69,14.85,580.69,46.04,58.99,36.4,11.63,118.51,20.06,204.56,388.28,123.75,196.77,33.03,46.52,144.64,105.0684,381.0,32.52,194.64,25.38,34.0386,97.12,44.22,204.32,15.36,400.0,214.56,178.64,128.88,12.8334,7.28,46.78,10.81,57.77
2025-04-03,53.63,53.8,54089.28,211.33,10.81,45.82,14.97,571.74,49.78,59.63,37.7,11.11,123.56,21.47,202.26,386.71,129.85,196.48,33.27,49.46,153.47,99.9249,381.0,33.25,194.24,25.28,35.373,98.67,45.49,202.25,16.1,401.29,217.01,183.0,140.01,13.0988,6.97,49.84,10.55,59.42
2025-04-04,53.58,53.58,51452.73,197.21,10.25,44.01,14.45,553.18,45.6,56.29,37.11,10.47,120.01,19.99,198.3,367.68,121.19,174.45,31.02,44.95,142.71,93.0205,361.67,33.16,190.27,23.72,34.8824,96.24,43.56,198.23,15.1,343.74,209.05,174.0,131.37,12.3572,6.77,47.67,9.96,56.7
2025-04-07,50.5,50.5,50458.32,201.81,9.5,42.22,14.39,536.0,43.4,55.36,35.6,10.64,119.08,19.51,191.25,367.1,116.15,175.99,29.3,44.16,136.22,94.0452,359.0,32.43,185.76,22.45,35.1277,92.41,41.16,188.99,14.2,336.47,204.72,174.0,123.01,13.05,6.62,45.49,10.2,56.66
2025-04-08,50.5,50.5,50316.59,203.76,9.22,42.22,14.01,529.39,43.94,55.99,36.43,10.61,119.97,19.85,194.7,364.31,118.29,169.93,29.35,44.31,138.95,92.5231,366.99,31.56,186.91,22.52,35.8048,92.48,42.09,187.38,14.51,328.0,206.34,175.7,127.42,12.92,6.71,45.9,9.84,56.14
2025-04-09,52.2,52.2,52527.67,215.53,9.25,44.7,14.25,546.33,45.95,59.07,37.51,10.88,123.25,19.95,198.61,374.94,129.43,181.63,31.28,47.74,151.5,98.4724,365.23,33.23,194.49,23.63,36.2659,93.93,44.96,195.17,14.8,347.78,221.84,179.94,134.98,13.47,7.04,46.99,10.37,57.61
2025-04-10,51.7,51.46,51514.82,207.94,9.43,41.58,14.27,543.6,45.61,57.79,36.46,10.25,119.66,20.14,197.53,369.42,130.77,169.99,30.9,46.51,145.48,96.4429,368.0,32.3,193.35,23.21,35.4417,93.18,42.2,197.71,14.38,356.21,215.35,178.81,129.23,13.16,6.71,46.27,9.7,56.21
2025-04-11,51.43,51.39,51498.9,203.0,9.31,41.33,14.42,557.69,45.51,58.29,36.36,10.5,119.17,20.91,200.08,372.0,126.36,173.64,30.33,45.88,141.71,96.6717,367.47,31.91,189.77,22.75,35.3043,92.18,42.28,201.38,14.61,372.87,215.89,173.6,128.09,12.75,6.89,46.59,9.63,55.8
2025-04-14,52.2,52.12,52391.35,208.27,8.78,41.44,14.97,571.98,45.92,59.33,36.54,10.75,120.41,20.75,200.81,371.24,129.92,176.32,30.54,46.45,144.83,96.7712,371.38,32.34,189.28,22.86,36.0599,92.11,42.79,203.71,14.35,389.07,221.19,176.0,128.43,12.61,6.87,46.88,9.23,56.5
2025-04-15,52.5,52.46,52643.04,209.04,8.4,41.04,15.34,558.04,45.86,59.24,37.2,10.54,121.41,20.69,205.18,373.9,127.91,166.19,30.77,47.33,148.22,98.4127,371.75,32.75,190.67,22.49,36.2758,92.47,43.11,201.73,14.33,394.69,218.84,177.72,131.03,12.52,6.98,46.12,9.16,57.42
2025-04-16,52.69,52.74,53018.57,212.16,8.35,41.44,15.26,569.19,45.28,60.13,38.44,10.42,122.57,20.9,207.25,373.79,129.68,170.71,30.87,47.84,147.19,98.9898,372.02,32.69,190.02,22.33,36.6977,92.12,42.23,201.99,14.17,425.87,222.57,178.9,134.63,12.27,7.07,46.73,9.13,59.11
2025-04-21,53.43,53.5,53758.75,215.68,8.38,42.55,15.92,571.0,45.5,62.51,38.83,10.45,121.34,21.71,206.81,377.8,129.65,167.01,30.98,48.49,150.54,99.3678,377.99,32.81,191.26,22.4,37.0411,93.11,42.4,205.8,13.98,436.76,221.11,180.17,133.02,12.34,7.19,47.68,8.86,60.93
2025-04-22,54.28,54.46,54777.84,213.88,8.61,41.08,16.3,565.99,45.72,63.39,39.41,10.8,123.79,22.28,208.65,380.53,132.65,170.22,32.35,49.03,158.0,99.9647,381.72,32.62,189.14,22.28,37.6298,93.96,43.1,209.23,14.31,425.59,225.75,184.9,134.76,12.8,7.34,48.6,9.02,63.41
2025-04-23,55.44,55.37,55766.58,212.51,9.12,42.46,16.55,598.27,47.96,66.5,40.65,11.07,127.82,22.45,207.96,393.5,139.34,169.04,33.81,52.39,159.42,101.3974,383.98,32.99,191.67,22.94,38.4933,95.0,46.03,216.19,14.56,421.49,227.09,202.01,143.0,13.39,7.61,50.25,9.27,61.93
2025-04-24,56.09,55.84,56382.0,208.9,10.23,43.59,16.75,613.0,48.35,67.51,38.79,11.18,128.65,22.62,207.56,397.03,141.96,166.5,34.66,53.7,160.99,101.6461,394.98,33.27,193.44,23.2,37.7672,94.25,45.43,221.57,14.62,436.0,223.1,205.2,145.99,14.46,7.62,52.34,9.33,62.63
2025-04-25,55.86,56.2,56720.12,209.52,9.98,45.59,16.63,628.86,48.93,66.51,40.05,11.67,128.8,23.85,207.17,401.3,144.99,173.86,33.91,53.94,164.19,104.1532,380.52,34.03,191.08,24.65,38.4148,92.7,47.83,220.85,15.24,422.18,224.99,209.75,147.0,14.48,7.81,53.05,9.25,61.39
2025-04-28,56.34,56.34,56980.13,205.05,10.19,46.17,16.84,619.55,49.93,67.39,39.97,12.1,128.34,23.11,207.2,392.81,148.48,176.26,34.23,53.88,167.99,105.5559,373.0,35.01,188.01,24.79,38.1793,92.5,46.87,216.92,14.7,408.18,220.19,215.37,148.59,14.43,7.73,54.1,7.98,62.49
2025-04-29,55.17,55.01,55613.43,203.16,9.8,43.81,16.81,610.11,48.07,63.3,40.0,11.93,125.5,22.4,205.22,388.84,135.62,168.28,34.08,50.59,165.26,101.6461,366.16,33.83,181.42,24.59,35.9323,90.17,47.01,209.13,13.78,375.23,213.01,214.86,141.0,13.83,7.22,53.73,7.13,60.08
2025-04-30,55.68,55.69,56259.28,206.53,9.92,43.97,16.97,619.27,47.06,59.67,41.32,12.13,126.68,22.67,206.19,397.38,136.38,164.78,34.19,50.41,168.15,101.2382,373.65,34.5,184.89,22.92,36.0206,90.31,47.7,215.79,13.24,392.99,219.43,216.95,137.9,14.23,7.14,53.62,7.32,62.13
2025-05-02,55.25,55.32,55811.99,206.51,10.35,43.11,16.87,615.59,48.95,58.22,42.06,12.11,127.1,23.15,198.31,403.99,135.0,168.07,35.23,50.08,163.66,100.5915,372.26,34.81,184.39,23.37,37.4434,91.39,49.9,215.97,13.47,387.76,216.96,219.99,145.01,14.42,6.95,53.96,7.8,60.67
2025-05-05,55.62,55.75,55835.99,208.31,10.33,43.96,16.75,633.66,47.9,58.36,42.05,12.03,127.92,23.52,198.1,403.99,131.07,169.34,34.94,50.28,162.11,101.5366,370.3,34.61,183.44,21.72,37.5317,93.63,49.1,215.53,13.59,396.49,218.71,216.69,142.73,14.4,6.79,53.84,8.3,61.24
2025-05-06,57.07,57.07,57349.83,211.08,10.52,45.19,16.87,636.95,49.44,60.53,44.36,12.2,135.33,24.66,202.28,410.04,136.51,169.37,36.49,52.65,169.86,105.337,371.93,35.5,186.22,21.81,39.082,95.44,51.1,225.15,13.75,420.0,219.9,230.32,147.97,14.53,7.13,54.46,8.21,64.49
2025-05-07,57.59,57.69,57954.39,213.71,10.27,44.98,16.82,650.23,50.71,60.31,43.2,12.63,140.3,24.91,203.99,435.81,138.04,172.94,38.47,53.67,168.85,102.442,371.99,34.93,185.53,20.84,40.0436,94.82,51.44,236.24,13.7,422.99,217.66,234.54,150.0,14.98,7.15,54.65,8.13,65.23
2025-05-08,56.91,56.53,56866.76,208.89,10.09,44.21,16.48,638.92,49.79,59.85,41.94,12.59,136.61,25.05,198.72,426.0,132.19,174.36,37.6,51.71,162.49,101.8749,368.7,35.15,181.0,21.09,41.0837,94.5,51.46,234.62,13.75,415.9,217.6,217.01,145.99,14.81,7.15,54.1,8.02,63.0
2025-05-09,56.3,56.2,56551.18,209.06,10.44,46.44,16.6,630.21,48.41,58.77,40.97,12.45,135.9,25.28,198.85,422.01,130.81,175.0,37.03,50.05,162.47,100.9298,370.01,34.67,181.01,21.38,40.9411,95.98,53.47,231.92,13.45,420.7,218.62,222.39,144.55,14.53,7.18,54.27,7.88,62.24
2025-05-12,56.58,56.51,56765.58,210.54,10.63,46.11,16.6,643.48,48.5,58.32,40.29,12.91,136.15,25.4,196.52,421.85,127.14,178.09,37.06,50.0,164.22,103.9641,353.0,34.36,178.8,21.47,40.723,95.78,53.79,235.21,13.26,387.5,218.03,219.51,147.21,14.69,7.19,54.37,8.18,63.3
2025-05-13,56.89,56.9,57357.54,210.99,10.65,46.11,16.75,654.78,49.22,58.16,39.99,13.2,139.99,24.86,197.6,415.01,130.14,176.8,37.99,51.76,169.41,103.0687,354.99,35.12,177.75,21.64,41.8134,96.67,52.33,241.29,13.39,401.23,217.05,219.06,151.37,14.55,7.26,53.74,8.38,63.8
2025-05-14,56.9,57.28,57644.94,206.73,10.74,46.51,16.85,666.66,49.67,57.64,39.6,13.31,139.63,24.63,199.24,424.2,126.9,174.34,38.17,51.61,170.92,103.1384,355.57,35.08,175.14,21.58,41.3574,97.75,53.75,241.84,13.25,395.25,215.61,219.8,147.0,15.07,7.67,53.62,8.54,64.88
2025-05-15,57.74,57.61,57959.72,205.05,10.82,47.72,16.9,672.49,49.98,57.51,39.82,13.4,137.6,24.85,199.81,435.55,127.09,182.07,38.31,50.93,174.02,104.1631,357.0,34.84,178.99,21.34,41.3772,98.15,52.54,242.96,13.58,397.01,213.97,221.69,147.4,14.31,7.96,56.0,8.53,63.74
2025-05-16,57.73,57.66,57987.14,206.98,10.73,48.55,16.79,676.25,51.49,57.5,40.21,13.36,139.63,25.0,201.52,431.01,126.29,177.4,37.88,50.85,174.01,103.7154,359.93,34.88,180.22,21.78,41.6251,96.69,52.5,242.91,13.73,397.77,215.18,218.15,155.04,14.28,7.96,56.73,8.56,64.14
2025-05-19,58.29,58.12,58493.39,208.68,10.78,48.12,16.75,671.12,52.1,58.21,42.78,13.39,140.4,24.73,206.23,443.12,128.41,178.01,39.68,52.12,177.01,103.8646,362.17,34.99,180.38,21.59,41.8233,95.95,53.29,243.12,13.54,399.39,215.6,219.12,158.69,14.27,8.02,56.93,8.16,64.76
2025-05-20,58.29,57.89,58311.15,208.76,10.76,47.33,16.92,657.13,50.51,55.41,42.45,13.58,139.44,24.31,207.48,439.5,125.24,179.1,38.72,50.57,172.51,103.3772,369.78,35.34,179.42,21.24,41.6647,96.27,53.55,242.91,13.35,410.99,214.98,218.12,153.92,14.34,8.07,57.09,8.3,65.5
2025-05-21,58.02,58.14,58568.01,206.7,11.0,47.51,17.0,668.0,50.87,55.69,43.29,13.58,140.18,24.2,208.16,440.34,124.21,176.53,38.15,50.27,170.99,105.1381,371.02,34.86,185.0,21.08,41.6746,95.89,50.68,243.09,13.25,422.68,213.87,219.89,151.18,14.45,8.02,57.61,8.31,65.98
2025-05-22,57.56,57.48,57894.82,207.25,11.06,46.29,16.84,656.17,50.97,55.46,42.99,13.54,139.01,24.25,204.43,436.93,125.24,175.52,38.18,49.75,171.34,103.2976,363.6,34.35,180.68,21.07,41.3772,94.43,49.39,241.47,13.25,402.99,215.74,207.31,152.86,14.21,7.99,56.36,8.34,64.91
2025-05-23,57.56,58.03,58410.37,212.49,11.09,46.74,16.82,667.99,51.01,56.0,42.98,13.8,139.18,23.99,205.11,445.92,129.33,179.27,37.81,51.1,173.49,105.0585,365.11,34.16,183.09,21.24,40.8419,97.5,47.61,234.18,13.47,404.98,219.14,212.72,153.87,14.45,7.87,56.52,8.57,65.58
2025-05-26,57.99,58.12,58459.16,213.63,11.31,47.98,16.87,678.0,50.69,55.98,42.54,13.99,139.8,24.68,202.59,459.75,129.95,180.76,37.52,50.01,172.88,104.4616,365.22,34.11,181.94,21.25,41.7242,96.88,47.85,230.81,13.26,407.0,222.66,210.0,153.25,14.37,7.93,57.06,8.61,65.68
2025-05-27,58.22,58.22,58593.83,212.96,11.3,48.52,16.86,665.61,50.96,55.47,42.92,13.87,140.5,23.9,206.29,431.01,131.55,186.8,38.0,51.42,175.4,105.4664,366.53,34.15,184.55,22.31,41.6746,95.98,48.7,231.99,13.35,387.22,220.55,219.27,155.23,14.87,7.82,56.38,8.86,65.55
2025-05-28,58.67,58.66,58735.86,214.96,11.41,48.68,16.83,621.98,51.77,55.09,43.85,13.77,142.26,23.43,206.87,441.83,129.95,184.01,38.53,51.15,176.4,106.6901,368.01,34.2,186.87,21.8,41.407,95.24,51.15,234.5,13.65,390.01,222.0,214.41,155.97,15.11,7.8,56.76,9.0,65.7
2025-05-29,58.77,58.65,58614.41,213.09,11.25,49.24,16.69,613.93,50.92,55.17,42.63,13.58,141.66,23.31,207.23,443.32,131.9,181.49,38.15,51.11,175.98,108.7296,365.63,34.16,186.01,22.26,41.5953,94.2,51.59,234.99,13.19,396.39,219.36,213.7,152.65,15.36,7.8,56.35,9.29,65.81
2025-05-30,58.09,58.06,57841.69,213.5,10.69,48.63,16.35,622.47,50.34,54.25,42.41,13.3,142.0,23.34,206.05,445.67,123.33,181.0,38.06,48.9,172.02,106.6304,364.95,34.6,183.38,22.42,41.635,94.2,51.15,239.67,13.13,409.49,218.5,208.01,150.83,15.12,7.5,56.09,9.28,63.35
2025-06-02,58.02,57.94,57705.48,213.01,10.72,49.99,16.35,625.78,50.74,52.4,42.28,13.12,140.27,23.64,204.52,445.68,122.72,177.34,38.55,49.25,172.0,104.5113,351.62,34.54,187.47,22.63,40.6338,93.8,51.42,237.31,13.14,421.01,220.0,205.0,153.61,15.18,7.66,55.91,8.97,64.34
2025-06-03,57.68,57.76,57639.07,209.77,10.75,50.34,16.36,622.03,50.06,52.84,42.15,13.08,145.8,23.38,203.01,440.2,124.61,181.88,38.6,49.4,172.81,104.9689,352.7,33.77,187.27,21.93,40.5346,94.01,50.93,239.03,13.01,421.99,218.89,209.35,157.0,15.2,7.68,55.5,9.06,64.06
2025-06-04,57.7,57.64,57484.52,206.31,10.78,50.63,16.07,616.54,48.96,52.0,41.94,13.02,144.56,23.25,201.01,445.0,127.65,184.17,38.63,49.37,171.2,105.5758,336.92,34.21,184.9,21.83,39.9993,94.95,52.15,243.92,13.05,422.89,216.1,208.71,155.89,15.1,7.73,55.27,9.18,64.39
2025-06-05,57.71,57.71,57777.49,205.55,10.68,50.9,15.92,620.53,47.18,52.21,42.15,13.06,145.3,23.39,202.16,450.0,125.52,183.28,39.47,49.61,171.56,107.8541,334.99,33.9,184.87,22.04,40.1778,95.7,52.65,246.31,13.23,467.0,219.43,202.38,156.52,15.05,7.71,54.77,9.22,65.28
2025-06-06,58.12,58.12,58061.41,203.11,10.84,49.1,16.16,619.57,46.66,52.21,42.3,12.88,146.49,23.34,204.14,458.5,127.8,184.35,40.07,49.12,171.68,107.4462,332.82,34.16,184.23,22.24,42.1802,97.69,54.52,247.81,13.35,493.0,218.11,210.27,155.8,15.19,7.73,54.34,9.38,63.92
2025-06-09,57.83,57.83,57813.38,203.25,10.83,49.46,15.97,606.2,47.14,50.97,41.26,12.9,144.26,23.23,199.42,451.99,126.99,185.75,40.3,47.62,173.32,108.441,326.13,34.36,186.01,21.8,41.288,97.13,55.16,246.84,13.35,507.0,221.94,205.62,157.17,15.04,7.65,53.96,9.47,64.49
2025-06-10,57.83,58.0,58098.51,202.38,10.85,49.78,16.26,611.21,47.55,51.63,41.08,13.23,144.9,23.42,200.86,451.92,127.23,185.4,41.21,48.5,174.56,106.2921,327.41,34.66,184.19,21.74,40.8518,95.54,55.42,253.62,13.39,503.37,222.45,209.05,160.06,15.07,7.66,53.88,9.33,64.71
2025-06-11,57.9,57.63,57767.33,204.19,10.68,50.54,16.14,606.15,46.91,50.93,41.5,13.22,142.83,22.92,201.3,449.45,128.15,185.0,40.89,47.7,172.25,106.0832,327.09,33.5,184.94,21.86,40.3364,94.82,55.25,251.64,13.42,505.66,221.0,208.13,159.64,14.84,8.16,53.41,8.91,63.68
2025-06-12,57.57,57.51,57829.74,201.71,10.88,50.13,16.37,601.0,47.32,51.73,41.82,13.26,143.86,22.86,199.92,440.99,127.77,186.0,41.17,48.2,175.0,106.3916,330.54,33.7,186.69,21.25,39.9398,94.52,54.32,248.0,13.35,514.82,221.61,213.01,158.81,14.44,8.53,53.1,8.9,63.02
2025-06-13,57.24,57.24,57438.57,201.5,10.4,50.73,16.45,595.35,46.41,51.69,41.9,12.86,145.63,23.05,200.52,435.07,127.5,182.02,39.85,48.41,173.61,105.4763,330.0,34.13,181.42,20.66,39.0477,95.0,52.96,247.45,13.21,530.0,219.6,202.21,160.48,14.55,8.35,52.69,8.54,62.75
2025-06-16,56.95,56.8,57046.85,200.07,10.54,50.79,16.48,593.75,46.48,51.53,43.18,13.01,144.48,22.43,197.82,431.54,130.0,183.11,39.59,47.78,170.17,105.7052,328.05,34.58,183.88,20.8,38.4132,92.4,52.96,246.55,13.05,495.06,219.52,202.61,158.02,14.13,8.57,52.48,8.68,61.47
2025-06-17,56.18,56.34,56676.82,198.81,10.42,50.79,16.32,587.01,45.13,51.56,42.99,12.96,142.2,22.12,195.15,424.15,126.4,178.65,39.27,47.21,169.52,106.4513,327.28,34.43,181.43,21.35,38.8296,92.78,52.65,240.99,12.85,501.32,216.79,197.53,158.38,13.97,8.71,51.92,8.39,61.1
2025-06-18,56.38,56.33,56729.57,197.91,10.13,51.18,16.35,580.01,45.73,51.32,43.28,13.06,145.19,21.76,193.45,424.8,132.05,180.02,38.84,48.07,170.68,107.9635,321.51,34.08,178.81,20.78,39.0179,92.46,51.74,238.78,12.8,497.74,217.38,193.92,155.02,13.69,8.63,52.34,8.18,61.9
2025-06-19,55.82,55.67,56068.16,202.2,10.02,50.75,16.17,572.99,46.31,51.78,43.12,12.91,144.55,22.12,191.68,407.01,131.74,180.11,38.8,47.03,168.81,104.4715,322.47,34.84,183.99,21.09,38.1753,92.33,51.81,236.01,12.62,490.01,212.65,193.5,159.98,13.49,8.74,52.11,8.05,60.69
2025-06-20,56.01,56.01,56264.69,207.21,9.99,51.08,16.29,576.58,45.35,52.37,41.71,12.94,146.11,23.05,191.78,413.64,129.36,176.07,37.88,49.71,168.89,104.1532,323.13,33.93,181.05,20.7,39.9498,93.98,50.61,240.82,13.0,483.75,216.42,189.54,157.25,14.06,8.72,51.4,7.99,60.86
2025-06-23,55.73,55.75,56080.06,200.03,9.87,51.14,16.24,575.66,44.97,52.22,41.99,12.99,146.98,22.25,192.64,414.8,130.2,177.58,38.12,47.62,166.92,104.4118,323.0,34.12,182.38,20.62,39.9795,93.85,50.52,243.51,11.73,480.01,212.58,191.0,159.25,13.67,9.1,51.7,8.31,61.0
2025-06-24,56.17,56.22,56743.28,197.51,9.97,51.34,16.35,580.18,44.91,52.17,43.35,13.21,147.4,22.24,192.39,417.62,128.48,180.62,39.1,47.75,171.54,106.4513,324.72,34.51,179.05,21.24,41.1889,96.7,51.17,243.48,12.19,480.04,211.86,194.0,160.65,14.0,9.47,52.01,8.41,62.97
2025-06-25,56.2,56.33,56933.19,196.16,10.08,51.13,16.4,586.5,45.25,53.44,42.96,12.79,151.6,22.22,190.09,423.06,138.5,183.13,39.17,48.68,174.49,108.0133,323.01,34.31,174.01,20.56,40.9113,96.0,52.44,244.72,12.3,486.0,213.56,190.78,160.99,13.83,9.33,50.75,8.27,63.87
2025-06-26,56.77,56.77,57474.19,198.74,10.18,51.14,16.51,591.98,46.22,53.56,44.0,12.96,150.76,22.53,192.02,424.41,139.03,182.26,39.98,49.16,173.4,112.9677,323.72,34.14,176.46,20.9,42.5172,102.33,52.07,241.06,12.49,499.9,215.0,192.9,158.38,13.51,9.11,51.19,8.54,63.58
2025-06-27,56.78,56.81,57391.51,196.93,10.38,50.93,16.47,592.26,45.36,53.01,43.44,12.86,148.07,22.55,192.28,426.52,133.63,180.08,41.45,49.32,174.5,112.0723,325.16,33.96,178.26,20.72,40.7924,103.0,52.59,246.2,12.85,495.8,212.55,190.29,158.45,13.48,8.66,51.47,8.81,64.1
2025-06-30,56.95,57.29,57450.88,198.8,10.26,51.1,16.8,599.0,45.3,52.34,43.05,12.99,148.59,22.74,193.04,429.56,133.76,180.29,40.04,48.49,172.19,112.6693,323.63,34.4,181.77,20.45,40.4851,101.63,52.51,246.8,13.12,524.64,211.64,192.89,155.0,13.85,8.35,51.63,8.86,62.08
2025-07-01,57.5,57.22,57813.82,197.2,10.25,51.17,16.76,599.97,46.09,52.18,43.0,13.28,149.58,22.85,193.76,437.0,136.18,182.01,41.89,49.48,172.97,113.5646,323.61,34.64,179.01,20.53,41.1889,100.57,53.24,250.79,13.0,516.0,211.71,191.99,158.33,13.87,8.52,51.2,8.96,62.69
2025-07-02,57.56,57.56,58346.72,194.86,10.4,51.73,16.99,601.06,46.09,52.38,42.94,13.47,149.93,23.1,198.73,441.99,137.85,184.62,41.0,50.85,175.59,114.2511,324.51,34.52,182.16,20.64,41.1393,101.41,52.85,255.48,13.12,507.8,214.05,187.97,160.27,14.26,8.7,51.55,8.99,62.57
2025-07-03,57.27,57.1,57890.99,196.69,10.39,50.3,16.83,592.87,45.48,52.31,43.83,13.49,149.63,23.51,199.39,432.0,135.22,181.02,42.86,51.02,173.01,112.7986,324.07,34.4,181.16,20.35,40.9411,102.72,55.89,251.04,13.34,503.22,216.39,185.86,160.5,15.04,8.75,51.4,8.96,61.29
2025-07-04,57.39,57.26,57977.76,197.94,10.28,50.6,16.98,602.7,45.18,52.11,42.98,13.44,149.97,23.04,197.24,435.88,136.27,185.49,41.24,50.8,171.97,111.555,324.43,34.53,182.04,20.61,40.6437,102.18,55.61,258.82,13.27,504.99,214.9,190.83,159.32,14.75,8.8,51.4,9.01,60.97
2025-07-07,57.39,56.74,57423.4,193.02,10.21,49.85,16.81,589.02,45.07,50.97,42.7,13.33,148.78,22.55,197.14,428.78,133.01,183.54,40.64,50.62,173.75,112.8284,316.54,34.59,182.54,20.31,40.9708,101.92,55.72,257.75,13.27,497.0,216.75,190.8,158.48,14.19,8.5,51.1,8.72,59.55
2025-07-08,56.2,56.23,57183.32,188.44,9.97,49.0,16.54,568.74,45.35,51.38,42.27,13.37,150.7,22.47,194.59,426.23,136.7,180.54,41.66,50.96,174.36,113.2662,320.06,34.07,175.12,20.52,41.0402,99.51,55.42,257.86,13.29,500.4,213.26,193.6,158.86,14.19,8.33,49.71,8.21,58.7
2025-07-09,55.5,55.44,56687.54,184.54,9.84,49.08,16.45,566.8,42.72,50.69,42.97,13.7,150.5,22.35,190.86,423.26,135.95,176.76,43.25,51.33,172.49,110.7293,323.0,34.27,167.11,19.97,41.1591,98.75,56.79,259.52,13.23,498.27,208.93,196.01,146.0,13.8,8.29,48.96,8.5,58.48
2025-07-10,55.69,55.69,56739.9,185.26,9.82,47.93,16.42,583.76,43.51,50.66,42.55,13.75,144.39,22.54,188.85,433.96,137.29,173.32,41.52,48.65,166.0,114.4103,323.77,34.13,167.81,19.96,40.7924,98.36,53.12,263.27,13.31,503.77,232.89,193.21,144.86,13.94,8.12,48.44,8.94,58.79
2025-07-11,55.51,55.44,56593.65,187.46,9.99,48.0,16.33,575.67,43.37,50.72,41.97,13.73,146.98,22.14,187.56,428.9,136.27,173.82,41.86,50.01,162.98,114.6689,327.76,35.26,167.02,20.16,39.8804,97.52,55.08,263.01,13.12,514.99,231.7,192.95,143.53,14.06,8.15,48.2,9.21,58.54
2025-07-14,55.23,55.23,56362.67,189.19,10.05,47.51,16.31,572.23,42.9,50.58,42.38,13.81,148.91,22.82,184.82,427.99,137.48,176.0,42.21,50.35,161.39,113.5646,327.74,35.24,167.25,19.95,39.9398,97.25,56.88,263.72,13.07,518.69,226.78,191.9,144.5,13.99,8.14,47.05,9.17,57.65
2025-07-15,55.64,55.53,56482.91,190.02,9.83,47.34,16.3,574.25,43.37,50.72,42.45,13.71,147.6,22.2,184.77,430.65,135.74,176.3,42.9,50.37,162.51,112.908,326.33,36.4,167.0,20.2,39.6722,97.05,55.89,264.93,13.18,502.5,227.3,188.5,147.4,14.34,8.06,47.8,8.85,57.5
2025-07-16,55.45,55.45,56503.04,190.66,9.92,47.27,16.39,582.45,43.25,50.16,40.91,13.76,146.73,21.38,186.18,429.08,136.11,172.01,41.66,50.12,164.6,112.6096,327.88,35.77,167.1,20.91,40.148,95.65,57.18,263.39,12.88,511.28,225.89,185.5,143.2,14.52,8.1,48.45,8.75,57.3
2025-07-17,55.53,55.47,56714.92,194.62,9.93,47.8,16.28,591.93,43.51,50.76,41.88,14.53,145.92,21.35,188.35,430.01,138.5,174.08,42.63,50.99,163.09,112.918,330.56,35.89,171.6,20.6,39.7515,95.5,55.0,264.02,12.65,509.99,227.78,189.79,145.83,14.84,7.9,48.32,8.87,53.3
2025-07-18,55.28,55.18,56273.45,196.61,9.99,47.56,16.0,583.09,43.11,50.4,41.4,14.27,144.87,21.26,186.2,424.21,143.61,175.47,42.46,50.45,161.21,113.4453,325.53,35.52,169.62,20.45,39.1567,93.63,53.99,260.67,12.32,504.24,226.93,192.87,140.9,14.63,7.82,48.48,8.51,53.49
2025-07-21,54.7,54.67,55841.3,196.19,9.83,47.5,15.99,578.01,42.78,49.81,41.05,14.39,145.65,21.53,186.49,426.3,140.37,171.83,42.0,50.41,159.55,113.9924,325.02,35.11,168.41,21.28,39.2558,94.85,53.7,259.99,12.22,505.86,226.25,175.01,140.12,14.27,7.98,47.76,8.39,50.88
2025-07-22,54.37,54.25,55517.81,193.3,10.15,47.78,15.85,564.81,42.29,49.42,41.62,14.72,140.59,21.28,183.38,408.0,132.0,167.0,40.22,48.94,159.95,116.4796,318.3,35.11,166.45,20.67,38.443,94.4,54.43,249.11,12.4,509.01,223.52,171.45,141.51,14.19,8.85,47.57,9.48,51.54
2025-07-23,54.95,55.04,56478.9,194.23,9.8,55.0,16.59,572.92,43.83,50.74,40.71,14.78,144.98,22.18,180.71,412.18,138.81,166.05,41.74,49.97,165.32,118.6285,326.59,35.32,158.58,20.91,40.376,93.85,56.02,249.25,12.29,503.72,227.2,169.0,143.09,14.49,9.0,48.66,10.01,53.99
2025-07-24,55.4,55.46,57035.9,193.99,9.7,53.9,17.0,568.0,42.41,50.0,41.11,15.29,144.59,23.7,181.56,415.52,139.15,175.2,44.93,50.45,169.49,118.3898,322.0,35.25,161.19,20.65,39.4541,94.61,55.16,251.25,12.41,509.01,222.27,172.81,140.48,13.8,8.95,49.33,9.84,54.93
2025-07-25,55.6,55.56,57323.14,195.92,9.58,56.65,17.12,564.08,43.25,54.08,39.98,15.54,147.7,23.69,182.62,415.38,140.0,180.54,43.54,50.55,167.8,117.8426,329.34,34.42,158.66,20.9,39.3946,96.0,54.6,248.27,12.81,505.78,222.72,172.97,143.87,14.1,8.71,49.39,10.07,55.27
2025-07-28,55.28,55.28,57083.56,198.62,9.26,56.75,17.0,565.09,43.19,55.49,39.85,15.74,148.74,24.58,172.78,415.17,137.76,180.26,45.35,49.63,163.91,119.9716,332.88,34.64,155.98,21.56,39.6524,96.42,54.27,239.14,12.41,505.88,227.14,174.99,144.69,13.73,8.57,50.98,10.32,55.59
2025-07-29,55.93,55.93,57820.78,197.17,9.1,56.0,17.1,569.94,44.9,56.35,40.07,16.17,150.0,23.9,172.81,428.03,137.84,178.51,46.0,49.55,165.56,122.7772,329.8,34.98,155.61,22.11,40.0489,93.83,54.61,246.06,12.79,508.7,228.0,181.35,149.2,13.62,9.28,52.16,10.32,56.66
2025-07-30,55.9,55.66,57395.85,194.57,9.12,56.49,17.08,565.27,43.6,55.59,40.29,16.09,152.5,23.9,169.24,431.45,133.1,173.27,43.72,48.74,167.17,118.3898,325.0,35.12,157.09,21.38,40.2769,92.5,51.66,248.06,12.61,503.21,224.7,177.01,148.1,13.4,10.52,52.22,10.87,56.88
2025-07-31,55.59,55.63,57397.93,196.68,9.03,56.56,17.06,572.01,42.4,54.77,40.37,16.46,152.65,23.64,170.55,434.24,134.1,176.38,42.78,48.58,168.01,117.0865,324.97,35.32,156.8,21.78,40.1778,92.08,52.04,251.0,12.83,495.45,222.99,170.95,145.86,13.76,10.4,53.17,11.03,55.6
2025-08-01,55.59,55.34,56900.07,196.32,9.1,55.28,16.94,574.44,42.21,54.83,40.97,15.84,152.88,23.63,168.07,430.51,130.09,175.23,42.35,47.96,165.56,118.0217,325.48,35.56,157.54,21.25,40.9411,91.54,52.47,248.29,12.67,492.17,230.19,168.6,143.07,13.75,10.16,53.0,10.8,55.34
2025-08-04,55.24,55.26,56650.26,196.34,9.0,54.9,16.98,570.29,41.86,54.0,40.37,15.51,151.4,23.97,166.86,430.28,128.9,173.83,41.69,47.88,164.13,121.4838,323.02,35.25,157.05,21.0,41.0798,91.27,51.77,246.05,12.58,496.35,231.98,168.5,141.9,13.56,9.67,53.05,10.58,53.96
2025-08-05,55.48,55.49,57071.56,198.78,8.79,55.73,16.98,573.39,42.48,54.17,40.78,15.6,151.57,23.28,167.21,436.98,128.7,174.35,42.75,48.59,168.66,120.2203,325.02,35.88,155.45,21.18,40.7924,91.4,51.98,249.23,12.23,509.73,237.99,168.27,142.14,13.6,9.1,52.79,10.58,54.32
2025-08-06,55.42,55.45,57154.22,198.71,8.85,55.8,16.86,581.21,41.79,54.43,40.49,15.59,153.39,22.97,164.1,444.65,129.3,176.85,42.95,49.81,167.95,119.0762,320.61,35.7,156.01,21.58,41.7936,90.1,51.49,250.9,12.37,540.82,237.73,168.75,140.49,13.57,8.99,52.62,10.87,53.91
2025-08-07,56.16,56.46,58260.88,199.02,8.85,56.98,17.65,581.2,42.39,55.19,40.04,16.0,159.88,23.34,164.86,450.4,133.0,177.11,42.73,50.6,167.51,121.3445,323.99,36.77,159.79,21.78,42.3091,90.02,52.35,253.77,12.34,574.61,246.5,167.69,142.5,13.99,9.12,53.33,10.87,56.93
2025-08-08,56.37,56.22,58070.17,197.24,8.71,56.73,17.73,579.4,42.79,54.87,40.0,16.06,158.99,23.43,161.59,448.01,133.0,177.37,42.66,50.56,168.03,122.2698,323.75,36.7,157.35,21.75,41.516,90.41,52.21,248.95,12.25,581.17,235.01,166.26,142.87,14.06,8.91,52.93,10.39,56.25
2025-08-11,56.35,56.43,58342.87,196.52,8.69,56.7,17.75,584.52,42.61,54.5,39.7,16.18,159.59,23.2,161.19,455.25,132.14,178.59,42.34,50.8,169.71,122.7175,324.99,36.78,159.47,22.67,41.8828,90.5,52.08,244.75,12.2,578.33,240.77,166.74,143.46,14.5,8.73,52.98,10.53,56.16
2025-08-12,56.82,56.82,58675.04,196.86,8.69,56.27,17.72,601.03,43.21,54.5,39.56,16.23,155.85,23.01,160.13,464.82,130.0,175.67,42.9,50.69,169.62,128.5474,323.61,36.5,158.09,23.14,42.6362,90.9,51.71,249.68,12.3,583.49,242.36,171.35,145.8,14.19,8.61,53.06,11.11,56.19
2025-08-13,56.73,56.73,58477.57,197.69,9.02,55.9,17.67,602.01,42.7,55.59,39.24,16.18,156.9,23.52,159.8,455.57,129.72,174.96,43.05,50.24,168.68,126.9556,329.27,36.26,159.0,22.48,41.9423,89.6,52.25,244.29,12.51,563.78,239.48,171.04,145.87,14.35,8.82,53.9,11.05,56.6
2025-08-14,56.57,56.61,58167.27,195.42,8.8,55.65,17.68,601.91,42.68,56.06,38.5,16.0,155.38,22.75,159.18,459.51,128.44,175.11,42.46,49.8,168.89,127.3635,326.98,36.1,157.03,21.46,40.148,89.9,51.6,245.17,12.28,547.5,242.02,168.57,145.26,14.18,8.91,53.72,11.04,56.07
2025-08-15,56.92,56.94,58320.48,198.75,8.84,55.54,17.88,611.3,42.7,56.71,38.97,15.96,155.49,22.29,159.69,467.0,131.39,175.65,43.46,49.57,167.0,126.5776,327.94,35.65,158.01,21.08,41.5358,90.15,51.75,250.79,12.49,531.0,236.18,168.78,144.62,14.07,9.19,53.45,10.94,56.66
2025-08-18,56.82,56.82,58319.7,198.21,8.67,56.2,17.93,614.82,42.84,56.55,38.35,16.19,158.5,21.97,160.25,472.45,128.59,176.96,43.2,48.54,165.9,127.3337,327.74,35.89,157.77,21.16,42.0315,90.8,52.1,249.49,12.55,529.75,234.0,167.05,144.55,13.95,9.34,53.46,11.45,56.01
2025-08-19,57.15,57.09,58462.79,200.77,8.57,55.89,17.95,616.86,42.06,57.67,38.57,16.24,159.38,21.6,159.21,473.4,128.65,175.5,42.22,48.55,167.1,126.8661,329.89,36.58,155.7,21.04,41.8233,91.86,52.36,252.0,12.61,527.99,232.21,170.24,142.06,14.13,9.22,53.52,11.37,57.27
2025-08-20,56.85,56.81,58221.47,197.6,8.62,55.5,17.9,603.05,41.96,57.9,38.21,16.2,158.66,21.0,161.9,469.53,125.87,173.02,42.7,48.52,165.41,123.8516,330.32,36.31,156.57,21.32,41.3872,90.3,52.16,252.99,12.58,534.69,233.62,173.9,142.89,14.01,8.89,52.83,11.18,57.49
2025-08-21,57.18,57.2,58663.97,202.39,8.75,55.5,18.22,618.05,42.03,58.28,38.1,16.46,157.51,20.5,163.65,463.9,125.03,171.96,43.28,48.23,166.13,124.16,329.89,36.01,160.3,21.6,41.1988,91.22,52.7,251.77,12.6,548.19,232.81,173.5,143.97,14.07,8.83,52.68,11.06,57.68
2025-08-22,57.62,57.62,59225.48,201.22,9.05,55.25,18.73,612.62,42.13,58.39,38.34,16.53,158.48,20.1,165.54,458.29,126.85,174.5,42.89,48.76,169.14,126.8462,330.37,36.0,162.19,22.21,41.6052,90.89,53.16,248.88,13.25,566.14,235.56,171.35,145.85,14.15,9.18,53.04,11.05,57.37
2025-08-25,56.98,57.02,58492.13,200.31,8.88,54.63,18.75,602.74,41.8,58.82,37.97,16.51,156.49,19.8,164.84,456.25,126.07,173.11,42.24,48.81,166.04,124.359,325.93,35.97,161.16,21.92,41.3078,91.24,53.59,243.72,13.32,531.9,234.12,168.65,142.66,14.09,9.25,52.38,11.2,55.91
2025-08-26,56.45,56.41,58132.4,194.83,8.93,53.92,18.67,609.24,42.23,58.11,38.0,16.72,151.8,20.16,162.47,450.81,122.32,177.63,42.5,49.05,165.99,123.7621,320.6,34.4,161.58,22.11,41.9819,91.34,53.8,243.53,14.0,534.51,234.58,167.05,140.2,13.99,9.23,51.05,11.37,55.21
2025-08-27,56.59,56.87,58647.52,196.88,8.96,55.87,18.62,612.23,43.55,58.35,37.93,16.65,150.8,21.0,162.36,453.56,123.93,176.3,43.24,48.91,168.49,124.1799,324.0,35.69,162.05,22.06,41.0402,91.19,55.04,245.06,13.74,566.93,233.79,167.31,145.57,14.19,9.98,51.75,11.39,55.67
2025-08-28,57.19,57.04,59151.68,197.3,8.86,55.3,18.82,612.98,44.86,58.04,38.0,16.86,151.99,21.53,163.65,458.92,125.0,174.91,45.07,49.94,171.9,123.0259,324.42,35.3,160.53,22.43,41.3376,91.8,54.47,242.08,14.22,614.02,236.0,170.14,145.19,14.3,10.21,52.1,11.49,55.6
2025-08-29,58.45,56.45,58708.86,190.71,8.8,53.88,18.64,607.02,44.47,58.08,38.12,16.92,150.3,21.75,161.9,447.16,124.1,174.78,45.76,49.08,170.01,121.8022,320.86,35.14,158.21,22.32,41.9026,92.28,54.0,237.8,14.68,605.72,234.25,168.21,145.0,14.04,10.34,51.34,11.47,55.76
2025-09-01,58.45,56.74,58865.03,194.9,8.7,53.95,18.31,609.58,43.73,57.83,38.3,16.7,150.42,21.63,163.9,452.59,124.65,176.0,45.5,50.74,168.75,122.6677,326.64,35.2,159.6,22.45,41.635,92.01,56.28,241.41,14.54,610.0,234.07,170.0,146.49,13.82,10.31,51.66,11.47,56.09
2025-09-02,57.34,57.34,59747.88,192.51,8.72,54.69,18.65,618.11,46.01,59.42,37.99,17.15,150.02,21.14,162.14,455.41,127.87,176.6,45.73,50.99,173.75,123.9312,326.99,35.61,157.35,23.05,41.5358,92.11,55.17,242.62,14.91,655.07,245.0,170.49,150.03,13.92,10.53,51.82,11.45,56.86
2025-09-03,56.85,56.81,59651.57,190.88,8.57,55.7,18.23,618.34,47.44,60.14,37.88,17.17,150.28,20.99,156.48,452.5,124.55,177.99,46.86,50.72,172.19,126.3487,327.67,36.3,151.79,22.39,41.5358,92.47,55.14,238.33,15.29,718.2,249.05,170.0,150.3,13.91,10.51,51.72,11.51,55.94
2025-09-04,57.25,57.21,59867.62,192.81,8.53,55.3,18.28,629.0,47.61,61.28,37.97,17.34,150.8,21.18,160.01,462.62,128.35,176.71,45.93,50.84,172.66,126.1498,329.9,36.27,156.29,22.42,41.635,92.35,56.05,241.22,14.78,692.74,245.18,171.12,145.92,13.86,10.65,51.89,11.42,56.31
2025-09-05,57.52,57.7,60479.76,189.18,8.55,55.5,18.27,636.66,48.33,63.38,37.88,17.6,150.0,21.26,159.71,466.8,132.0,175.88,45.7,51.6,175.35,126.8462,331.13,36.9,156.0,22.66,41.9324,92.8,56.6,246.74,14.98,720.01,246.68,173.61,146.62,14.0,10.99,52.7,11.51,57.0
2025-09-08,57.86,57.86,60649.76,189.28,8.24,55.25,18.39,631.37,48.14,62.82,37.82,17.68,148.88,20.62,162.29,467.56,128.15,174.76,45.65,50.92,173.85,127.7714,331.68,36.98,157.89,22.63,42.2793,92.65,57.52,247.47,15.33,737.62,243.0,179.66,147.13,14.09,10.51,52.85,11.19,56.8
2025-09-09,57.96,57.94,60679.53,183.08,8.24,55.83,18.4,635.8,46.71,63.05,38.06,17.45,149.92,20.62,162.25,468.99,126.38,172.8,45.88,51.05,174.98,130.4377,331.06,37.05,156.73,21.52,42.3289,93.7,57.58,250.31,15.75,737.04,243.89,175.64,146.49,14.23,10.37,52.15,11.15,56.4
2025-09-10,57.69,57.69,60489.19,182.0,8.22,56.39,18.39,626.08,47.01,62.44,38.13,17.0,149.48,20.46,161.65,458.7,123.03,173.68,46.28,50.5,176.45,130.955,333.95,37.31,157.52,21.12,42.319,92.5,59.05,248.22,15.75,778.66,245.76,168.0,147.4,14.14,10.21,52.21,11.48,56.26
2025-09-11,58.63,58.65,61553.58,185.1,8.28,57.46,18.63,640.0,47.64,63.47,38.26,17.49,148.95,20.65,167.3,475.0,127.74,176.73,45.61,51.74,180.36,132.9149,335.85,37.35,161.28,21.22,42.4082,93.02,59.31,253.87,15.69,794.11,250.4,173.01,150.5,14.49,10.15,51.86,11.51,55.48
2025-09-12,59.11,59.02,61798.94,186.96,8.13,57.16,18.72,638.57,48.04,65.15,38.2,17.27,150.4,21.26,170.4,469.53,127.02,176.99,45.26,52.3,182.0,134.3575,337.67,37.85,158.16,20.44,42.6659,93.51,59.13,257.11,15.85,783.64,251.56,171.5,152.51,14.79,10.45,51.55,11.3,55.24
2025-09-15,59.26,59.27,62102.13,189.5,8.09,57.44,18.72,626.44,48.33,65.01,38.49,17.47,149.99,21.02,173.14,461.0,130.7,177.89,45.89,53.22,185.46,136.2975,340.54,37.96,160.34,20.3,42.6659,93.4,58.64,250.03,15.88,771.16,250.16,167.58,155.59,14.75,10.37,50.03,11.4,56.87
2025-09-17,58.72,58.75,61596.23,186.71,8.15,58.34,18.71,616.7,47.89,65.01,38.7,17.28,149.95,21.0,170.07,456.59,131.81,175.42,49.18,52.09,186.46,134.3674,337.39,37.36,153.91,20.0,42.7155,94.2,59.2,244.64,15.8,732.0,247.98,161.2,151.94,14.56,10.25,49.43,12.09,56.78
2025-09-18,58.4,58.61,61323.95,186.55,8.27,58.47,18.75,619.6,48.28,65.05,38.47,17.11,149.99,21.01,170.42,463.44,132.0,174.4,49.0,52.53,184.51,132.4971,334.61,37.73,152.5,19.77,42.5272,93.5,58.75,247.7,16.21,711.01,249.94,161.01,152.5,14.74,9.98,48.64,12.3,56.66
2025-09-19,58.5,58.66,61200.27,190.29,8.92,56.42,18.45,619.95,47.39,64.77,38.88,16.63,149.06,20.8,177.02,461.12,136.28,174.75,48.44,50.8,181.22,132.8254,330.39,36.5,155.35,20.5,40.0191,93.21,59.97,247.34,16.2,728.06,245.08,162.03,154.13,14.33,9.89,49.69,12.43,57.36
2025-09-22,59.11,59.11,62004.11,189.21,9.3,57.78,18.84,626.01,46.91,64.72,38.4,16.91,148.23,20.75,178.09,466.22,132.99,174.6,49.51,51.52,184.87,136.1084,336.52,37.17,155.75,19.61,40.7825,94.0,62.89,244.8,16.34,783.0,248.7,165.51,155.33,14.58,10.09,50.54,12.72,56.21
2025-09-23,59.6,59.64,62368.19,190.6,9.8,58.87,19.48,630.9,46.92,64.2,38.77,16.75,148.4,20.25,180.43,466.03,133.8,175.52,50.62,52.34,182.7,135.8299,336.1,37.29,156.82,19.55,41.516,94.87,62.62,248.34,16.37,774.4,252.92,164.11,157.4,14.8,10.12,51.6,12.7,56.8
2025-09-24,59.08,59.08,61905.95,190.51,9.65,58.97,18.87,613.15,46.9,63.61,38.11,16.56,145.76,20.48,180.36,452.66,127.52,176.51,49.8,51.32,180.1,142.1374,334.0,36.7,155.03,18.78,39.9597,94.05,58.39,240.28,16.12,784.97,250.78,165.71,161.01,14.62,9.9,51.34,12.44,56.8
2025-09-25,59.15,59.05,61945.04,187.89,9.35,60.78,18.92,622.48,45.85,64.25,38.16,16.64,145.92,19.89,179.24,458.0,131.26,175.1,47.11,51.83,175.01,146.2462,333.87,36.37,154.69,18.01,41.5755,92.84,58.19,242.79,16.22,802.8,246.08,167.82,158.85,14.7,10.09,51.3,12.43,56.1
2025-09-26,59.39,59.39,62307.07,189.35,9.43,61.62,19.11,623.28,45.57,65.14,38.13,16.52,146.49,19.95,181.13,456.01,133.5,174.61,46.44,50.94,180.57,147.261,341.56,37.04,154.55,18.84,41.5458,92.23,59.01,239.06,16.57,804.01,244.26,170.9,156.19,14.85,9.84,51.26,12.45,55.94
2025-09-29,59.91,59.64,62610.12,189.36,9.29,59.94,19.15,596.31,45.73,64.9,37.02,16.62,147.5,19.4,182.6,447.96,128.55,172.29,47.36,50.51,180.61,156.4038,334.8,37.68,153.0,19.05,40.9411,91.14,58.0,237.29,16.86,803.51,245.13,165.99,156.4,14.83,9.71,51.67,12.58,56.3
2025-09-30,59.96,59.9,62915.57,192.35,9.94,60.88,19.22,591.49,46.17,65.06,38.3,16.46,145.56,19.42,180.45,431.32,132.09,173.32,47.67,50.55,183.93,158.5428,340.99,38.56,151.95,19.22,41.9225,92.12,59.52,236.37,17.79,818.23,250.68,166.98,164.44,14.69,9.85,51.96,13.14,56.58
2025-10-01,59.03,58.9,61929.72,191.32,10.03,59.55,19.0,576.51,44.55,64.19,37.44,16.29,142.63,19.5,175.39,427.22,128.65,168.99,47.39,49.02,181.81,155.6975,336.0,37.12,150.76,19.34,43.0823,91.05,57.6,233.84,18.7,798.31,248.3,162.43,159.87,14.25,9.57,50.93,12.66,55.39
2025-10-02,59.23,59.21,62220.31,190.15,9.96,59.52,19.41,587.03,45.14,65.12,37.72,16.67,141.0,19.35,177.7,427.96,126.84,171.39,45.96,49.31,181.51,157.1997,336.41,37.56,151.67,19.12,41.4367,91.14,54.96,235.04,18.4,799.6,245.11,166.0,161.98,14.37,9.43,50.25,12.87,55.88
2025-10-03,59.12,59.0,61984.43,190.77,10.09,58.39,19.27,580.37,44.46,64.47,36.92,16.68,142.43,19.3,175.93,421.62,128.32,167.37,45.25,48.58,180.01,159.6272,333.6,37.98,149.28,18.97,40.8419,90.41,55.1,232.42,17.49,795.5,238.05,169.0,158.0,14.27,9.38,49.8,12.74,55.5
2025-10-06,57.6,57.62,60404.19,189.08,10.56,57.75,19.12,582.11,45.21,65.23,36.97,16.49,140.03,19.29,174.82,417.03,131.07,167.3,45.68,49.11,175.79,135.7005,332.48,38.17,152.35,18.77,40.2571,89.6,53.69,233.26,17.25,777.36,240.5,168.52,162.73,14.95,9.37,49.02,12.66,54.63
2025-10-07,57.44,57.46,60215.75,184.21,10.31,55.69,19.03,578.89,45.41,63.14,37.26,16.71,139.19,19.25,173.51,423.25,130.83,166.85,45.46,48.67,174.61,137.1232,332.68,37.46,150.91,18.44,39.4541,87.78,52.99,234.26,17.06,756.2,236.2,170.05,154.98,14.69,9.27,48.4,12.4,54.74
2025-10-08,58.08,58.01,60888.56,182.95,10.05,56.41,19.37,586.19,45.45,60.99,36.71,16.96,139.26,19.07,175.94,422.27,127.55,165.55,46.2,48.16,176.75,140.2869,322.0,37.0,154.23,18.12,40.3165,88.2,53.05,239.17,16.54,795.76,234.31,175.9,151.11,14.75,9.04,48.65,12.54,55.85
2025-10-09,57.98,57.91,60819.31,180.1,9.71,55.4,19.47,576.37,45.72,62.14,36.35,16.77,139.15,19.14,175.11,415.98,130.99,164.46,44.69,48.4,176.61,143.9679,319.57,37.06,152.78,17.96,39.9101,88.16,51.68,237.29,16.23,796.99,233.29,174.84,146.38,14.81,9.04,48.04,12.38,56.67
2025-10-10,57.9,57.74,60568.93,178.4,9.75,54.13,19.6,580.0,44.82,60.97,36.08,16.97,139.0,19.15,173.94,419.55,123.18,163.66,43.05,47.76,174.23,144.5052,316.72,36.85,152.55,17.72,40.0588,89.19,50.51,243.38,15.84,786.99,230.53,174.23,142.04,14.28,8.77,47.72,12.26,56.33
2025-10-13,57.75,57.75,61045.09,179.87,10.01,55.23,19.66,574.86,45.63,61.18,35.52,17.17,135.62,19.99,171.36,411.49,127.13,165.69,45.31,49.75,177.15,147.5196,322.0,36.52,151.46,17.29,40.951,87.91,51.59,238.35,15.96,822.3,235.0,169.98,143.01,14.51,8.77,48.1,12.62,56.89
2025-10-14,57.58,57.58,60785.62,176.91,9.86,54.16,19.36,566.74,45.66,61.55,35.5,17.67,130.13,20.52,170.42,413.65,125.14,164.12,45.39,48.29,173.09,148.3155,316.98,36.41,148.83,17.04,39.9398,88.5,52.41,237.14,15.83,804.99,232.73,164.51,139.47,14.66,8.92,47.95,12.88,58.1
2025-10-15,58.17,58.37,61637.54,178.27,10.0,54.85,19.84,566.22,45.81,60.81,35.89,18.16,132.49,21.93,171.55,417.33,123.17,163.24,45.69,47.8,175.57,147.9773,316.0,36.26,150.65,17.05,40.5842,87.44,53.74,239.02,19.22,804.21,233.0,171.42,138.81,14.5,9.05,48.42,12.97,60.96
2025-10-16,59.36,59.33,62544.56,182.28,10.45,54.6,20.71,559.19,45.99,62.69,35.46,17.89,132.51,21.4,176.22,409.0,127.99,163.0,45.46,49.14,177.84,150.0764,319.19,36.85,157.99,17.4,41.2583,87.77,53.78,236.83,19.53,830.0,242.47,169.39,135.92,14.7,9.05,48.48,13.2,62.39
2025-10-17,58.83,58.87,61743.92,179.36,10.06,54.21,20.6,559.53,44.57,62.15,34.36,17.7,132.81,21.6,176.78,407.37,123.75,161.0,44.92,48.1,172.76,147.8081,316.59,35.93,157.69,17.27,40.5842,87.25,53.28,240.2,18.13,793.7,232.59,162.35,130.46,14.51,8.82,48.68,12.85,61.8
2025-10-20,58.83,58.74,61672.35,178.78,10.3,54.5,20.5,557.33,44.65,62.5,34.3,17.61,132.5,21.98,176.5,403.62,124.12,159.28,44.44,47.6,170.71,152.0363,314.59,35.44,154.59,17.33,40.8518,86.8,54.0,236.82,18.22,792.99,231.01,157.0,133.47,14.57,9.06,49.39,12.6,61.73
2025-10-21,58.08,58.09,60773.78,177.32,9.89,53.49,20.48,554.0,45.26,60.96,34.31,16.82,129.17,20.94,171.52,387.04,122.44,156.56,44.58,46.83,173.19,149.0517,314.5,35.05,155.49,17.14,39.7515,85.26,53.0,233.03,18.09,757.65,227.84,157.0,132.62,14.51,8.83,49.36,12.48,61.58
2025-10-22,58.67,58.78,61308.2,179.0,9.42,54.01,20.7,562.72,45.13,61.74,33.9,16.95,130.76,21.24,177.31,398.07,122.4,162.74,44.76,45.45,172.83,148.7035,316.78,35.19,157.23,17.17,39.7118,85.56,54.64,235.12,17.83,761.5,229.21,165.18,133.19,14.6,8.87,50.35,12.87,62.26
2025-10-23,58.83,58.83,61511.95,182.0,9.45,52.06,20.89,561.02,44.18,62.84,34.65,17.19,130.01,23.9,177.98,398.22,123.35,168.79,46.25,45.1,172.29,150.2953,320.21,35.39,155.37,17.4,38.5421,86.0,55.25,235.2,17.1,759.95,234.75,165.15,133.59,14.44,8.9,50.29,13.2,61.52
2025-10-24,59.07,58.7,61145.49,177.51,9.47,51.7,20.84,563.38,44.26,61.65,34.32,17.27,129.65,23.67,175.95,399.39,122.0,165.35,47.6,44.62,171.15,149.0915,315.77,34.89,160.76,17.69,38.6412,85.53,52.75,237.09,16.67,730.5,228.45,166.69,133.61,14.21,8.9,53.09,12.57,61.0
2025-10-27,59.21,59.23,61860.3,177.0,9.67,52.0,20.89,560.94,45.75,62.19,34.52,17.13,132.02,24.35,176.3,397.6,126.3,166.34,46.83,45.06,172.5,154.2052,318.0,35.08,162.12,18.5,39.8407,86.6,52.68,236.96,16.65,754.63,234.86,170.0,135.29,14.34,9.17,54.96,12.9,61.49
2025-10-28,59.82,59.77,62795.24,179.75,9.54,51.95,21.29,567.9,47.23,65.93,34.9,18.96,136.1,23.6,174.76,396.01,131.3,173.02,44.99,45.9,172.82,155.1602,317.2,36.14,160.07,18.83,39.7911,88.2,53.03,237.2,16.7,743.13,240.59,173.47,141.44,14.55,10.08,55.11,12.52,62.45
2025-10-29,60.16,60.16,63352.85,179.97,9.37,52.05,21.22,573.65,47.58,65.86,34.75,18.97,135.53,23.07,174.7,398.63,133.44,175.58,44.44,46.43,174.89,162.8307,316.88,35.76,158.63,18.78,40.1381,89.25,52.83,238.67,17.82,748.67,250.13,172.87,137.84,14.63,10.04,56.19,11.97,61.73
2025-10-30,60.0,59.8,62889.86,178.65,9.33,50.9,21.12,568.93,47.89,65.42,34.86,18.78,134.94,22.48,176.94,385.01,132.97,176.9,43.7,44.87,173.78,164.7011,313.01,35.56,161.14,18.31,40.1381,89.6,52.25,229.5,16.87,759.68,245.14,176.15,135.83,14.22,9.87,56.2,11.99,60.83
2025-10-31,59.66,59.66,62769.18,179.78,9.4,51.41,21.14,562.14,47.41,64.16,35.42,18.84,134.94,22.82,175.03,385.86,131.97,178.32,44.07,45.01,174.41,159.4879,314.65,36.01,159.55,18.14,39.8903,90.52,53.17,228.96,16.82,784.89,240.01,168.56,137.64,14.07,9.7,56.4,12.38,61.5
2025-11-03,59.35,59.14,62653.89,179.35,9.48,50.86,20.84,560.68,47.01,63.73,35.54,18.79,134.34,23.0,174.12,394.49,133.37,177.3,44.85,44.02,174.02,155.1105,313.42,34.2,160.03,17.72,39.4244,90.1,52.04,228.97,16.76,738.15,241.59,172.72,134.0,13.9,9.53,55.15,12.17,60.96
2025-11-04,59.23,59.48,62390.73,182.48,9.29,49.81,21.14,564.87,47.06,65.73,35.16,18.72,135.23,23.74,171.72,396.7,134.1,177.99,45.17,44.42,176.94,151.2006,317.97,34.62,160.24,17.75,39.7911,90.64,51.92,230.84,16.92,714.85,245.5,175.06,133.82,14.12,9.8,55.58,12.01,61.42
2025-11-05,60.71,60.5,63378.51,183.79,9.3,51.0,21.35,577.1,47.36,65.65,35.68,19.1,136.99,24.47,174.8,405.0,136.97,178.9,46.02,44.0,176.97,158.0553,322.59,35.04,164.75,17.89,41.1691,91.07,53.24,248.28,16.77,729.79,253.9,182.9,138.99,14.24,10.44,56.43,12.62,62.14
2025-11-06,60.71,60.26,63093.12,182.53,9.15,50.69,21.03,574.0,47.53,64.9,35.67,18.95,136.68,23.82,173.31,402.24,134.0,179.59,45.52,44.15,177.0,157.4385,320.67,35.24,164.46,18.11,41.0402,90.24,54.0,244.11,17.03,724.36,247.6,179.1,138.0,14.16,10.39,56.96,12.57,62.09
2025-11-07,60.78,60.69,63376.13,185.12,9.2,50.29,21.39,569.12,47.27,65.43,34.66,18.84,135.79,23.58,176.8,397.13,135.11,180.13,44.66,44.11,178.49,158.9308,321.59,36.09,166.64,17.8,40.5445,90.2,54.4,241.45,17.05,727.99,251.3,180.47,139.39,14.44,10.43,56.9,12.36,62.63
2025-11-10,60.78,60.26,63094.01,184.0,9.17,50.09,21.2,555.74,47.89,63.5,34.74,19.01,135.51,23.11,173.94,393.6,129.51,178.41,45.26,43.66,179.29,158.6622,313.51,35.74,163.0,18.13,40.3066,91.57,54.01,237.67,17.73,746.01,253.01,180.34,138.34,14.35,10.68,57.55,12.07,61.93
2025-11-11,61.44,61.51,64321.27,190.28,9.24,50.6,21.51,562.22,48.69,65.06,34.83,19.27,137.51,23.51,178.71,396.44,136.3,177.21,43.91,44.95,185.68,161.6667,321.68,35.8,166.85,18.13,40.3661,93.24,54.54,243.97,18.1,758.4,255.99,179.0,145.89,14.55,10.73,57.4,12.49,63.74
2025-11-12,60.79,60.47,63190.66,186.13,9.2,49.88,21.32,551.46,47.54,62.66,34.77,18.92,135.5,22.8,175.65,396.01,128.98,180.47,43.53,44.14,179.23,158.6025,320.8,35.92,163.86,17.87,40.832,93.94,54.37,239.59,18.25,743.1,251.06,179.5,143.77,14.28,11.18,56.5,12.4,62.35
2025-11-13,60.34,59.85,62529.44,183.23,9.2,49.89,21.3,559.86,46.71,61.06,34.09,18.61,136.0,22.6,172.08,397.02,126.81,177.87,42.79,43.13,175.6,155.8865,314.23,36.39,161.53,17.97,40.5842,95.13,53.65,240.98,18.2,745.5,246.09,172.0,142.63,14.33,10.97,55.99,12.1,61.39
2025-11-14,59.8,59.86,62328.63,184.33,9.3,49.51,21.2,549.5,46.15,60.02,34.32,18.49,136.26,22.04,171.97,406.0,126.58,175.12,43.58,42.65,175.3,153.5485,312.44,37.3,161.07,17.59,40.0489,96.31,53.85,241.55,18.36,725.0,246.84,174.76,141.38,14.27,10.61,56.01,11.99,62.06
2025-11-18,59.52,59.52,61984.45,183.79,9.0,49.41,21.45,544.89,44.75,60.05,34.1,18.67,134.78,22.21,172.96,401.74,127.75,175.77,42.96,42.6,172.32,149.3203,314.77,37.18,161.39,17.9,40.5445,96.84,54.19,235.59,18.25,716.46,247.99,176.41,138.8,14.29,10.38,55.95,11.67,61.56
2025-11-19,59.41,59.52,62080.58,180.82,8.96,48.54,21.24,548.7,44.13,59.07,34.5,18.99,134.73,21.85,172.93,404.26,130.77,175.72,42.9,42.64,173.54,150.3351,313.57,36.69,160.69,17.69,40.5049,96.69,51.97,235.25,18.29,732.97,249.64,171.67,138.74,14.51,10.37,55.91,11.85,61.58
2025-11-20,59.95,59.29,61672.19,182.53,8.94,47.66,20.94,546.35,44.19,58.14,34.31,18.74,133.41,21.69,173.0,407.08,127.31,175.99,42.02,42.4,175.56,145.7686,312.13,36.98,160.86,17.59,39.4838,96.97,51.0,232.85,17.87,720.0,249.14,173.89,135.99,14.57,9.9,56.14,11.67,61.55
2025-11-21,59.73,59.62,61877.27,182.5,9.12,48.22,21.12,552.13,45.13,57.14,34.56,18.53,132.77,21.35,175.15,415.81,125.4,175.7,42.74,43.67,173.08,148.5344,311.1,36.23,163.14,17.77,40.3264,98.81,50.91,236.48,17.43,727.09,245.01,174.52,138.2,14.36,10.32,56.53,11.64,61.69
2025-11-24,60.07,60.08,62522.61,181.24,9.25,48.8,21.41,556.47,46.97,59.0,35.7,18.6,134.05,21.75,173.37,427.21,129.34,172.69,42.94,43.49,172.0,154.9016,311.6,36.5,159.03,18.5,39.355,99.81,50.84,238.04,16.5,757.0,244.4,182.0,138.72,14.36,10.21,55.61,11.76,61.44
2025-11-25,60.44,60.7,63214.56,183.36,9.08,49.44,21.32,561.39,46.42,59.14,36.27,19.19,132.92,22.0,172.63,434.02,127.91,179.24,42.82,43.62,176.24,157.9658,316.24,36.69,159.22,18.22,40.2471,100.65,50.4,247.96,17.11,752.53,247.05,186.99,140.0,14.2,9.99,57.39,12.85,61.32
2025-11-26,60.52,60.5,63242.71,182.37,9.08,49.99,20.96,552.53,47.19,57.7,35.68,19.35,133.54,21.5,173.37,435.25,125.7,180.53,44.05,44.29,176.03,157.8762,316.85,36.76,161.23,18.19,40.5743,100.89,51.4,244.87,16.91,776.13,249.9,180.8,139.25,14.23,9.94,57.54,13.19,61.69
2025-11-27,60.53,60.22,62694.73,180.54,9.13,48.72,20.75,552.98,47.01,57.49,35.96,18.92,128.01,21.35,173.06,438.0,125.07,177.32,43.75,43.6,175.22,156.6028,315.37,36.74,158.03,18.23,40.4256,100.6,51.0,244.03,16.66,761.35,245.89,181.31,136.93,14.25,9.83,56.6,13.11,60.51
2025-11-28,61.25,61.25,63596.78,186.79,9.09,49.94,20.94,552.85,47.74,57.93,37.51,19.4,131.47,22.0,176.99,450.3,125.93,180.7,42.71,43.2,174.5,159.08,324.07,38.73,158.79,18.74,40.4454,100.7,51.67,245.08,16.96,770.0,251.76,182.72,136.14,14.42,10.0,57.0,13.24,61.78
2025-12-01,60.94,60.92,63551.13,186.8,8.92,49.68,20.34,554.1,48.23,57.82,36.55,19.34,133.15,22.05,175.72,433.72,124.52,184.85,43.05,43.8,174.87,161.6568,315.04,40.0,159.82,18.5,40.7527,100.0,52.25,244.11,16.88,822.97,246.87,181.04,134.79,14.84,9.96,56.47,13.42,61.16
2025-12-02,61.18,61.28,63820.61,188.32,9.05,50.57,20.49,552.6,48.6,60.35,35.68,19.66,130.49,21.49,185.89,425.84,123.41,188.36,43.34,44.06,177.59,161.5672,313.95,38.35,162.14,18.39,41.1988,98.17,51.15,241.58,16.97,784.16,251.13,176.42,137.79,15.19,9.85,57.0,13.99,60.67
2025-12-03,60.94,60.94,63597.44,185.01,9.02,49.99,19.79,546.0,48.79,59.71,35.96,19.89,130.4,21.49,186.72,422.17,122.35,194.66,43.4,43.77,176.06,164.2335,313.71,37.78,163.82,18.43,41.4367,99.97,50.88,237.7,17.14,786.4,252.77,173.55,137.97,15.18,9.92,56.92,14.44,59.93
2025-12-04,60.98,60.92,63714.86,187.58,9.04,50.9,19.86,552.78,48.49,58.84,36.03,20.0,128.62,20.82,185.12,416.82,125.64,193.66,44.26,44.27,174.44,165.4273,313.27,37.94,166.01,18.71,40.8717,101.0,51.39,234.19,17.25,793.99,260.23,179.43,137.86,15.22,9.9,56.86,14.42,58.94
2025-12-05,60.62,60.62,63378.3,187.29,9.0,50.04,19.58,547.87,48.6,60.08,35.42,19.66,128.29,20.7,183.43,414.0,124.76,192.64,44.93,44.16,174.76,165.8352,316.47,38.02,164.38,18.49,40.4851,100.75,51.08,231.41,16.83,788.1,253.7,175.37,138.19,15.54,9.84,56.61,13.74,59.12
2025-12-08,61.03,61.02,63528.0,188.8,8.91,50.58,19.54,554.91,49.67,59.32,36.32,19.99,128.97,20.45,184.66,433.88,120.7,192.3,44.48,44.58,169.18,165.5069,315.83,38.32,167.85,18.24,40.3859,100.0,51.5,230.08,16.77,772.11,260.4,179.78,138.99,15.82,9.98,57.38,13.54,58.99
2025-12-09,61.54,61.59,63694.68,188.9,9.39,50.96,19.35,556.15,49.9,59.59,35.73,19.9,129.51,20.42,188.13,438.71,120.24,194.96,44.2,44.08,170.46,166.5217,312.52,38.2,167.04,18.72,40.0092,100.0,51.65,232.2,16.92,781.34,259.41,180.49,139.1,15.83,10.19,57.78,13.85,58.91
2025-12-10,61.3,61.22,63409.4,187.71,9.65,50.83,19.3,558.03,48.96,60.0,36.04,19.76,127.7,20.69,187.76,439.9,119.2,189.11,44.5,43.16,169.3,165.0692,309.83,37.86,167.26,18.92,39.6821,99.99,51.55,232.58,16.39,781.35,258.95,179.24,136.89,15.83,10.83,56.32,13.69,58.59
2025-12-11,62.82,62.56,64712.07,194.39,10.41,50.97,19.26,579.69,50.09,59.69,37.29,20.14,128.7,20.58,185.34,467.59,121.44,190.5,45.3,43.86,175.0,171.2871,313.9,38.72,169.12,18.8,40.3463,100.66,52.0,245.5,17.18,800.0,264.57,177.33,142.87,15.76,10.92,56.14,14.08,59.17
2025-12-15,61.94,61.94,64326.16,192.59,9.95,51.08,19.0,564.58,49.32,58.76,36.34,20.94,130.7,20.87,184.86,456.81,117.81,190.35,44.26,43.34,174.15,169.3173,312.0,38.45,168.67,18.54,40.4157,100.62,51.03,242.13,16.54,786.49,267.96,174.62,138.3,15.71,10.8,56.49,13.97,58.75
2025-12-16,60.89,60.89,63230.87,189.71,9.71,50.2,18.73,557.8,47.28,58.0,37.02,20.64,129.42,21.02,183.08,454.43,117.33,188.79,43.07,43.14,166.82,165.3577,308.99,37.99,166.92,18.06,40.039,101.08,51.09,236.02,16.14,785.0,263.57,177.44,136.9,15.43,11.04,54.94,13.95,57.09
2025-12-17,60.31,60.31,62528.06,189.4,9.85,51.2,18.41,564.52,46.77,57.76,36.62,20.16,125.29,20.98,180.15,466.64,115.5,183.38,41.32,42.81,164.82,162.2039,309.19,36.5,165.38,17.6,38.7205,99.99,50.75,237.46,15.96,796.0,262.98,178.01,137.27,15.28,11.12,54.47,14.25,55.76
2025-12-18,62.49,62.49,63807.32,189.99,9.95,52.38,18.54,565.85,47.41,58.82,36.83,20.86,127.96,21.49,183.83,475.47,115.0,192.3,43.41,44.11,169.93,168.6606,309.38,37.54,166.35,18.44,39.0774,100.2,51.45,240.02,15.89,803.99,265.29,176.27,138.22,15.2,11.49,55.28,14.9,56.6
2025-12-19,61.6,61.57,63966.98,195.0,9.34,53.18,18.37,585.31,46.28,59.7,39.72,21.02,125.08,21.39,181.61,484.5,115.05,185.0,45.73,43.15,169.4,164.2136,310.24,38.1,172.96,18.15,38.2943,103.87,51.52,242.36,15.89,867.64,267.18,179.92,144.0,15.64,10.41,55.45,17.1,56.74
2025-12-22,61.94,61.93,64778.18,195.54,9.48,54.19,18.58,587.86,47.05,58.96,38.94,21.15,125.16,21.74,181.05,480.78,116.03,183.96,46.27,44.19,170.15,170.1231,313.07,38.75,170.02,17.71,38.0663,101.2,51.7,245.62,15.95,932.62,266.53,184.64,144.08,16.1,10.84,56.03,16.9,56.9
2025-12-23,62.79,62.69,65595.41,197.29,9.27,54.92,18.68,593.97,47.24,59.78,38.76,21.36,128.3,21.4,183.32,488.09,117.4,184.53,47.67,44.4,170.44,173.7047,316.94,38.84,172.77,18.17,38.8593,100.13,52.07,253.45,16.05,956.8,274.19,189.66,146.92,16.31,10.71,56.08,16.55,57.29
2025-12-24,62.74,62.74,65616.43,197.32,9.2,55.68,18.74,591.49,47.22,60.09,38.52,21.3,128.21,20.98,184.62,487.4,119.86,184.44,47.6,44.37,172.01,173.4261,312.68,38.65,171.9,18.15,38.6016,105.0,51.37,252.55,16.09,958.45,272.83,189.51,146.44,16.13,10.51,56.25,16.81,57.21
2025-12-26,62.79,62.79,65636.36,197.95,9.14,56.22,18.66,590.0,46.85,60.22,38.51,21.36,127.25,21.01,184.74,488.04,119.0,184.03,47.09,44.17,171.24,172.4213,314.0,38.45,172.6,18.07,39.236,100.95,52.09,252.3,15.97,980.99,271.55,187.99,144.99,16.19,10.57,56.48,16.53,57.19
2025-12-29,62.56,62.38,65347.08,197.3,9.3,55.81,18.78,589.07,46.44,59.84,38.42,21.32,127.02,20.59,184.27,483.0,119.5,183.82,47.31,44.05,171.02,169.5461,312.72,38.51,172.59,17.99,38.899,100.22,52.58,248.43,15.94,979.98,269.08,191.09,145.16,16.1,10.48,56.16,16.21,57.02
2025-12-30,61.57,61.57,64366.7,194.02,9.5,54.2,18.76,582.0,45.64,58.5,36.97,20.89,123.84,20.63,180.41,475.37,117.21,181.34,46.27,43.38,167.0,169.168,309.1,38.14,170.44,17.9,37.868,99.99,52.0,243.42,15.6,950.0,266.0,187.0,141.03,15.83,10.44,54.72,16.06,56.28
2025-12-31,61.21,61.51,64308.29,194.5,9.24,54.04,18.59,580.92,45.56,59.0,36.99,20.68,123.28,20.58,182.03,471.02,118.32,182.56,45.96,43.42,166.84,169.3272,309.54,38.41,171.02,17.91,37.7887,100.0,51.83,244.42,15.58,945.98,267.23,186.09,142.19,15.75,10.53,55.08,16.0,56.01
2026-01-02,61.51,61.47,64141.36,193.57,9.58,53.69,18.56,577.85,45.76,58.83,37.46,20.69,123.74,20.89,181.14,466.51,116.96,180.31,45.29,43.39,171.04,168.7502,310.2,38.17,170.04,17.92,37.4814,100.01,52.74,242.08,15.57,908.0,264.07,187.17,142.62,15.34,10.66,54.91,16.4,56.16
2026-01-05,62.01,62.11,65014.37,194.94,9.55,53.2,18.64,580.94,45.86,59.11,37.46,21.24,123.02,21.23,183.98,471.0,120.5,185.32,46.62,43.8,174.0,174.1026,311.61,38.24,168.89,17.71,37.8779,100.02,53.49,244.37,16.01,947.04,267.07,188.53,142.6,15.94,10.7,54.76,16.62,56.08
2026-01-06,61.96,61.96,65022.24,191.05,9.16,53.03,18.18,584.6,45.15,57.73,36.74,21.41,122.72,22.05,181.67,476.54,117.2,181.82,45.17,43.25,170.0,178.0622,305.23,37.74,170.47,17.18,37.531,100.01,54.26,250.02,16.0,966.03,267.48,177.1,137.0,15.86,10.69,54.94,16.63,57.88
2026-01-07,61.92,61.97,64871.7,192.86,8.99,53.64,18.2,595.46,45.78,58.46,36.96,20.75,124.93,22.33,180.79,481.93,117.45,181.44,45.83,44.64,169.64,175.4158,308.92,37.2,170.64,17.17,37.8383,100.0,53.28,252.21,15.99,952.29,265.52,175.18,140.38,16.09,10.43,55.92,16.62,58.05
2026-01-08,62.35,62.35,65521.01,193.41,8.96,53.74,18.37,592.78,46.17,60.7,36.08,22.09,124.95,22.55,183.95,486.36,118.64,185.02,46.97,44.68,168.5,175.6546,308.62,37.67,172.07,17.32,38.3042,102.3,53.6,250.76,16.5,961.59,263.13,174.64,141.51,16.34,10.47,56.74,17.05,56.93
2026-01-09,61.99,62.59,66062.62,195.25,8.96,54.24,18.25,579.18,46.14,62.41,35.76,22.31,123.85,23.0,183.13,479.09,121.27,185.19,46.96,44.34,169.69,181.2756,311.2,38.0,177.09,17.64,38.1456,101.06,53.77,250.33,16.41,986.49,261.03,179.8,138.98,16.76,10.65,57.17,16.95,57.4
2026-01-12,62.94,62.91,66745.61,196.35,8.94,54.02,18.35,580.49,45.98,63.69,35.48,22.24,124.6,22.64,183.07,481.45,120.88,191.21,46.41,44.64,169.0,187.7323,311.11,38.04,178.11,17.55,38.4231,100.48,54.0,247.75,17.07,1070.0,262.62,179.01,141.2,16.74,10.63,57.33,16.63,57.91
2026-01-13,62.5,62.49,66337.42,189.0,8.85,53.71,18.25,568.94,45.74,61.13,35.74,22.02,122.42,21.91,183.48,472.34,120.89,189.96,46.73,43.97,170.18,188.4785,307.29,38.17,178.18,17.47,37.9275,100.4,54.43,241.11,17.48,1058.02,258.44,175.55,140.19,16.75,10.56,57.25,16.4,57.73
2026-01-14,63.52,63.52,67403.08,196.98,8.85,53.34,18.24,570.35,46.7,61.91,36.11,22.39,123.59,21.9,184.5,467.77,122.66,195.47,46.47,44.63,178.55,196.3479,308.39,39.01,180.03,17.52,38.2645,100.27,54.99,235.65,17.93,1066.3,265.47,173.98,144.2,17.19,10.8,56.8,15.52,58.7
2026-01-15,62.89,62.89,66649.28,198.56,8.94,53.16,17.56,560.59,46.86,62.42,36.93,21.81,120.5,21.79,178.56,454.02,119.92,195.29,47.19,44.77,179.76,193.5126,309.4,38.99,178.24,17.46,37.8383,100.05,56.35,234.62,18.11,1049.5,258.5,175.21,142.0,16.98,10.56,56.67,15.63,59.09
2026-01-16,62.99,63.3,67141.11,198.99,9.09,53.2,18.1,567.5,47.12,62.23,36.51,22.03,121.09,21.39,179.5,465.04,122.36,195.08,46.96,45.31,184.38,193.0151,313.44,39.09,175.18,17.71,37.749,100.11,57.04,240.99,18.21,1069.0,255.2,175.67,143.1,17.28,10.59,56.79,15.4,57.89
2026-01-19,63.38,63.55,67467.82,202.99,9.02,53.54,18.07,574.0,47.78,62.5,37.01,22.2,121.9,21.7,181.19,456.0,122.72,192.8,45.87,44.93,182.74,198.8451,312.71,38.29,176.57,17.63,37.6797,100.63,57.74,238.91,17.5,1082.01,259.12,175.09,140.01,17.08,10.65,56.44,14.91,58.39
2026-01-20,63.67,63.67,67683.38,197.69,8.94,53.81,18.17,574.18,47.72,61.31,36.94,22.03,123.82,20.78,181.56,474.8,120.51,191.63,47.76,44.59,182.98,197.4025,310.94,38.13,176.04,17.72,37.8581,100.5,58.0,242.29,17.6,1115.97,259.0,173.57,143.5,17.07,11.0,56.21,15.55,58.02
2026-01-21,64.11,64.15,68036.13,199.63,8.99,53.57,18.12,585.95,49.95,60.89,36.58,22.58,123.78,20.48,181.27,485.03,120.25,198.84,49.11,43.87,186.4,194.209,307.96,39.1,177.96,17.59,37.9671,100.7,61.12,252.24,17.82,1085.0,265.29,178.27,146.88,17.12,11.38,56.59,15.52,57.51
2026-01-22,64.39,64.66,68347.98,198.08,8.76,56.55,18.15,589.0,52.65,61.55,36.57,22.63,125.26,20.5,185.6,492.75,123.2,193.35,48.71,44.84,185.31,192.3684,307.47,40.58,183.08,17.47,38.3042,101.26,63.69,249.95,18.99,1067.89,269.95,170.0,153.05,17.14,11.85,56.09,16.83,58.11
2026-01-23,64.2,64.49,68195.15,199.11,9.19,55.98,18.03,587.62,53.96,61.7,35.9,22.41,125.26,20.0,185.91,481.03,125.99,191.97,48.66,45.07,185.99,192.0202,314.63,39.85,185.46,17.34,37.8482,102.99,64.64,250.79,18.73,1075.0,271.78,167.89,153.2,17.14,11.51,55.3,16.58,57.97
2026-01-26,65.15,64.78,68706.03,198.8,9.16,55.76,17.99,596.97,55.0,61.37,35.49,22.09,125.83,19.7,186.45,487.32,127.03,189.73,49.23,45.08,187.25,198.5963,314.08,39.55,183.5,16.92,37.8878,103.71,63.42,253.74,18.54,1111.0,282.38,170.61,155.49,17.3,11.64,55.62,16.33,57.28
2026-01-27,65.15,65.14,68877.64,199.11,8.92,55.74,18.14,597.74,55.8,60.38,35.04,22.07,121.79,19.2,184.47,486.29,123.8,188.09,49.21,45.09,189.67,198.9346,313.31,39.88,186.42,16.94,38.0564,104.17,63.0,257.24,18.42,1121.16,282.82,168.04,157.81,17.11,11.37,55.52,16.5,58.0
2026-01-28,65.48,65.67,69959.73,199.91,8.94,55.99,18.58,604.84,56.4,60.3,35.74,22.63,124.21,19.11,185.22,483.07,125.15,196.48,50.54,45.46,199.97,200.3573,313.49,39.76,184.27,16.77,37.4517,104.06,62.14,256.65,18.36,1207.85,285.12,170.84,162.26,17.45,11.47,55.25,16.6,57.74
2026-01-29,65.14,65.26,69492.43,198.97,8.86,54.34,18.49,601.26,53.05,59.99,35.33,22.2,121.21,18.41,182.61,478.35,122.59,193.29,50.45,44.47,205.0,208.1869,313.15,39.95,179.17,16.34,37.7788,103.98,62.16,253.8,18.84,1169.99,278.03,161.5,159.48,17.58,11.21,54.05,16.76,55.85
2026-01-30,64.15,64.24,67598.95,196.85,9.09,53.31,18.07,604.43,51.13,60.74,35.06,21.72,119.6,18.42,182.37,480.42,118.89,188.12,48.57,43.86,197.02,191.8412,314.95,38.71,183.28,16.63,37.1245,105.4,61.35,255.18,18.54,1013.0,273.5,162.72,156.73,17.28,11.52,53.99,16.89,55.46
2026-02-03,66.03,66.45,69735.06,207.67,9.16,52.95,18.76,631.66,52.82,62.81,35.84,21.89,118.85,19.32,186.97,489.28,122.84,189.7,49.82,45.5,206.84,207.9282,324.99,39.49,185.86,16.45,37.6103,100.37,61.55,257.8,18.47,1025.0,290.98,163.64,157.83,17.99,11.08,54.39,17.35,55.75
2026-02-04,65.37,65.44,68730.69,204.77,9.57,53.76,18.61,618.17,52.8,63.08,35.31,20.97,119.04,19.32,184.62,475.43,121.52,191.65,50.5,44.65,200.44,203.0633,326.36,39.18,183.44,16.02,37.4021,102.12,60.71,255.74,19.37,1032.14,289.65,164.01,157.72,17.72,11.06,54.66,17.73,55.42
2026-02-05,65.76,65.89,68858.28,205.04,9.99,53.4,18.58,629.46,53.75,63.2,35.7,20.85,118.32,19.03,187.27,478.84,117.69,196.41,50.99,44.2,200.22,199.9792,326.73,40.09,188.03,16.21,37.184,99.69,60.65,260.36,19.56,1026.66,289.94,165.01,158.21,17.63,10.88,54.66,17.9,56.47
2026-02-06,67.4,67.42,70809.57,206.47,9.84,54.34,18.53,635.32,54.52,67.5,36.7,21.08,119.79,19.14,190.95,496.91,120.74,199.79,52.54,45.92,208.36,206.615,338.4,41.18,191.5,16.81,37.8581,101.31,62.95,268.47,20.81,1100.0,299.44,169.8,158.0,18.38,10.95,55.44,18.15,58.5
2026-02-09,67.59,67.9,71509.45,205.1,9.63,55.14,19.06,634.99,55.15,67.4,36.33,21.94,119.99,19.63,192.16,499.47,121.13,195.0,54.37,45.74,207.02,208.1372,349.34,41.5,192.26,17.12,38.1555,102.8,63.2,274.33,21.53,1112.0,303.09,170.4,159.7,18.48,11.06,57.4,18.08,58.23
2026-02-10,67.95,67.89,71271.56,205.06,9.4,55.89,19.38,643.03,55.52,67.56,37.93,22.25,119.66,19.94,194.11,500.18,121.78,195.94,53.75,45.44,208.5,200.8547,344.0,42.25,192.88,17.62,37.9572,102.34,64.08,273.75,21.21,1080.0,298.51,169.52,161.83,18.49,11.29,57.03,18.4,57.47
2026-02-11,67.84,68.2,71601.35,204.64,8.87,55.29,20.25,648.94,55.36,67.85,36.21,22.24,120.39,19.04,194.58,503.1,121.4,196.33,53.68,44.98,202.48,205.2023,343.52,41.85,193.96,17.68,37.7689,102.54,63.66,277.3,21.17,1081.33,302.53,170.0,159.27,18.35,11.37,56.73,17.62,57.88
2026-02-12,68.0,68.07,70888.04,207.0,9.05,55.14,20.63,638.68,55.18,66.37,36.4,21.18,120.41,18.55,194.26,487.0,122.84,194.11,51.97,44.7,201.91,201.4815,340.76,42.7,196.97,17.53,37.9969,101.92,63.49,271.86,21.1,1044.11,294.0,169.96,161.22,18.3,11.31,57.14,17.59,57.88
2026-02-13,68.0,68.33,71478.81,210.5,9.14,56.97,20.45,639.87,55.25,67.61,36.88,21.54,120.98,18.75,196.66,485.67,129.2,198.99,53.49,46.67,204.18,203.4414,346.47,42.21,194.06,17.94,38.2844,104.29,64.54,275.5,20.86,1059.9,294.8,171.79,161.89,18.19,11.45,58.49,17.42,58.32
2026-02-16,68.54,68.41,71353.29,209.7,8.88,56.44,20.31,636.09,53.96,67.62,37.36,21.8,119.4,19.05,197.5,501.9,126.2,199.93,53.11,45.03,202.26,202.7549,343.0,43.79,195.0,17.55,38.0365,104.89,67.5,277.05,20.99,1036.2,296.7,171.25,162.02,17.88,11.54,58.24,17.38,58.09
2026-02-17,68.29,68.52,71155.69,212.12,8.88,57.97,20.84,647.47,54.24,68.58,37.15,21.49,119.59,18.84,196.47,501.25,128.65,199.3,54.44,45.68,202.66,195.1541,345.86,42.55,193.74,17.82,38.5124,105.5,66.91,282.05,20.92,993.53,295.65,174.04,162.27,17.91,11.14,57.6,17.49,59.1
2026-02-18,68.44,68.14,70885.22,208.46,8.83,58.56,20.62,647.2,55.95,66.48,36.91,21.61,115.87,18.71,193.72,498.66,125.91,201.28,54.2,44.37,201.65,198.0193,341.27,41.87,194.12,17.34,38.6016,105.54,67.5,280.78,21.02,998.95,291.36,173.25,162.4,17.96,11.62,57.88,17.7,57.71
2026-02-19,68.17,67.99,70845.66,210.09,8.77,61.24,20.56,644.65,55.02,65.28,36.76,21.82,113.56,18.77,193.6,498.08,127.24,202.51,52.95,44.71,199.7,201.5113,315.0,41.95,193.58,17.44,38.5124,104.31,65.95,279.47,21.24,1009.71,289.4,175.0,162.22,18.21,11.63,57.94,17.74,57.8
2026-02-20,68.17,68.67,71436.55,210.73,8.69,61.17,20.58,650.68,55.54,64.01,36.76,22.09,114.18,18.86,194.39,512.62,131.31,204.57,53.87,45.23,199.67,203.9488,313.74,42.59,194.42,17.57,38.5322,105.68,67.2,286.92,20.96,1013.89,286.67,172.26,160.79,18.26,11.74,61.08,17.41,57.95
2026-02-23,68.17,67.53,70633.77,206.44,8.49,60.85,20.58,628.01,54.82,63.31,36.0,21.37,114.31,18.81,192.54,482.94,133.71,202.16,53.63,44.27,198.22,203.9488,312.39,42.56,181.67,17.3,37.7689,105.06,67.81,281.56,20.1,1049.5,284.81,170.17,159.8,18.3,11.53,61.94,16.24,57.33
2026-02-24,67.34,67.83,70934.82,205.75,8.38,61.14,21.94,615.19,55.97,62.83,36.64,21.64,115.19,18.23,191.64,455.5,133.21,202.89,53.27,45.14,199.76,207.0329,310.76,42.34,190.19,17.52,37.8184,105.79,67.17,273.69,20.49,1036.07,281.39,168.07,159.99,18.6,11.38,63.62,16.36,58.1
2026-02-25,67.87,67.87,71144.35,205.3,8.3,59.82,21.7,629.64,56.71,62.8,36.86,21.92,111.48,18.49,193.46,458.3,127.31,198.31,52.4,44.72,198.15,212.8529,308.39,42.7,191.13,17.4,37.3723,106.67,66.71,271.08,20.25,1048.9,284.49,166.05,159.77,18.57,10.92,63.07,15.31,56.71
2026-02-26,68.17,68.3,71390.1,210.91,8.26,60.47,21.85,623.99,56.34,63.95,36.9,21.95,110.06,17.86,194.45,463.6,130.3,198.15,50.25,44.11,198.8,215.5291,311.54,43.2,189.81,17.79,37.6995,105.58,66.53,269.33,20.23,1045.0,285.79,166.0,158.99,19.1,10.95,63.07,15.45,56.37
2026-02-27,68.18,68.1,71405.77,207.9,8.23,60.83,22.45,620.33,57.43,62.6,37.92,21.62,110.28,17.49,193.63,449.96,134.93,200.63,49.99,43.86,195.83,217.1408,310.52,43.19,191.51,18.28,38.6214,107.68,66.79,263.16,20.32,1096.3,283.71,168.0,160.95,19.3,10.23,63.26,14.91,55.9
2026-03-02,67.65,67.58,70584.75,205.94,8.53,60.0,22.42,616.34,56.19,62.07,37.09,21.09,110.27,16.97,194.76,441.14,127.76,200.36,49.04,43.13,190.91,219.0111,308.5,43.06,190.39,17.76,37.9176,108.75,65.4,257.86,19.64,1049.83,283.27,164.7,155.1,19.15,9.73,60.59,13.74,56.16
2026-03-03,66.0,65.83,68436.26,202.12,8.49,58.58,21.72,598.5,55.3,61.48,37.13,20.25,109.37,17.06,193.76,425.26,124.68,191.81,48.7,42.01,190.09,204.6949,306.15,42.11,186.9,17.58,37.2137,109.5,60.81,248.55,18.36,976.41,278.18,161.5,150.86,18.5,9.77,59.04,13.45,55.68
2026-03-04,67.65,67.65,70428.03,206.99,8.53,59.25,22.06,606.56,55.02,64.49,38.72,21.01,113.49,17.08,196.52,438.4,127.86,199.97,50.1,44.01,196.93,211.7884,314.79,43.12,190.96,17.67,38.5124,110.61,64.04,254.03,18.66,1005.0,286.37,168.62,158.14,18.52,10.17,59.89,13.48,56.79
2026-03-05,66.15,66.15,68379.42,205.37,8.55,58.72,21.6,599.44,51.85,63.19,38.01,20.07,112.13,16.92,192.5,430.01,125.86,193.49,48.41,43.17,192.26,199.442,315.89,42.45,187.42,17.7,37.5904,108.83,63.64,250.94,17.89,930.01,279.7,166.33,152.02,18.37,10.02,59.76,12.91,56.3
2026-03-06,65.66,65.28,67313.5,207.01,8.98,56.85,21.14,594.03,51.25,61.3,37.95,19.45,109.62,16.64,195.06,423.04,121.66,188.92,47.66,43.08,189.43,193.1942,314.4,41.54,186.9,17.68,37.2435,107.02,62.34,245.52,18.33,916.5,278.48,166.82,148.6,18.06,10.09,58.87,12.5,55.69
2026-03-09,64.49,64.77,66890.27,203.94,9.03,56.48,21.24,582.07,50.28,61.44,37.4,19.37,108.1,16.39,192.77,417.57,122.3,186.2,47.61,42.78,189.29,194.2289,313.27,41.29,182.21,17.62,38.6511,104.4,60.78,244.32,18.12,917.99,271.16,170.35,146.43,17.7,10.5,58.15,12.49,55.63
2026-03-10,65.1,65.03,67397.94,199.63,9.26,56.92,21.01,591.29,51.44,60.68,38.0,18.89,107.9,15.73,191.43,419.5,123.05,187.73,48.83,43.24,193.8,198.6361,309.99,41.5,180.92,17.76,38.6809,103.63,60.9,247.03,18.45,966.99,277.78,164.28,149.3,17.38,10.38,59.05,13.34,55.33
2026-03-11,64.97,65.31,67559.78,203.78,9.51,57.55,20.95,592.04,51.08,60.88,38.05,18.82,106.41,15.93,192.9,420.12,123.43,189.58,48.23,43.23,194.25,200.9442,311.45,41.75,181.14,17.87,38.7602,104.86,61.07,243.78,19.39,963.34,276.15,164.66,146.94,17.56,10.44,58.49,13.7,56.61
2026-03-12,63.77,63.77,66085.81,198.51,9.79,56.84,20.52,574.09,48.7,59.71,37.31,18.62,103.52,15.36,191.67,404.15,120.51,185.29,46.79,43.01,187.7,190.8164,305.12,41.81,176.53,17.88,38.5619,103.21,59.4,236.41,19.08,955.93,271.5,164.13,143.52,16.95,10.21,56.88,12.6,56.12
2026-03-13,63.4,63.4,65648.91,196.74,10.11,56.35,20.62,567.75,50.4,59.53,37.23,18.71,103.89,15.09,190.35,401.96,120.38,184.49,47.18,42.85,189.38,186.1903,305.21,41.8,174.74,17.99,38.7503,101.22,59.8,235.55,18.58,906.02,269.43,164.79,144.81,16.94,10.32,57.03,12.62,57.11
2026-03-17,64.19,64.22,66196.92,197.76,10.23,58.2,20.93,570.21,50.95,59.07,37.72,18.65,102.49,15.44,188.65,411.67,122.52,180.5,47.98,43.09,192.02,191.2542,305.91,42.7,171.94,18.53,39.1765,103.61,60.26,238.85,18.83,880.79,272.7,165.64,147.49,16.85,10.44,57.69,13.11,57.53
2026-03-18,63.99,63.92,65779.23,198.17,11.3,58.54,21.19,569.76,51.81,58.17,37.26,18.36,103.61,15.24,188.13,414.31,123.98,182.62,49.01,43.11,192.03,185.0462,309.45,41.89,170.71,18.89,39.3054,104.23,60.46,241.5,19.11,858.55,274.18,167.96,148.82,16.67,10.39,58.71,12.9,55.94
2026-03-19,63.56,63.56,65199.4,197.05,11.28,58.99,21.21,580.88,51.07,58.64,37.07,18.31,103.27,15.15,187.78,425.72,124.36,177.59,47.57,42.71,189.69,178.9078,309.65,41.03,173.07,17.35,38.6511,104.15,59.09,247.29,19.26,789.58,273.93,165.46,145.86,16.87,10.54,58.07,12.67,56.67
2026-03-20,61.6,62.52,64134.9,191.44,11.2,60.77,20.97,571.94,50.88,57.52,36.58,17.94,101.38,15.11,182.01,421.0,121.91,174.31,47.19,42.6,184.0,172.869,308.37,39.16,170.08,16.31,38.7602,108.0,57.43,243.99,19.11,800.97,274.22,163.26,144.31,16.92,10.18,56.74,12.45,55.87
2026-03-23,62.79,62.58,64370.95,190.38,10.91,57.01,21.09,568.39,52.39,57.19,36.92,18.94,100.22,14.69,183.14,416.09,122.47,178.41,48.01,42.85,185.8,176.7788,304.3,40.17,165.71,16.62,38.4231,105.38,57.84,241.56,19.39,780.29,269.47,165.92,145.94,16.94,10.25,57.48,12.96,56.02
2026-03-24,63.87,64.02,65775.14,194.71,10.92,57.96,22.07,582.98,53.59,57.95,36.72,19.33,100.81,15.03,188.88,425.13,124.5,183.99,49.56,43.1,189.38,181.4846,307.14,40.61,167.71,16.77,39.0477,105.99,61.27,250.13,20.04,771.7,275.2,169.29,150.94,17.64,10.39,58.19,12.98,56.15
2026-03-25,66.23,66.23,68187.6,201.36,10.76,58.95,22.59,605.18,55.62,59.45,38.52,20.17,105.55,15.46,193.62,448.91,132.03,188.98,50.95,45.31,196.15,190.518,314.42,41.77,172.52,17.53,40.6437,109.26,65.2,259.39,21.25,795.91,290.36,174.23,156.37,17.76,10.26,59.07,13.6,57.74
2026-03-26,65.38,65.28,67061.34,199.26,10.89,58.78,22.36,598.64,54.29,58.66,37.61,19.76,105.47,15.6,191.7,435.03,130.95,192.23,50.31,44.23,191.23,186.25,314.04,41.19,170.22,17.67,40.1778,107.49,63.21,254.35,21.19,769.35,280.1,173.41,154.66,17.34,10.36,58.09,13.53,57.39
2026-03-27,65.49,65.34,66685.76,200.13,10.98,57.81,22.51,595.37,53.86,58.57,36.71,19.48,107.73,15.85,194.87,440.19,128.23,189.0,49.32,43.39,190.0,180.1813,317.5,41.34,172.94,17.28,40.8122,106.94,62.0,258.2,21.16,746.04,282.9,165.4,150.88,17.55,10.34,59.38,12.69,58.02
2026-03-30,65.71,65.53,67087.64,204.2,11.37,57.4,22.31,589.18,53.71,59.94,37.19,19.44,106.53,16.05,195.83,437.59,133.8,188.22,48.81,43.46,191.48,181.594,324.24,42.11,173.86,17.39,40.951,107.38,62.27,254.53,21.29,792.51,283.03,169.32,148.97,17.77,10.37,60.0,12.7,57.98
2026-03-31,66.96,66.68,68610.72,206.45,11.35,57.92,22.79,604.4,55.39,60.03,38.15,20.52,104.91,16.32,198.64,441.43,134.58,189.93,50.84,45.17,198.46,190.7269,328.1,42.44,174.53,18.16,42.0712,107.5,62.06,257.11,21.62,798.97,290.39,171.98,153.81,17.93,10.44,59.82,13.01,58.44
2026-04-01,67.09,67.48,69702.02,209.13,10.87,57.77,22.77,610.68,56.91,59.11,37.91,20.72,106.68,16.5,201.75,441.03,136.57,191.9,50.97,45.49,200.47,194.7661,322.95,43.15,176.72,18.73,42.8345,110.66,62.56,257.16,21.68,866.98,298.58,170.62,157.14,18.1,10.5,60.89,13.01,58.99
2026-04-06,67.19,66.96,68986.63,208.21,10.86,57.46,22.46,605.55,57.54,58.29,37.13,20.23,103.2,16.36,202.15,439.5,134.03,188.36,50.85,44.92,199.5,195.5421,321.98,42.86,175.82,18.44,43.34,111.26,61.85,255.38,21.37,855.76,288.55,168.34,156.84,17.69,10.41,60.98,12.7,58.5
2026-04-07,66.33,66.27,68529.22,204.55,10.78,57.4,22.74,590.37,56.44,58.71,36.11,20.1,103.97,16.37,203.38,429.01,132.43,187.53,49.27,44.37,198.0,194.6766,318.79,42.08,175.2,18.21,42.9138,110.09,60.8,245.78,21.36,869.51,290.63,167.82,151.66,17.71,10.32,60.06,12.26,57.9
2026-04-08,67.85,67.85,70221.76,209.52,10.51,57.4,22.89,622.47,57.37,59.49,36.96,20.62,106.41,16.69,201.33,439.06,138.53,189.27,50.94,45.47,200.13,205.7395,315.06,41.91,182.05,18.84,43.1021,110.99,61.3,255.0,21.49,930.2,296.14,166.51,153.99,18.15,10.34,61.34,13.52,59.1
2026-04-09,67.66,67.75,70314.19,212.5,10.43,55.93,23.57,620.31,57.51,57.78,36.61,20.68,105.3,16.4,199.83,436.34,144.5,192.92,51.73,45.36,199.33,202.6455,307.27,41.46,183.47,18.6,42.0018,110.25,61.69,253.5,21.33,999.99,294.66,165.22,155.23,17.83,10.1,60.86,13.45,58.59
2026-04-10,67.5,67.52,70023.39,213.71,10.32,55.47,23.58,602.48,58.32,58.0,37.11,20.63,104.93,16.53,201.79,425.29,148.66,196.52,51.26,45.14,198.74,205.2819,308.37,41.19,181.35,18.78,42.0414,107.85,59.75,251.43,21.3,950.0,292.12,167.12,151.69,17.7,10.38,61.46,13.4,57.79
2026-04-13,66.9,66.94,69595.13,212.8,10.83,54.65,23.04,590.24,58.48,57.38,36.81,20.59,105.16,16.47,202.82,408.6,148.75,196.56,51.34,44.87,196.65,206.4359,305.17,41.26,181.89,18.87,42.4082,106.68,58.98,244.87,21.8,958.0,288.86,165.9,149.6,17.6,10.14,61.31,13.11,58.44
2026-04-14,66.15,66.16,68941.46,207.83,10.59,54.2,22.68,587.21,57.42,57.3,36.73,20.42,104.01,16.44,198.54,404.7,149.25,194.03,48.87,44.22,195.31,205.252,302.96,40.86,177.89,17.88,41.5854,107.16,58.2,242.34,21.5,971.63,284.97,165.75,146.0,17.38,10.08,61.89,13.51,57.38
2026-04-15,66.85,66.87,69634.71,206.0,10.66,53.62,22.72,592.65,58.92,57.87,37.23,20.58,102.1,15.75,202.52,419.0,154.37,195.56,49.0,45.19,197.37,207.2617,303.91,42.01,178.21,18.11,41.8432,108.66,61.07,244.99,21.65,966.19,290.58,164.02,143.0,17.29,10.75,62.75,13.76,57.32
2026-04-16,66.45,66.57,69095.02,204.33,10.78,52.85,22.55,585.66,57.9,57.4,37.03,20.18,100.03,15.34,202.03,426.61,142.96,195.51,47.42,44.38,197.0,207.0229,299.53,41.34,177.02,18.98,41.5061,109.35,59.6,247.32,21.75,957.49,289.12,165.25,146.54,17.19,10.93,62.76,13.4,56.74
2026-04-17,67.01,67.01,69825.94,204.2,10.58,52.26,22.86,588.52,57.19,57.45,37.13,20.78,100.94,15.67,203.11,437.6,143.84,199.86,46.25,44.49,195.81,209.0922,301.13,41.32,180.08,18.84,41.5953,110.21,60.1,252.23,21.7,1008.03,291.53,179.11,148.36,17.46,11.29,61.96,14.05,56.23
2026-04-20,67.18,67.18,70083.73,207.8,10.8,53.31,22.75,574.65,58.14,57.54,37.67,20.79,100.33,15.58,202.79,432.01,143.76,210.94,48.16,45.05,200.02,209.3609,304.04,41.8,177.47,19.3,42.2892,109.03,61.8,253.68,21.69,1001.6,293.33,176.23,150.99,17.64,11.4,62.39,13.93,55.65
2026-04-21,66.42,66.3,68809.17,202.72,11.26,51.1,22.31,563.86,57.27,56.52,37.77,20.56,99.1,15.17,200.15,447.7,143.16,207.99,47.12,44.66,196.26,198.7953,300.56,41.31,174.86,18.7,42.2,107.67,60.86,250.05,21.42,970.01,289.91,176.57,147.78,17.25,11.18,61.56,13.72,55.37
2026-04-22,66.38,66.37,68836.92,205.03,11.33,51.8,22.38,564.3,56.48,54.72,38.19,20.43,98.51,15.15,197.13,457.42,144.4,208.5,45.4,45.03,195.65,200.9741,302.49,41.78,174.22,18.55,42.0712,107.21,59.49,250.33,21.45,989.01,287.49,176.44,149.77,17.15,10.72,61.71,13.44,54.88
2026-04-23,66.36,66.37,68631.16,213.44,11.21,51.35,22.73,548.0,54.2,54.13,38.54,21.86,101.05,14.92,198.11,458.83,143.79,204.95,47.27,44.64,192.53,195.5321,293.01,41.6,177.45,17.27,41.863,105.71,59.41,247.6,21.03,945.02,284.14,181.32,146.11,17.07,10.68,61.67,12.97,54.14
2026-04-24,67.18,67.18,69230.56,218.46,11.34,52.53,23.18,554.04,54.59,54.7,38.81,21.55,101.51,14.9,197.34,467.99,145.32,205.07,46.92,45.02,194.01,198.9744,297.03,41.61,178.15,16.79,41.3,106.4,60.14,254.79,20.99,966.95,288.31,182.54,145.5,16.87,10.72,63.14,13.12,54.3
2026-04-27,66.03,65.78,67992.36,216.16,11.24,51.91,22.44,535.8,55.73,53.6,38.41,21.27,100.49,14.76,196.51,443.9,141.31,198.59,47.15,44.6,191.9,195.7311,296.2,41.35,175.14,16.62,41.22,105.57,60.68,242.42,20.74,951.61,282.0,177.33,145.83,16.45,10.24,61.92,12.87,53.54
2026-04-28,65.35,65.34,67269.29,211.78,11.95,51.38,22.75,530.68,54.5,53.67,38.92,21.06,99.93,14.58,197.6,443.57,137.49,197.88,46.96,43.31,192.5,187.6528,296.0,41.09,175.7,16.31,41.7,104.13,61.42,229.8,20.58,909.31,279.2,176.29,142.13,16.36,9.9,62.0,12.63,53.28
2026-04-29,65.56,65.14,67097.06,208.0,12.46,50.47,22.98,524.0,54.19,54.46,38.64,21.36,100.93,14.37,196.29,431.98,135.46,203.96,45.98,42.24,189.25,189.165,294.34,39.47,173.39,16.3,41.28,103.3,58.35,232.0,20.73,884.29,279.52,171.28,141.19,16.46,10.04,61.6,12.55,55.4
2026-04-30,66.02,66.02,67858.09,209.99,12.5,51.51,23.24,531.18,54.97,59.38,39.3,21.46,102.21,14.15,206.33,439.94,133.33,206.03,45.65,43.0,190.37,190.518,303.69,39.45,176.95,16.43,39.46,103.24,61.43,230.5,20.83,886.0,276.58,174.68,146.66,16.6,9.97,62.34,13.05,55.23
2026-05-04,65.59,65.58,67283.6,209.75,12.17,51.0,23.25,523.67,53.14,58.49,39.13,20.8,101.51,14.23,208.21,431.99,131.6,201.07,45.06,42.9,189.02,188.1104,301.8,39.14,177.93,16.36,39.03,103.97,60.9,227.28,21.71,873.2,285.87,173.27,139.92,16.25,9.89,61.8,12.79,53.99
2026-05-05,66.68,66.58,68590.57,213.52,12.48,52.25,23.67,532.24,53.75,58.7,39.4,22.38,103.0,14.4,210.57,433.99,135.81,205.7,46.03,43.06,188.96,191.3238,303.19,39.86,185.05,16.24,39.38,104.58,61.99,232.38,22.4,894.53,293.77,171.99,138.29,16.43,9.96,62.12,13.05,55.5
2026-05-06,66.89,67.13,69855.23,218.66,12.25,52.5,23.39,536.01,55.65,59.46,39.65,23.4,102.85,14.33,210.35,429.48,135.92,208.36,47.06,42.9,192.63,201.183,304.09,39.75,184.02,16.79,39.38,104.32,61.74,229.33,22.64,975.09,292.02,174.42,142.07,16.38,9.93,62.83,13.5,55.82
2026-05-07,67.04,67.14,70019.45,219.03,12.02,53.4,23.15,538.51,55.7,60.25,39.32,22.75,101.54,14.03,206.63,433.88,140.0,210.61,47.21,42.96,194.8,202.8942,304.04,39.13,183.49,17.27,39.4,104.52,61.15,230.26,23.06,1022.0,297.47,172.11,142.88,16.32,9.89,61.79,13.6,56.83
2026-05-08,67.1,67.0,69855.58,222.01,11.57,53.39,23.45,531.61,54.47,58.5,37.79,22.61,102.0,14.34,208.32,425.35,140.2,212.38,47.25,43.15,192.82,204.6153,303.46,39.25,182.28,17.12,39.64,105.69,59.87,231.89,23.06,1016.0,294.85,169.61,142.25,16.25,9.87,61.5,13.3,56.86
2026-05-11,67.27,67.27,70246.3,219.94,11.47,53.67,23.63,538.25,54.4,59.3,37.98,22.87,103.07,13.63,211.43,424.0,142.17,217.43,45.75,43.29,192.14,206.1076,303.17,38.94,180.6,16.83,39.83,106.14,62.19,232.0,23.62,1042.16,296.15,171.99,144.44,16.42,9.88,61.79,13.09,57.4
2026-05-12,66.82,67.03,70036.66,216.32,12.14,52.86,23.35,535.25,55.1,58.95,37.59,22.7,100.0,13.46,214.99,422.12,141.43,217.29,46.18,42.8,191.52,208.3262,301.35,38.82,181.39,16.84,39.07,106.0,61.99,230.42,23.8,1045.0,288.78,165.03,145.99,16.5,9.84,59.9,12.71,55.62
2026-05-13,67.1,67.1,70187.45,218.5,12.2,53.16,23.36,523.53,55.19,58.34,37.74,22.73,96.38,13.32,211.52,419.49,141.47,214.19,45.37,42.13,192.92,214.1064,298.12,38.76,181.67,16.28,38.89,106.32,60.48,227.48,23.5,1058.58,291.99,164.0,140.25,16.63,9.85,59.86,12.63,55.53
2026-05-14,66.05,66.29,69206.85,214.49,11.96,52.17,23.41,517.25,54.15,59.04,37.22,22.64,96.0,13.22,210.2,420.05,140.22,214.18,44.8,41.88,185.44,209.918,298.78,38.39,181.78,16.15,38.04,105.01,59.78,223.88,23.37,1024.48,283.78,162.42,138.81,16.26,9.82,59.35,11.98,54.5
2026-05-15,65.64,65.73,67976.5,216.0,11.73,52.17,23.13,513.23,54.7,59.19,37.27,21.82,95.61,13.21,210.39,413.32,138.94,210.2,43.99,41.92,184.04,201.0636,298.23,38.28,180.84,15.71,37.8,104.54,58.99,222.96,22.54,951.99,278.96,164.38,139.52,15.96,9.94,59.23,11.46,54.82
2026-05-18,65.71,66.34,68405.2,219.11,11.5,50.92,23.22,513.03,54.22,58.0,37.6,22.0,96.61,13.34,211.08,419.5,137.02,208.83,43.59,42.56,188.03,199.3723,299.28,37.99,182.76,15.72,37.98,106.1,58.39,226.41,22.24,946.87,280.65,166.67,140.35,16.33,9.81,60.11,11.06,55.96
2026-05-19,65.71,66.62,68555.63,218.64,11.71,50.63,23.23,521.62,55.53,59.89,37.52,21.4,98.55,13.36,211.95,426.87,137.35,209.89,45.61,42.78,191.0,198.4272,297.51,38.56,183.2,15.92,38.5,104.8,59.5,224.8,22.55,942.1,283.81,168.61,139.47,16.5,9.83,59.32,10.81,55.5
2026-05-20,66.67,66.76,68893.93,220.87,11.7,52.36,23.1,536.5,55.73,59.94,37.04,21.93,98.23,13.52,209.64,431.82,135.09,210.32,45.8,42.87,188.05,201.9889,293.81,38.82,184.15,15.92,38.49,105.38,60.89,227.0,22.76,969.93,285.29,170.89,139.0,16.33,9.81,59.55,11.53,55.59
2026-05-21,66.67,66.31,68384.41,221.25,12.09,51.81,22.82,533.47,55.51,58.04,36.64,21.72,97.4,13.6,210.09,420.74,134.35,201.13,44.01,42.6,186.81,202.1082,294.49,38.08,185.08,15.63,38.05,102.67,59.63,225.94,22.16,967.49,278.08,168.86,139.31,16.36,9.68,59.01,12.0,55.16
2026-05-22,66.67,66.35,68333.47,221.17,12.15,51.64,22.66,523.01,55.25,58.22,37.0,21.83,96.01,13.75,209.93,416.34,134.86,201.76,43.03,43.08,191.22,204.8939,292.47,37.6,185.71,15.59,37.66,101.51,59.22,222.78,22.09,933.68,278.16,170.78,140.5,16.62,9.77,59.38,11.89,55.53
2026-05-25,66.38,66.31,68261.17,222.46,11.96,51.35,22.25,527.31,54.67,57.81,36.54,22.08,95.05,14.09,210.75,426.0,133.29,202.31,42.69,43.01,189.0,205.2023,295.61,37.65,187.98,15.65,37.47,102.94,59.49,227.49,22.01,932.81,274.01,168.61,137.67,16.54,9.65,59.96,11.92,55.26
2026-05-26,66.91,66.91,69197.57,225.91,12.14,51.56,22.48,535.9,55.89,58.74,36.81,22.67,94.97,13.98,211.09,422.49,136.42,206.46,42.27,43.18,193.33,212.5445,296.82,37.73,187.97,15.89,37.8,102.89,59.32,220.55,22.55,950.99,279.4,173.2,139.26,16.62,9.88,60.09,12.58,54.48
2026-05-27,67.81,67.72,70021.35,230.08,12.73,52.96,22.68,530.42,57.64,59.5,36.76,23.01,97.13,14.13,213.08,424.95,136.6,208.99,41.85,44.02,199.95,214.5143,297.42,39.05,190.56,16.06,38.1,103.32,60.48,221.73,22.56,987.98,283.22,177.58,143.47,16.65,9.9,60.73,13.11,54.75
2026-05-28,66.39,66.31,68866.28,225.21,12.54,53.03,22.35,519.86,57.04,58.87,37.21,22.63,97.65,14.12,209.22,411.98,133.33,210.94,43.87,43.24,185.15,214.1462,292.8,38.26,185.6,15.65,38.06,102.67,60.54,218.65,22.5,978.01,282.04,174.87,140.5,16.56,9.7,60.41,13.47,52.6
2026-05-29,66.13,66.13,68587.74,224.99,12.51,53.19,22.08,513.92,56.17,59.69,36.63,22.77,98.0,14.25,206.62,407.34,136.38,210.02,42.86,43.2,180.63,213.1911,291.39,38.4,187.08,15.96,38.45,102.99,59.12,217.77,23.37,1010.0,279.15,174.9,134.43,16.56,9.33,60.72,13.69,52.48
2026-06-01,65.75,65.78,68137.03,222.24,12.45,52.29,21.93,513.39,56.46,57.5,37.31,22.77,97.51,14.12,204.01,400.32,131.89,211.59,44.08,43.22,180.45,214.7232,290.45,38.58,185.07,15.63,37.6,102.44,58.8,217.51,23.34,963.0,273.99,177.78,139.01,16.05,9.28,60.17,13.15,52.14
2026-06-02,66.63,66.65,68890.33,222.96,12.25,53.53,22.22,524.89,57.18,57.99,38.06,22.67,94.12,14.0,207.45,414.92,135.49,209.7,44.73,43.4,182.66,218.7724,293.39,38.3,187.88,15.52,37.91,103.16,59.71,222.76,23.33,976.28,277.39,176.98,138.46,16.04,9.25,60.11,13.62,51.83
2026-06-03,66.32,66.35,68285.82,220.0,12.27,52.48,22.14,514.16,55.91,58.29,37.64,22.45,93.62,14.02,211.97,418.01,134.05,206.1,43.04,43.1,181.22,212.6141,294.39,38.1,186.51,15.25,37.7,102.75,59.11,220.05,22.95,953.0,275.48,172.8,135.06,16.05,9.08,60.06,13.79,52.05
2026-06-04,65.66,65.61,67392.19,217.83,12.19,51.12,21.9,506.64,56.1,57.14,37.8,22.39,92.83,14.17,211.59,414.21,131.93,204.35,42.13,43.07,179.89,210.3657,290.36,37.71,184.6,15.27,37.25,101.54,60.02,215.43,22.59,902.48,273.72,171.77,134.22,15.95,9.34,58.98,13.44,51.57
2026-06-05,65.09,64.83,66141.38,215.53,12.21,49.28,21.68,493.31,55.0,55.78,37.08,21.71,92.24,14.0,214.1,398.75,129.5,200.3,40.75,42.05,177.08,201.2129,288.01,36.92,185.04,14.7,36.66,100.72,59.57,211.83,21.92,839.1,266.06,170.2,131.01,15.77,9.21,59.15,12.71,51.11
2026-06-08,64.64,64.44,65650.23,215.08,12.6,49.51,21.71,491.54,55.55,56.0,36.81,21.11,90.33,14.17,212.87,393.1,131.33,199.04,39.18,41.89,175.73,201.4317,291.03,36.91,183.08,14.9,36.76,99.2,59.23,210.95,21.67,844.25,266.92,170.04,129.21,15.62,9.28,59.77,12.88,51.44
2026-06-09,64.64,64.27,65409.48,210.88,12.8,48.22,22.05,485.1,55.28,55.65,36.59,21.1,91.51,14.45,212.55,394.73,130.7,198.13,38.49,41.84,174.27,200.7154,292.14,36.16,181.35,15.14,36.68,99.59,58.82,210.44,21.59,810.34,270.12,167.74,129.59,15.45,9.76,59.17,12.95,50.58
2026-06-10,64.64,63.87,64821.61,209.37,12.72,48.15,22.12,480.76,54.59,56.78,36.03,20.57,90.88,14.4,215.58,385.08,136.66,194.22,36.2,41.69,174.62,196.9847,289.17,35.62,181.03,14.76,36.41,99.65,58.5,208.63,21.64,784.01,268.11,167.07,126.36,15.38,9.76,58.77,12.58,50.12
2026-06-11,65.64,65.82,66977.05,210.15,12.5,48.28,23.9,490.16,52.81,58.33,36.83,21.87,90.94,14.19,221.48,398.57,135.97,199.16,37.94,41.56,182.46,205.4112,293.79,36.52,184.42,14.82,36.87,99.99,58.14,213.83,22.03,804.0,274.16,169.6,126.0,15.84,9.88,58.58,13.14,51.71
2026-06-12,66.73,66.72,67954.55,210.42,11.95,48.29,23.92,494.97,55.18,58.24,37.04,22.31,90.89,14.25,222.73,407.52,138.97,202.0,36.91,42.21,187.96,208.2665,296.7,37.42,187.96,14.61,36.92,100.6,59.46,219.39,21.99,834.71,280.99,171.28,128.56,16.04,9.99,59.12,13.8,52.15
2026-06-15,67.22,66.96,68207.6,212.4,11.86,46.46,23.43,518.53,54.99,58.25,35.99,22.26,91.74,14.91,217.48,425.59,139.49,208.2,35.72,41.87,187.01,213.0717,292.33,37.45,185.07,14.73,37.23,101.13,58.89,235.98,21.74,853.1,281.26,170.88,130.08,15.95,10.2,59.2,14.43,52.69
2026-06-16,67.18,67.22,68482.94,215.29,11.89,46.91,23.12,525.98,55.33,58.0,36.36,22.36,93.02,14.66,219.27,431.45,140.57,208.07,38.02,41.7,189.94,213.3006,291.72,37.86,183.5,14.59,36.78,100.66,57.8,240.87,21.78,851.36,281.98,171.18,129.98,15.93,10.25,58.94,14.94,52.22
2026-06-17,67.68,67.28,68304.73,214.51,12.12,48.13,23.0,522.99,55.0,57.88,36.05,21.91,92.15,14.41,217.35,430.79,142.42,205.04,38.17,42.22,190.26,213.8776,291.99,37.93,186.67,14.72,36.71,100.02,57.6,241.6,21.64,826.63,285.16,175.13,132.4,16.05,10.5,59.65,15.0,51.76
2026-06-18,67.65,67.24,68265.11,210.59,12.15,46.63,23.01,534.33,56.12,57.16,35.47,22.15,90.21,14.47,219.41,441.5,152.81,205.07,37.82,42.28,191.61,213.1115,288.54,37.06,190.35,14.65,36.37,100.24,57.5,247.05,21.1,805.39,282.75,174.91,131.61,15.61,10.52,58.68,15.51,50.32
2026-06-19,66.77,66.8,67705.37,208.32,12.1,46.86,23.61,544.13,54.88,58.92,34.42,21.52,90.36,14.73,217.4,436.88,143.03,214.33,38.35,41.76,189.48,206.4359,287.07,38.37,181.26,14.97,35.92,101.52,57.85,237.31,21.2,804.01,272.46,177.19,128.87,15.88,10.05,59.4,15.1,50.96
2026-06-22,66.18,66.05,67125.26,206.29,12.55,46.11,22.65,521.13,54.77,56.2,35.42,21.8,89.11,14.48,217.2,430.6,138.11,204.64,37.4,41.15,188.04,209.2813,284.04,37.51,184.91,14.31,35.22,101.68,57.5,237.38,21.51,792.33,269.95,173.07,128.25,15.59,9.45,58.46,15.77,50.46
2026-06-23,66.04,66.04,66848.42,210.33,12.5,46.4,22.74,516.65,54.79,56.02,35.38,21.37,89.76,14.5,223.29,426.86,135.35,202.68,37.75,40.99,184.55,205.0431,280.58,37.17,188.09,14.42,35.17,99.91,57.31,235.06,21.57,788.26,274.15,173.55,127.49,15.52,9.5,58.21,16.13,50.68
2026-06-24,65.84,65.7,66278.01,211.24,12.51,44.88,23.0,531.18,54.85,55.21,35.24,21.12,90.75,14.5,216.27,432.95,133.75,200.12,37.73,41.0,182.16,195.6316,280.84,37.23,184.34,14.66,35.02,99.89,58.06,236.88,21.56,751.02,273.65,173.69,127.8,16.16,9.69,57.33,16.13,51.48
2026-06-25,66.43,66.61,67416.22,211.26,12.49,44.33,23.05,541.09,56.08,56.38,35.1,21.68,90.91,14.7,219.34,444.19,135.29,208.47,38.1,41.42,185.97,201.9391,282.99,38.24,185.2,15.04,35.75,101.49,59.47,243.69,21.92,791.0,280.12,175.96,130.81,16.4,9.61,58.65,16.55,51.12
2026-06-26,66.76,66.63,67226.01,211.78,12.53,44.37,23.2,536.74,55.86,57.09,34.92,21.51,90.51,14.61,225.2,441.57,133.83,208.11,38.24,41.01,182.9,198.9744,283.56,38.85,186.96,14.97,35.98,101.71,60.2,245.6,22.2,774.85,276.34,175.0,131.22,16.03,9.48,59.02,16.36,50.86
2026-06-29,67.13,67.13,67640.59,210.83,13.18,44.63,23.41,536.97,57.15,57.0,34.59,21.31,90.04,14.89,228.93,447.15,133.83,209.16,39.83,41.49,184.88,200.0986,282.5,38.89,186.16,14.9,35.52,101.79,60.9,246.32,22.9,779.1,282.58,177.07,135.62,16.21,9.66,59.66,16.2,51.1
2026-06-30,66.43,66.43,66966.68,209.12,12.78,45.8,22.73,536.12,56.65,57.1,34.85,21.0,89.49,14.5,223.5,441.9,130.51,207.84,37.9,41.68,185.2,196.6066,282.05,38.62,185.87,14.98,35.32,102.01,62.43,247.17,22.56,763.29,277.77,175.29,133.52,16.05,9.63,60.12,16.34,51.26
2026-07-01,66.79,66.69,67247.79,208.53,12.7,45.07,22.51,541.18,56.76,56.22,35.94,21.31,89.64,14.51,224.44,446.84,127.82,207.87,39.78,41.84,190.0,196.0097,278.61,38.56,185.3,15.56,35.2,102.92,62.8,245.87,22.58,769.41,282.21,180.09,136.84,16.12,9.5,60.56,16.21,51.02
2026-07-02,66.79,66.54,67071.11,207.83,12.74,45.42,22.46,543.93,56.72,56.6,35.99,21.43,89.62,14.46,225.47,438.44,128.8,206.43,38.92,41.45,188.53,196.4574,283.05,38.51,187.4,15.23,35.56,102.37,61.91,243.28,22.92,768.19,283.25,179.11,134.11,16.32,9.34,60.26,16.0,49.96
2026-07-03,66.41,66.41,67060.49,206.84,12.75,45.2,22.48,531.03,56.34,56.53,35.8,21.44,90.36,14.63,225.49,438.1,126.28,207.04,39.04,41.46,187.63,198.3277,281.56,38.44,186.86,15.33,35.35,101.62,61.41,243.75,23.0,772.99,282.0,179.53,135.17,16.07,9.38,60.58,16.02,50.18
2026-07-06,67.1,66.82,67466.46,205.75,12.66,44.78,23.04,537.01,56.84,57.15,36.54,21.41,89.0,14.52,226.3,442.76,129.07,209.93,39.06,41.68,188.33,201.3621,282.72,39.27,187.63,15.34,35.28,99.8,63.0,245.91,22.79,782.23,284.63,181.55,134.98,16.35,9.58,60.9,16.17,49.06
2026-07-07,65.74,65.74,66674.7,207.79,12.56,44.47,23.03,507.53,56.39,56.7,36.3,21.23,89.93,14.62,226.89,417.62,128.54,205.99,39.57,42.13,188.97,193.1146,287.01,39.13,185.91,15.28,35.73,99.82,61.74,234.83,22.36,768.52,283.94,175.53,134.41,16.26,9.62,60.87,15.84,49.94
2026-07-08,65.67,65.67,66609.64,206.12,12.69,44.66,23.18,499.28,56.19,57.03,36.2,21.36,90.34,14.5,224.71,416.0,128.74,205.65,38.74,41.9,187.67,195.363,284.21,38.72,183.45,15.04,36.01,101.3,60.86,236.19,22.4,769.4,284.21,175.34,134.35,16.43,9.53,60.58,14.79,49.78
2026-07-09,65.12,64.95,66107.28,202.46,12.6,44.77,22.7,496.03,54.96,56.1,36.02,21.66,90.0,14.5,222.73,412.12,125.94,203.62,39.3,41.17,185.51,194.8954,282.29,38.49,180.82,15.13,35.68,100.39,61.45,238.51,22.41,773.76,279.58,173.62,130.9,16.32,9.5,59.6,14.85,49.06
2026-07-10,65.12,65.13,66496.1,197.9,12.59,44.5,22.7,497.71,56.19,56.06,36.11,21.82,90.42,14.5,223.2,412.01,126.29,203.1,40.56,41.41,186.51,197.6015,282.99,38.13,182.08,15.2,35.46,100.61,61.0,235.73,22.53,786.85,281.07,173.22,132.1,16.15,9.74,60.0,14.61,49.31
2026-07-13,64.76,64.74,65973.08,197.76,12.5,43.88,22.86,487.01,55.75,55.97,36.23,21.79,90.75,14.5,225.36,407.66,124.84,199.89,39.86,41.34,181.91,194.7561,280.99,38.2,181.26,15.13,35.67,99.69,61.3,232.47,22.73,766.06,278.02,173.61,129.68,16.04,9.58,59.75,13.73,49.66
2026-07-14,65.11,65.08,66514.3,197.28,12.66,42.8,22.85,482.38,56.73,56.55,36.48,22.24,89.8,14.5,232.52,394.05,126.7,205.49,39.94,42.1,186.0,198.5864,280.31,38.53,180.0,15.12,35.47,99.91,61.39,235.49,23.06,782.26,281.88,175.02,129.51,16.26,9.49,60.04,13.53,49.32
2026-07-15,64.91,64.91,66399.71,196.69,12.7,41.84,22.8,492.89,58.09,57.5,36.74,22.64,89.5,14.5,223.27,398.24,126.73,206.03,39.15,42.1,183.98,198.9943,280.76,38.73,177.25,14.98,34.69,99.83,62.28,234.61,23.13,773.05,282.5,172.5,126.59,16.18,9.6,60.71,13.9,49.61
2026-07-16,64.87,64.85,66356.09,196.73,12.8,41.78,22.78,489.96,57.11,58.25,36.2,22.74,89.7,14.44,225.2,391.88,129.5,210.34,38.63,42.0,180.87,197.8303,286.75,38.91,179.47,14.85,34.57,99.8,62.56,231.98,22.78,775.38,283.0,173.42,127.25,16.52,9.52,61.02,13.69,49.59
2026-07-17,65.0,65.06,66634.23,200.48,12.58,41.21,23.0,490.0,57.45,58.0,35.8,22.69,90.12,14.8,225.68,386.0,133.84,211.11,39.54,42.2,181.34,199.0241,287.32,38.67,181.1,14.73,34.06,100.77,62.95,230.06,22.95,798.41,279.54,173.01,126.83,16.6,9.57,60.59,13.45,49.52
2026-07-20,65.0,64.65,66122.78,201.48,12.34,41.23,22.74,476.53,57.4,59.31,35.7,21.81,89.7,14.97,226.85,378.19,137.32,205.47,38.17,42.07,180.0,200.417,287.6,38.39,180.95,14.74,34.79,100.62,64.1,226.42,23.16,786.32,277.03,175.96,127.19,16.26,9.71,59.62,13.5,49.38
2026-07-21,64.87,65.16,66713.83,204.26,12.25,40.19,22.76,477.53,56.66,59.39,35.44,22.07,88.26,14.51,226.99,378.33,134.92,203.71,38.71,42.3,185.8,208.4655,282.6,38.4,181.05,14.43,34.59,99.81,61.5,225.89,23.43,796.51,279.74,173.74,128.18,16.29,9.7,58.78,13.87,49.15
2026-07-22,65.61,65.53,67303.83,205.63,12.43,40.07,22.7,473.55,57.14,60.3,36.27,22.17,87.01,14.54,227.98,378.4,136.75,208.71,39.79,42.75,191.99,213.2409,280.45,38.85,182.55,14.5,34.02,100.1,62.48,229.62,24.01,815.97,281.06,158.75,129.26,16.55,9.82,59.16,13.61,48.65
2026-07-23,64.69,64.69,66266.01,196.66,12.49,40.0,22.84,472.5,56.65,59.08,37.1,21.48,86.28,14.41,222.31,375.37,140.48,207.29,39.17,41.81,189.0,207.2816,268.11,39.2,179.34,14.0,33.32,100.09,62.02,227.18,23.98,801.01,278.49,158.93,127.24,16.86,9.79,59.52,13.23,47.27
2026-07-24,64.9,64.87,66383.26,198.62,12.49,40.66,22.8,468.21,58.21,58.26,36.92,21.18,86.91,14.79,221.92,377.44,141.63,203.32,39.8,42.54,193.04,206.2171,268.7,39.7,179.29,14.47,34.21,100.49,62.1,226.14,24.17,802.27,281.17,158.76,131.71,16.71,9.73,58.73,13.26,48.0
2026-07-27,65.77,65.77,67157.91,199.0,12.76,41.0,22.49,470.36,59.74,59.24,38.08,21.37,88.17,15.13,230.17,377.4,144.99,204.41,41.04,43.4,196.59,208.4257,269.0,39.92,189.0,14.52,34.46,102.5,62.26,228.74,24.4,815.1,283.8,161.55,133.49,17.15,9.93,59.95,13.61,48.52
2026-07-28,66.01,65.87,67307.54,198.22,12.83,41.7,22.48,472.22,60.67,59.5,39.54,20.99,90.31,15.25,222.17,379.13,152.0,210.22,40.42,44.98,199.12,208.2068,268.0,40.64,189.82,14.7,34.61,103.08,62.95,235.27,24.59,801.0,280.06,160.61,139.19,17.32,9.86,60.98,13.76,48.74
2026-07-29,65.2,65.1,66479.89,197.8,12.94,41.96,21.77,474.33,59.63,59.96,39.35,20.51,90.08,15.73,211.26,379.85,150.0,202.77,40.88,44.43,197.01,206.7245,267.17,40.39,186.22,14.46,34.24,103.63,62.61,233.18,24.22,788.01,277.62,161.0,136.02,17.34,9.86,60.72,13.29,49.54
2026-07-30,65.86,65.85,67290.4,199.11,12.82,42.41,21.99,479.69,58.14,60.83,38.73,20.74,90.4,15.51,219.7,382.13,146.96,201.14,40.27,44.52,200.9,211.1914,268.28,40.34,189.04,14.5,34.39,104.84,61.9,233.94,24.31,815.86,276.82,161.1,141.77,17.57,9.94,59.65,13.74,50.34
2026-07-31,65.61,65.61,66936.99,197.82,12.87,42.16,22.0,478.58,57.55,62.08,38.55,20.54,90.22,15.63,221.95,376.64,147.68,198.93,40.21,44.63,199.64,207.2219,258.23,40.19,187.94,14.67,34.22,103.93,58.47,231.05,24.49,796.35,274.44,158.02,142.52,17.63,9.79,59.86,13.55,50.36
2026-08-03,65.25,65.21,66697.22,195.14,12.64,41.72,21.68,481.34,56.81,61.16,38.29,20.6,90.68,15.88,217.81,377.5,148.29,198.2,40.54,44.1,198.18,210.5348,263.2,40.01,185.35,14.61,33.46,104.44,57.48,230.9,24.39,794.99,275.52,156.23,145.47,17.5,9.67,59.64,13.94,49.94
2026-08-04,65.56,65.49,66833.16,194.3,12.73,41.01,21.54,476.91,56.73,61.07,38.64,20.1,90.66,15.85,218.19,382.0,153.9,198.44,40.63,43.5,197.72,216.3847,263.07,40.29,187.87,14.52,33.47,104.94,57.65,239.84,24.32,788.8,277.51,157.87,143.28,17.39,9.6,58.81,14.34,50.13
2026-08-05,65.01,65.04,66525.18,193.7,12.52,41.33,20.74,469.81,57.92,61.37,36.76,19.9,90.01,15.5,214.59,374.0,144.62,194.52,40.68,43.2,199.03,221.5083,256.62,40.27,187.07,14.34,32.45,104.8,56.25,235.58,23.81,836.42,272.88,157.43,143.08,17.16,9.49,58.09,14.39,48.65
2026-08-06,65.1,65.02,66396.15,194.64,12.59,41.8,20.62,477.96,57.53,60.64,37.03,19.48,90.12,15.69,210.07,382.0,144.35,196.53,40.46,43.41,199.0,218.0063,253.56,40.15,188.0,14.11,32.47,104.36,56.18,237.7,24.02,850.99,274.36,157.94,143.02,17.15,9.8,57.82,13.97,49.01
2026-08-07,65.24,65.34,66938.64,197.94,12.54,41.76,20.41,475.59,57.78,61.21,37.48,19.48,91.12,15.95,209.34,382.39,145.31,198.93,40.97,43.49,199.74,224.2939,254.51,40.73,189.0,14.37,32.99,104.59,56.99,236.74,23.76,885.98,277.56,158.0,143.83,17.31,9.77,58.9,14.06,49.6
2026-08-10,64.86,64.61,66438.58,195.79,12.55,41.69,20.52,472.89,57.28,61.52,37.52,19.43,91.65,15.91,205.6,370.28,141.24,199.15,41.36,44.08,197.03,223.8462,255.42,40.38,186.29,14.22,32.78,106.8,56.9,232.51,23.6,893.72,271.92,158.0,142.11,17.03,10.01,58.71,13.89,48.3
2026-08-11,63.95,63.75,65564.76,193.58,12.43,41.4,20.03,463.06,56.41,61.64,38.0,19.16,91.7,15.89,201.71,364.14,142.8,198.44,39.08,43.61,191.56,220.8118,251.62,39.51,187.39,14.04,32.55,104.81,56.23,232.53,22.97,884.2,268.93,156.81,137.07,17.2,9.68,58.81,13.51,48.56
2026-08-12,64.0,63.96,65755.97,193.74,12.26,41.6,19.84,468.25,56.78,60.84,37.52,19.23,91.87,15.27,200.41,365.27,144.6,200.06,39.04,43.25,194.0,223.3388,252.37,39.78,187.1,14.05,32.87,104.74,56.56,233.25,22.54,895.93,265.8,156.03,137.18,17.26,9.77,58.72,13.54,48.02
2026-08-13,63.03,63.03,64826.39,193.37,12.68,40.51,19.87,454.31,56.59,61.05,37.18,18.91,93.37,15.26,198.28,356.15,140.89,194.81,38.49,43.06,191.91,218.255,254.21,39.41,186.08,13.83,32.31,104.37,56.2,229.09,22.6,870.91,262.83,155.12,134.93,17.02,9.78,57.68,13.66,47.12
2026-08-14,62.74,62.66,64397.45,192.37,12.41,40.22,19.97,449.82,55.74,60.38,37.73,18.89,92.08,15.31,201.18,351.99,137.64,192.41,37.96,42.51,188.0,215.8574,253.05,39.13,184.36,13.68,32.29,103.13,56.38,219.62,21.77,849.67,261.03,150.28,133.01,17.15,9.91,57.93,13.5,47.41
2026-08-17,62.3,62.45,64254.98,190.57,12.27,40.61,20.2,446.96,55.63,58.39,36.71,18.95,90.94,14.78,199.75,349.99,137.24,192.8,37.58,42.55,187.7,217.3497,250.46,38.69,184.84,13.67,32.01,102.2,56.6,219.49,21.58,856.89,259.53,150.01,134.54,17.16,9.73,57.46,13.06,46.98
2026-08-18,62.49,62.33,63933.69,190.71,12.24,40.16,20.2,442.67,55.37,59.12,36.96,18.26,92.1,14.63,200.41,349.58,138.42,192.28,38.14,42.69,187.48,215.7181,251.52,38.54,187.0,13.54,32.1,103.1,56.26,214.31,21.86,840.21,254.66,150.09,134.48,17.22,9.42,57.83,12.6,47.14
2026-08-19,62.35,62.35,63999.26,189.05,12.26,40.3,19.99,439.71,55.91,58.9,37.07,18.15,92.69,14.79,201.34,349.0,138.93,192.29,38.68,44.07,184.48,217.8272,250.77,38.64,191.68,13.43,32.08,102.48,55.73,215.28,21.74,860.26,254.35,149.0,133.61,17.35,9.33,57.63,12.16,46.97
2026-08-20,62.61,62.71,64349.8,189.76,12.38,39.8,19.86,441.33,56.0,58.58,36.65,18.06,92.88,14.73,201.01,355.6,135.14,190.68,38.15,43.5,186.11,222.0554,252.22,38.62,191.72,13.27,32.15,101.2,56.13,215.19,21.76,889.2,254.04,152.42,136.43,17.47,9.2,58.39,11.74,47.59
2026-08-21,63.58,63.58,65729.18,192.8,12.46,40.26,20.13,444.99,56.54,59.87,37.48,18.83,93.02,14.68,203.95,358.37,139.38,201.52,38.52,43.9,188.47,235.7847,251.67,39.06,189.51,13.57,31.97,101.0,56.12,217.58,21.89,935.07,262.0,150.1,138.2,17.8,9.42,60.87,11.79,46.53
2026-08-24,63.7,63.7,65770.85,195.24,12.54,40.35,20.22,443.63,56.51,60.26,37.82,18.77,92.65,14.6,206.94,348.59,138.92,199.7,39.59,43.27,188.44,236.113,251.39,39.69,194.66,13.55,32.11,100.86,55.98,217.77,21.83,915.05,261.73,149.68,138.42,18.14,9.48,60.06,11.86,46.83
2026-08-25,64.3,64.3,66293.07,198.02,12.42,41.21,20.15,446.41,57.33,60.02,38.19,18.69,94.15,14.29,209.76,354.53,138.95,195.57,39.6,43.49,190.24,236.6104,250.28,39.96,197.88,13.54,32.34,101.0,54.81,220.0,20.81,941.69,262.97,152.94,139.52,18.26,9.4,59.31,12.04,47.68
2026-08-26,64.38,64.38,66191.11,195.52,12.19,41.2,20.09,445.42,57.71,59.99,39.0,18.68,94.39,14.72,208.53,365.0,136.41,193.56,40.16,43.97,193.5,233.1184,250.25,39.77,194.79,13.55,32.02,101.04,54.99,217.54,20.42,920.78,262.28,154.44,141.17,18.17,9.66,58.5,11.94,48.08
2026-08-27,64.06,63.86,65829.98,193.73,12.22,41.31,19.96,441.4,57.15,59.08,39.14,18.58,92.31,14.55,203.79,365.01,137.9,193.8,41.91,43.88,190.61,230.52,248.61,39.77,191.87,13.55,31.94,101.7,54.45,218.1,20.87,925.23,261.79,155.35,142.34,18.17,9.35,58.77,11.77,47.8
2026-08-28,63.6,63.54,65484.32,194.34,12.31,41.14,19.8,438.0,57.06,58.85,39.17,18.58,91.63,14.64,204.93,353.74,137.38,194.9,42.32,44.22,190.5,229.31,249.74,40.13,191.48,13.47,32.19,101.46,54.4,213.65,20.88,906.96,260.06,155.42,141.38,18.32,9.34,58.21,11.55,48.0
2026-08-31,63.37,63.43,65430.32,194.99,12.77,41.44,19.61,436.83,57.62,59.25,38.89,18.32,89.12,14.54,204.8,351.0,139.42,193.28,40.66,44.27,192.71,232.59,249.13,39.88,188.97,13.17,32.0,101.29,51.96,210.7,21.26,897.8,261.7,153.43,140.97,18.68,9.32,58.58,11.08,47.27
2026-09-01,62.56,62.56,64514.25,193.11,12.36,41.5,19.59,425.74,56.88,58.17,38.14,17.83,88.72,14.51,204.02,344.4,139.3,190.75,40.32,43.38,192.22,223.18,252.06,39.38,188.85,13.14,32.79,100.1,52.91,206.96,20.81,895.0,260.67,153.08,138.12,18.27,8.95,58.59,10.93,46.86
2026-09-02,63.1,63.11,64884.28,192.92,13.0,41.84,19.46,435.59,58.17,57.91,37.71,18.0,89.16,14.43,205.82,352.2,137.89,188.65,39.99,43.5,196.61,222.88,249.49,39.28,190.57,12.89,32.07,101.73,51.56,212.75,21.15,906.59,262.5,154.76,141.83,18.5,9.01,58.47,11.17,46.81
2026-09-03,63.25,63.39,65436.16,193.31,12.97,42.85,19.6,434.29,57.31,57.86,37.83,18.45,88.69,14.57,204.7,352.28,142.4,190.74,39.45,44.06,197.96,225.0,248.13,39.1,190.0,13.05,32.02,101.77,51.28,210.25,20.87,935.61,264.5,157.24,142.11,18.55,9.04,58.92,11.33,47.57
2026-09-04,63.12,62.98,64866.61,192.96,12.97,43.0,19.46,434.0,56.71,56.48,39.12,18.64,87.43,14.44,203.13,351.22,139.05,191.75,39.35,43.81,196.94,223.77,242.96,39.12,189.07,13.04,31.32,99.84,50.79,210.23,20.59,907.17,263.02,155.31,140.67,17.99,8.9,58.69,11.6,47.18
2026-09-07,62.85,62.95,64727.54,189.0,13.19,43.55,19.35,441.7,57.52,56.61,39.53,18.79,89.73,14.4,201.37,357.9,136.2,191.51,39.95,43.0,198.5,221.6,238.03,39.4,186.52,13.21,32.0,100.1,49.65,218.45,19.84,894.39,265.0,153.91,141.69,17.84,7.77,58.06,11.7,46.75
2026-09-08,62.94,63.02,65065.56,192.0,13.45,43.7,19.47,432.24,57.76,55.99,39.4,18.68,88.62,14.59,202.18,348.09,135.23,188.94,39.61,43.18,199.85,229.56,238.44,38.96,185.38,12.81,31.78,99.8,50.09,209.98,20.34,910.0,270.03,155.86,140.17,18.22,8.38,57.72,11.58,46.37
2026-09-09,62.82,62.79,64814.97,193.41,13.96,43.04,19.55,429.93,57.68,56.55,38.5,18.43,87.17,15.07,199.5,351.61,137.6,189.9,39.49,43.05,199.0,228.5,237.54,38.6,184.32,12.91,32.19,100.19,51.6,209.81,20.47,916.18,268.38,154.42,141.41,18.35,7.94,57.09,11.43,45.98
2026-09-10,62.41,62.41,64106.82,194.86,13.7,42.95,19.38,426.84,57.58,55.77,38.72,18.13,86.99,14.72,198.83,346.01,134.42,182.5,38.75,42.63,199.15,218.34,237.06,38.44,187.16,12.74,31.75,100.8,51.59,208.03,20.06,896.53,266.86,155.15,140.65,18.3,7.93,56.94,11.08,46.04
2026-09-11,62.2,62.23,63924.77,195.74,13.86,42.98,19.37,427.58,57.6,55.24,38.4,18.14,86.39,14.68,198.1,343.87,135.51,182.01,37.77,42.45,199.51,218.3,233.54,38.5,188.03,12.67,31.68,100.66,51.04,208.5,19.78,902.03,262.17,155.0,139.93,18.15,7.99,57.14,11.19,45.49
2026-09-14,62.89,62.89,64216.98,198.38,13.99,43.0,19.82,431.82,57.89,55.46,39.28,17.92,87.22,14.4,207.94,345.0,133.7,182.02,37.69,42.72,200.87,214.0,234.23,38.77,191.98,12.6,31.9,100.37,51.91,209.7,19.63,890.24,262.22,152.89,140.44,18.34,8.04,57.02,11.06,45.96
2026-09-15,62.47,62.41,63507.11,199.81,14.46,43.92,19.9,425.73,57.0,55.02,38.34,17.57,86.86,14.34,207.93,346.89,129.55,181.32,36.84,42.39,195.11,213.2,228.11,38.43,191.02,12.32,31.75,100.29,51.61,206.91,19.26,857.65,257.59,152.13,138.7,18.13,7.64,56.6,10.95,45.49
2026-09-17,62.47,62.66,63873.32,200.31,14.2,43.06,19.8,421.63,57.26,55.17,38.31,17.51,87.89,14.34,206.95,343.65,129.25,182.37,37.22,42.28,195.4,216.05,236.11,39.12,193.25,12.6,32.23,100.93,52.01,208.42,18.93,879.79,258.57,156.47,139.29,18.06,7.93,57.42,11.06,46.27
2026-09-18,62.48,62.14,63375.93,200.39,15.01,44.55,19.37,419.0,58.0,54.19,38.34,17.45,83.94,14.48,203.12,349.05,129.95,177.58,37.06,41.21,191.17,211.86,235.08,39.26,190.06,12.36,31.05,105.16,51.42,208.96,19.61,900.0,258.62,154.49,137.41,18.42,8.08,57.91,11.31,46.32
2026-09-21,62.44,62.38,63536.96,196.32,14.83,43.56,19.36,421.1,57.29,54.52,39.15,17.33,86.89,14.4,206.55,359.0,132.42,179.65,36.87,41.28,193.08,214.46,235.58,38.14,191.15,12.32,32.17,105.0,52.06,214.35,19.49,885.39,262.63,152.85,140.64,18.11,8.7,57.79,11.78,45.15
2026-09-22,63.01,63.15,64456.59,197.56,14.99,43.29,19.27,422.57,57.3,55.4,38.81,17.75,86.04,14.43,210.79,358.51,134.03,182.01,37.14,41.55,196.9,222.16,236.53,38.77,193.36,12.51,31.38,103.45,51.75,221.23,19.21,905.01,263.49,152.83,140.78,18.25,8.52,56.95,12.01,45.87
2026-09-23,63.03,63.14,64276.72,198.0,14.99,43.36,19.34,419.51,56.94,55.05,39.03,17.19,84.0,14.65,209.52,363.36,136.5,181.13,36.69,41.48,195.58,220.64,235.85,38.67,193.62,12.61,31.45,105.68,52.0,221.5,19.34,907.98,262.36,154.78,139.83,18.15,8.49,57.89,11.92,45.81
2026-09-24,63.19,63.29,64264.16,197.41,15.05,43.27,19.57,422.14,56.47,54.99,37.92,16.92,85.85,14.81,208.9,375.09,137.59,180.95,36.43,41.38,193.9,220.65,237.37,38.82,192.53,12.83,31.13,106.81,52.73,223.21,19.45,900.0,264.78,153.23,138.09,18.01,8.37,57.99,12.0,46.02
2026-09-25,63.85,64.04,64992.23,199.24,14.9,44.97,19.5,430.57,57.48,55.13,38.68,17.27,86.84,14.2,211.53,381.93,141.06,183.18,36.19,41.65,196.76,224.11,239.13,38.96,195.32,12.84,31.79,105.66,52.83,228.37,19.69,900.5,267.71,153.86,142.48,18.15,8.31,58.51,12.17,46.6
2026-09-28,63.97,64.09,64944.41,197.38,14.86,46.23,19.47,437.85,57.83,56.17,38.16,17.16,87.79,14.08,212.63,385.5,142.93,180.5,36.33,41.78,194.38,225.36,239.38,39.2,195.22,12.94,31.89,106.98,52.2,227.66,19.56,892.31,266.82,153.5,139.6,18.19,8.38,58.82,12.21,46.9
2026-09-29,64.2,64.2,65110.57,195.14,14.74,46.56,19.68,435.86,58.0,55.34,38.56,17.5,87.93,14.21,216.66,380.07,139.76,178.29,36.75,41.58,195.25,226.15,236.6,39.46,196.14,12.79,31.94,104.33,52.04,222.45,19.84,892.86,264.49,151.52,139.75,18.1,8.46,58.64,12.16,46.71
2026-09-30,63.12,63.15,64214.36,193.24,14.89,45.5,19.17,425.76,57.78,54.9,37.54,17.24,86.06,14.19,213.23,371.2,136.92,176.26,36.24,41.27,190.75,225.65,235.4,37.73,195.0,12.51,31.31,105.66,51.74,217.98,19.79,869.01,268.0,148.02,136.9,17.92,8.19,58.29,11.95,46.11
2026-10-01,62.55,62.59,63828.6,193.9,14.75,45.39,18.98,424.57,56.97,55.05,37.75,17.25,85.82,14.03,210.7,358.4,137.0,175.31,36.64,40.76,187.24,224.19,238.49,37.39,193.14,12.56,31.27,104.5,51.03,214.88,19.69,883.26,270.67,149.33,134.29,18.03,8.13,58.65,11.81,46.57
2026-10-02,63.28,63.22,64531.68,195.8,14.75,45.61,19.35,425.38,56.99,55.05,38.35,17.42,85.6,14.03,210.0,364.3,138.59,177.08,37.08,41.18,189.83,232.4,237.86,37.6,193.24,12.83,31.09,101.77,52.12,213.65,20.27,883.01,271.83,150.73,138.76,18.0,8.21,59.18,11.89,46.1
2026-10-05,63.93,63.88,64975.08,193.34,14.63,45.86,20.06,431.84,57.11,55.23,38.1,17.38,85.5,13.83,211.65,377.57,142.0,174.98,37.13,40.72,187.21,235.37,237.29,37.96,195.55,12.52,31.28,102.71,51.78,215.29,20.01,887.21,272.57,151.57,137.65,18.08,8.17,58.98,11.76,46.45
2026-10-06,64.06,64.04,65312.46,195.34,14.76,46.27,20.05,433.03,58.49,55.44,37.31,17.93,86.49,13.76,210.71,376.14,145.28,176.47,37.01,41.28,191.46,232.89,237.81,38.1,193.0,12.85,31.65,104.2,52.87,212.47,21.18,888.0,273.45,152.48,141.59,18.31,8.15,60.05,11.8,46.69
2026-10-07,63.36,64.04,64653.33,194.11,14.8,46.9,20.11,416.79,57.99,55.54,36.4,17.35,85.51,13.67,210.93,361.8,142.92,176.65,36.73,41.43,189.79,230.65,237.48,37.37,193.33,12.83,30.99,104.09,52.38,205.44,22.24,871.94,270.09,154.19,139.64,18.44,7.93,60.71,11.54,46.69
